{"id": 502066, "create_time": 1540780010, "create_datetime": "2018-10-29 10:26:50+08:00", "content": "444\r\n\r\n尝试写成一篇最真诚的招聘帖，不讲套话，不给兑现不了的承诺。尽量描述清楚我们在做的事情和技术架构，求志同道合者。\r\n\r\n## 我们是谁\r\n\r\n我们是支付宝-商家体验技术与工程效能团队。我们正在进行一场研发模式的自我变革，尝试从“工程师直接支持业务”的传统研发模式，逐步转变为“工程师支撑研发平台，由外包加平台支撑业务”的新模式。我们有大量的自动化场景和新技术要探索和实践，团队极速扩张中，非常期待你的加入。\r\n\r\n## 在做的事情\r\n\r\n我们已经建成两大平台来覆盖一部分设计和代码工作，未来将进一步建设覆盖需求的平台，实现从需求到设计、再到编码上线的完整链路。\r\n\r\n\r\n赤兔负责将一些简单需求自动生成能上线的页面或图片，无需工程师参与。\r\n金蝉专门提供给外包和后端用来开发页面以及接口，无需团队内工程师参与。\r\n\r\n### 赤兔\r\n\r\n![]( https://gw.alipayobjects.com/zos/rmsportal/SeCEzWSWyCLoBObXLAex.png)\r\n\r\n\r\n赤兔地址: https://chitu.alipay.com/\r\n\r\n### 金蝉\r\n\r\n![]( https://zos.alipayobjects.com/rmsportal/blelrkgUdVBVTucDuuoT.png)\r\n![]( https://zos.alipayobjects.com/rmsportal/sgarfasRwViOjDvvePUv.png)\r\n平台相关文章介绍在末尾。\r\n\r\n## 未来的探索\r\n\r\n### 目前平台的关系\r\n\r\n![]( https://gw.alipayobjects.com/zos/rmsportal/FXyTDuGOGQSyarIsOBAy.png)\r\n\r\n**正在实践的关键技术**\r\n\r\n![]( https://gw.alipayobjects.com/zos/rmsportal/fQDPEcOUJtqrSkkDSMSQ.png)\r\n\r\n矢量绘图核心是还没有开启的新方向，广求有经验的工程师来负责。\r\n\r\n我们团队既负责支撑支付宝五千万商家的业务，也负责平台的建设。团队成员有分工，但目标一致，都是为了实现平台完全支撑业务，将人力释放出来。相比于其他团队，我们更好地将业务支撑与实现技术价值结合在了一起，任何技术产出都有巨大的业务场景来验证和体现价值，在业务研发中也有明确的体系化目标作为成长的指引。\r\n\r\n## 团队文化\r\n\r\n我们非常重视个人能力的培养，例如：\r\n\r\n- 有专门的课程带领大家学习 web 研发体系的知识，能教会你手写 React，手写 Web Server，深入实践各种架构模式和新技术。\r\n- 每周一次的分享和思维训练。不走形式，气氛炸裂。每次分享都会由所有人一起指出缺点，当成演讲训练。每周一起思考一个话题，特别是程序员不太关注的领域，同样采取批评和自我批评的方式来交流，帮助大家实践系统思维。\r\n- 算法 /英语。一对一的师兄互相帮助和监督，技能类的学习大家一起沉淀在组内的文档中。\r\n- 健身 /吃喝玩乐。组里的长腿萌妹子每天都去公司健身房健身，晚饭后爬山看夕阳。当然也可以带你。\r\n\r\n我们追求的是拼命地工作，也拼命地生活。拼命工作是为了不辜负自己的青春、才华、家庭，拼命生活是告诫自己生命只有一次，要活得精彩。\r\n\r\n附上团队去沙巴、大阪以及各种浪的生活照~\r\n![]( https://gw.alipayobjects.com/zos/rmsportal/xceyEjJhkPIqeNQMTEWd.png)\r\n![]( https://gw.alipayobjects.com/zos/rmsportal/LqvLvTcFACmrNQHTeLby.png)\r\n![]( https://gw.alipayobjects.com/zos/rmsportal/IsGmbQEWVvReSjsQCZWb.png)\r\n\r\n## 招聘要求\r\n\r\n- 语言：JavaScript(前端或 Node.js)/C++\r\n- 扎实的编程能力，熟悉基本的数据结构和算法。\r\n- 前端要求掌握 React/Vue 的原理，了解实现的关键技术。\r\n- 后端要求掌握主流 Web Server 原理，熟悉后端常用设计模式。\r\n不满足上述要求的但仍然感兴趣的，请以你做过的项目或者对某个领域的深入研究来证明自己的能力。\r\n\r\n简历发送至: xiamidaxia@icloud.com\r\n\r\n## 相关链接\r\n\r\n- [十倍效能提升—— Web 基础研发体系的建立]( https://zhuanlan.zhihu.com/p/34790596)\r\n- [设计稿自动生成可用页面的展望]( https://www.cnblogs.com/sskyy/p/7813943.html)\r\n- [通天塔之石——企业级前端组件库方案]( https://www.cnblogs.com/sskyy/p/7002404.html)\r\n- [前端服务化——页面搭建工具的死与生]( https://www.cnblogs.com/sskyy/p/6496287.html)\r\n- [FDCon2018 演讲]( http://fdcon.topgeek.org/speakers/houzhenyu-2/)\r\n- [GMTC2018 演讲]( https://gmtc.geekbang.org/presentation/594)", "title": "[杭州] [社招] [18k-30k] Action !!! 可能是阿里最真诚的前端工程师招聘", "reply": 9, "click": 1309, "user_id": 219435, "user_name": "xiamidaxia"}