{"id": 659870, "create_time": 1586164016, "create_datetime": "2020-04-06 17:06:56+08:00", "content": "## 我们是谁\r\n\r\n动动电竞是一款**提供电子竞技和传统体育赛事直播、竞技性体育项目竞赛结果有奖竞猜游戏**的 App 。 我们拥有海南省旅游和文化广电体育厅所颁发的《开展电子竞技和传统体育赛事项目有奖积分竞猜平台试点》的许可，采取“获胜奖励积分”方式兑换奖品或服务，从而增强体育项目的娱乐性、趣味性和吸引力，大力拉动海南省的旅游消费。\r\n\r\n在海南建设自贸区、加速推进自贸港和海南国际电竞港的时代背景下，**我们致力于在合法合规的基础上研发和运营体育赛事项目相关的有奖竞猜游戏系统**，填补海南电竞产业的空白，为海南将来能够打造一个集“产业+文化+旅游+教育”于一体的电竞全产业链做出贡献。\r\n\r\n## 需求岗位\r\n\r\n### 软件开发工程师（ Ruby 或 NodeJS 后端应用开发方向）`薪酬区间：30-50K`\r\n#### 岗位描述\r\n- 使用 Ruby on Rails 或 NestJS （ on Node JS ）参与相关 C 端产品的 GraphQL 、Restful API 以及其他微服务的开发，交付高质量的代码并持续进行性能优化；\r\n- 践行 DevOps 思想，负责相关服务在 Kubernetes 集群中的部署和维护，确保生产环境的 SLA ；\r\n- 认同 「 Develop a team as a product 」。参与各类内部工程效率工具的开发，致力于持续不断地通过自动化手段和方法论提升团队及自身的工作效率；\r\n- 具有高度的 Ownership 参与产品设计和需求梳理，愿意从自身的专业角度出发与团队的其他成员一起探索持续提升用户体验的可能。\r\n\r\n#### 岗位要求\r\n- 熟练掌握 Ruby 、NodeJS （含 Typescript ） 中的至少一种，并拥有实际的项目经验；\r\n- 熟练掌握 PostgreSQL 、MySQL 、MongoDB 中的至少一种，拥有基本的 Redis 使用经验；\r\n- 对于 Kubernetes 拥有基本的了解，熟悉 Dockerfile 的编写；\r\n- 对于微服务以及消息队列、KMS 、服务发现等概念有着基本的了解；\r\n- 有编写自动化测试习惯，熟悉 CI/CD 流程，编码习惯良好；\r\n- 了解 Web 应用常见漏洞，了解静态漏洞扫描工具，安全意识高\r\n- 拥有良好的算法和数据结构功底，熟悉常用的设计模式；\r\n- 具备强烈的技术进取心和好奇心，热衷于关注相关技术的前沿发展趋势，有良好的沟通与合作精神，拥有优秀的问题分析及解决能力；\r\n- 习惯于使用 Google 、MDN 、Stack Overflow 而非 百度、CSDN 来获取知识；\r\n- 热爱元编程或函数式编程者优先；\r\n- 能够无障碍的阅读英文技术文档；\r\n- 有 GraphQL 、serverless 相关经验者优先;\r\n- 了解 React 、Webpack 等现代前端技术栈者优先；\r\n- 有参与开源项目经验，例如提交 PR 、翻译文档者优先；\r\n\r\n### 软件开发工程师（大前端方向）`薪酬区间：30-50K`\r\n#### 岗位描述\r\n- 参与一站式多端研发(Web 前端 / React Native App / 小程序 / PWA / NodeJS 中间件)；\r\n- 认同 「 Develop a team as a product 」。参与前端工程化建设以及各类内部工程效率工具的开发，致力于持续不断地通过自动化手段和方法论提升团队及自身的工作效率；\r\n- 具有高度的 Ownership 参与产品设计和需求梳理，愿意从自身的专业角度出发与团队的其他成员一起探索持续提升用户体验的可能。\r\n\r\n#### 岗位要求\r\n- 熟练掌握 JavaScript 、HTML 、CSS 等原生前端基础技术，熟悉 ECMAScript 的相关最新规范；\r\n- 熟悉 React 、Redux 、React Native 生态，拥有相关的项目经验并对 Immutable 和 React Hooks 拥有基本的了解；\r\n- 对前端工程化有一定理解，掌握 Webpack 、ESlint 等工具的使用和配置；\r\n- 基本掌握至少一种关系型或非关系型数据库的使用，熟悉 Linux 系统的常用命令；\r\n- 了解不同浏览器平台或终端的特性，能够很好地解决兼容问题，具备良好的 UI 交互实现能力；\r\n- 能够无障碍的阅读英文技术文档；\r\n- 具备强烈的技术进取心和好奇心，热衷于关注大前端前沿发展趋势，有良好的沟通与合作精神，拥有优秀的问题分析及解决能力；\r\n- 习惯于使用 Google 、MDN 、Stack Overflow 而非 百度、CSDN 来获取知识；\r\n- 有 Typescript 、RxJS 、GraphQL 、Next.js 、Nest.js 、docker 使用经验者优先;\r\n\r\n### 交互设计师 `薪酬区间：30-50K`\r\n#### 岗位描述\r\n- 参与体育和电子竞技 APP 的 UI 和 UX 设计，负责产品从设计策略到设计执行的全流程工作，主导视觉风格定义并形成可持续的设计准则；\r\n- 优先考量「好用的设计」而非「好看的设计」，关注产品上线后各类指标的数据变化并基于此进行产品的持续迭代；\r\n- 时刻监控分析流行产品设计趋势，研究目标用户审美倾向并优化现有产品；\r\n- 认同 「 Develop a team as a product 」。致力于持续不断地通过引入新技术和新方法来提升团队及自身的工作效率；\r\n\r\n#### 岗位要求\r\n- 能够熟练使用 Sketch 或 Figma 中的至少一种；\r\n- 有较强的审美水平和系统化设计能力；熟悉不同设备、不同平台的交互规范及体验；\r\n- 对于 故事板、用户角色、眼动测试 等常见的 UX 工具有着基本的了解；\r\n- 重视细节，追求像素级精神，热爱交互小动画，能用设计效果准确表达想法；\r\n- 具有极强的用户同理心，能够在技术和产品高强度压力下依然坚持视觉设计和体验设计的底线；\r\n- 具有强烈的好奇心，热衷于关注相关技术的前沿发展趋势，有良好的沟通与合作精神，拥有优秀的问题分析及解决能力;\r\n- 有 Dribbble 或 Behance 作品者优先；\r\n\r\n\r\n## 工作环境\r\n\r\n* 办公室位于海口 CBD 的全球贸易之窗，5A 甲级写字楼\r\n* 任选 MacBook Pro 16-inch (Intel Core i9, 1TB SSD, 16GB DDR4) 或相近配置的 Surface Laptop （也可选择使用自带设备 领取 BYOD 补贴）\r\n* [Herman Miller Sayl]( https://www.hermanmiller.com/products/seating/office-chairs/sayl-chairs/) 人体工学座椅 & 乐歌电动升降桌 \r\n* 办公室宽带使用 300M 电信精品网专线\r\n\r\n## FAQ\r\n\r\n* Q：是否必须在海口工作？ 能不能支持 Remote Work ？\r\n* A：我们基于海南自贸区的有关试点政策开展业务，因此我们目前仅提供 Base 在 海南海口 的工作机会且暂时不支持远程。\r\n\r\n* Q：在海口工作有什么优点？\r\n  * 在全国 169 个重点城市中海口的空气质量位于首位\r\n  * 二三线城市的物价水平，但我们依然可以给到一线城市一线互联网公司水平的 package\r\n  * 好吃的巨多，包括但不限于海鲜和甜品\r\n  * 受惠于海南自贸区政策，可以离岛免税购物，适合买买买。\r\n\r\n* Q：我依然对于该业务是否合规有所顾虑\r\n* A： 我们的网络文化经营许可证号是[ 琼网文[2019] 2669-225 号 ] ， 增值电信业务经营许可证号是[琼 B2-20190439] 欢迎查询。另可查询海口市人民政府官网的相关报道 （[http://www.haikou.gov.cn/tzhk/kfyq/201911/t20191119_1465558.html]( http://www.haikou.gov.cn/tzhk/kfyq/201911/t20191119_1465558.html) 请见文末部分）\r\n\r\n> 简历请投 `aGlAbGRpbmcuZWUNCg==`", "title": "[海南海口] [30-50K] 动动电竞招聘 前端工程师 & Ruby 工程师 & UX 设计师 & NodeJS 工程师", "reply": 66, "click": 5723, "user_id": 44018, "user_name": "linearsky"}