{"id": 201952, "create_time": 1435566028, "create_datetime": "2015-06-29 16:20:28+08:00", "content": "我们刚搬入中关村一加速器，团队5人。\r\n产品开发中，\r\n现在创业热、投资热，我们从自身的优势和积累出发，专门做0到1创业阶段的“卖水”服务。\r\n专门帮0到1阶段的创业团队解决与高级人才和资源的对接问题。\r\n\r\n虽然产品还没上线，但是，已经实现了收入了哦 ，签了好几个案例了。\r\n\r\n产品先从微信、移动web页起步，之后会做app。\r\n\r\n现在比较需要的是补充如下全职技术：\r\nPHP，做过YII最佳；\r\n前端，H5自不必说, 喜欢深入啃js尤佳。\r\n\r\n有兴趣的简历丢 zcrun#zcrun.com，薪水给到你满意，期权给到你高兴，\r\n每份简历创始人必亲自回复。\r\n\r\n欢迎勾搭。", "title": "虽然初创，刚拿种子，薪水给足，招个 PHP、前端工程师", "reply": 3, "click": 1711, "user_id": 124719, "user_name": "zcrun"}