{"id": 206080, "create_time": 1437021861, "create_datetime": "2015-07-16 12:44:21+08:00", "content": "公司：杭州大搜车汽车服务有限公司\r\n地点：杭州\r\n行业：二手车\r\n薪资：15k ~ 30k\r\n要求：\r\n1. 对技术有激情, 经常访问Github、Stackoverflow；\r\n2. 精通IOS或者Android开发, 能够深入理解IOS或者Android的消息运行原理；\r\n3. 理解Objc-C或Java的垃圾回收机制；\r\n4. 熟悉常用的网络框架和数据库框架；\r\n5. 熟悉常用的设计模式, 并能根据场景运用；\r\n6. 良好的编程习惯, 注重代码风格；\r\n7. 最好在Apple Store或者Android市场上有一个产品。\r\n\r\n简单这些，求简历，发送至：longjuncheng[at]souche.com", "title": "高薪+期权 招聘 iOS 程序员", "reply": 1, "click": 1050, "user_id": 127396, "user_name": "LightCity"}