{"id": 355446, "create_time": 1492423048, "create_datetime": "2017-04-17 17:57:28+08:00", "content": "![]( http://www.jammyfm.com/wordpress/wp-content/uploads/2017/04/201704111454311420.png)\r\n\r\n<br />\r\n\r\n# 先直奔主题说下我们的岗位\r\n<br />\r\n\r\n## PHP 后端开发工程师\r\n\r\n###  [我们可以给出的薪水范围] \r\n10K-15K\r\n\r\n###  [我们需要你做这些事情] \r\n\r\n1 、负责果酱音乐网站和 APP 的后台研发；\r\n\r\n2 、参与产品讨论、技术调研，解决开发中的技术难题；\r\n\r\n3 、负责业务数据的收集与分析，为产品、运营提供数据支撑。\r\n\r\n###  [我们需要这样的你] \r\n\r\n1 、计算机、通信、电子信息等专业专科及以上学历， 2 年以上 PHP 开发经验；\r\n\r\n2 、熟练至少一种后端框架 ThinkPhp ， Yii ， Laravel 等，熟悉 MVC 思想；\r\n\r\n3 、熟悉基本 SQL ，至少一种关系型数据库(MySQL/PostgreSQL 等)；\r\n\r\n4 、具有良好的沟通表达能力、学习能力、团队合作精神，工作认真负责。\r\n\r\n\r\n###  [以下几项可以为你加分] \r\n\r\n1 、有互联网产品工作经验，产品有一定规模的用户数；\r\n\r\n2 、活跃于 GitHub/Stack Overflow, 可以向我们展示你的账号；\r\n\r\n3 、以下社交账号也可以向我们展示，包括且不限于 V2EX 、知乎、微博、 Twitter 。\r\n\r\n<br />\r\n\r\n## 内容运营\r\n\r\n###  [我们可以给出的薪水范围] \r\n6K-8K\r\n\r\n###  [我们需要你做这些事情] \r\n\r\n1 、负责果酱音乐内容运营策略制定、执行、数据监测，以提升运营效率，确保运营目标达成；\r\n\r\n2 、定期策划相关专题，提高用户粘性；\r\n\r\n3 、结合公司资源，定期策划微信活动，提升粉丝数量；\r\n\r\n4 、协同媒体部进行内容选题，内容分发等，提高果酱音乐内容质量和传播量。\r\n\r\n###  [我们需要这样的你] \r\n\r\n1 、大专以上学历， 1 年以上内容运营经验；\r\n\r\n2 、具备较好的逻辑思维及分析观察能力，能从细节中发现问题；\r\n\r\n3 、强执行力。\r\n\r\n\r\n###  [以下几项可以为你加分] \r\n\r\n1 、了解国内音乐市场，并有自己独到的见解；\r\n\r\n2 、有活动策划，社区运营相关经验的优先考虑；\r\n\r\n3 、是个有趣的人。\r\n\r\n<br />\r\n\r\n\r\n## *应聘方式*：\r\n有意者请将简历发送至： hr@rockerfm.com 邮箱，并严格以“应聘职位-姓名-V2EX”为邮件标题\r\n\r\n ******  \r\n<br />\r\n\r\n# 下面来谈谈果酱音乐\r\n\r\n<br />\r\n\r\n###  [我们的事业很酷]    \r\n果酱音乐是国内领先的音乐新媒体，为全球 2000 多万读者提供独家、前沿的音乐类资讯报道，分享优质音乐内容。成立 2 年，旗下拥有媒体子品牌“摇滚客”、“公路 61 号”、“尖货队长”、“西三胖”，微信总粉丝达到 80 万，全网总粉丝超过 300 万。\r\n\r\n果酱音乐目前以成为音乐媒体圈的风向标， 2015 年 12 月完成天使轮融资， 2016 年 6 月完成 Pre-A 轮融资，发展势头迅猛。未来将立足媒体，以音乐人服务为核心，拓展至艺人经纪、演出、发行、宣传等一站式音乐服务。\r\n\r\n<br />\r\n\r\n###  [未来你将加入这样的团队] \r\n\r\n-核心成员来自百度、途牛等互联网企业\r\n\r\n-版本管理工具： Git\r\n\r\n-技术栈： PHP / Laravel / Memcached / Redis / Mongodb / Mysql\r\n\r\n-工作之余比较轻松，免费提供零食、不定期团队聚会\r\n\r\n<br />\r\n\r\n###  [我们的福利不一定最好但最用心]    \r\n\r\n五险一金双休这些都是必须的，另外你还将得到：\r\n\r\n1 、每天 3 点下午茶时间，无限量零食水果，请随意；\r\n\r\n2 、如果你也喜欢独立音乐，偶尔的免费演出，错过太可惜；\r\n\r\n3 、每月月初优秀员工评选，四位数奖金拿到手软；\r\n\r\n4 、开明的 BOSS 和逗比的同事，你开心就好；\r\n\r\n5 、节假日小礼品、生日小惊喜这些都不能提前告诉你，来了就知道；\r\n\r\n6 、地铁边高大上的商务楼，和堵车迟到 say byebye~\r\n\r\n<br />\r\n\r\n###  [来看看小伙伴们的工作环境] \r\n\r\n![]( http://www.jammyfm.com/wordpress/wp-content/uploads/2017/04/201704171730359948.jpg)\r\n\r\n-办公室一览\r\n\r\n![]( http://www.jammyfm.com/wordpress/wp-content/uploads/2017/04/201704171730345198.jpg)\r\n\r\n-办公室一角\r\n\r\n![]( http://www.jammyfm.com/wordpress/wp-content/uploads/2017/04/201704171730354878.jpg)\r\n\r\n-办公室一角\r\n\r\n![]( http://www.jammyfm.com/wordpress/wp-content/uploads/2017/04/201704171730376280.jpg)\r\n\r\n-果酱工位\r\n\r\n![]( http://www.jammyfm.com/wordpress/wp-content/uploads/2017/04/201704171730401952.jpg)\r\n\r\n-果酱休息区\r\n\r\n![]( http://www.jammyfm.com/wordpress/wp-content/uploads/2017/04/201704171730376455.jpg)\r\n\r\n-猝不及防鸡翅趴\r\n\r\n![]( http://www.jammyfm.com/wordpress/wp-content/uploads/2017/04/201704171730407254.jpg)\r\n\r\n-温馨的生日会\r\n\r\n![]( http://www.jammyfm.com/wordpress/wp-content/uploads/2017/04/201704171730422958.jpg)\r\n\r\n-酒吧 high 翻\r\n\r\n![]( http://www.jammyfm.com/wordpress/wp-content/uploads/2017/04/201704171730361267.jpg)\r\n\r\n-包场看电影\r\n\r\n![]( http://www.jammyfm.com/wordpress/wp-content/uploads/2017/04/201704171730418185.jpg)\r\n\r\n-果酱音乐年会-酱心独运\r\n\r\n![]( http://www.jammyfm.com/wordpress/wp-content/uploads/2017/04/201704171730394108.jpg)\r\n\r\n-开放日宣传\r\n\r\n![]( http://www.jammyfm.com/wordpress/wp-content/uploads/2017/04/201704171730386110.jpg)\r\n\r\n-果酱开放日-杭州站\r\n\r\n![]( http://www.jammyfm.com/wordpress/wp-content/uploads/2017/04/201704171730395669.jpg)\r\n\r\n-果酱开放日-济南站\r\n\r\n<br />\r\n \r\n###  [我们的速度不快，但每一步都在前进] \r\n\r\n2015/1/3   果酱音乐网站上线\r\n\r\n2015/8/14  海盗电台全网播放量 100 万\r\n\r\n2015/8/16  果酱南京开放日于 APE 酒吧举办\r\n\r\n2015/9/12  果酱济南开放日于班卓酒吧举办\r\n\r\n2015/10/20 微信粉丝 10 万\r\n\r\n2015/10/30 获得数百万天使融资\r\n\r\n2015/11/28 果酱杭州开放日于酒球会举办\r\n\r\n2016/2/28  果酱成都开放日在小酒馆举办\r\n\r\n2016/3/15  网站新增“音乐人”频道\r\n\r\n2016/3/27  首次剧场开放日在南京举办\r\n\r\n2016/6     获千万级 Pre-A 轮融资，银杏谷资本领投\r\n\r\n<br />\r\n \r\n###  [他们这样记录果酱音乐] \r\n\r\n1 、组过乐队的程序猿，创办果酱音乐实现音乐梦想： http://it.sohu.com/20160426/n446186527.shtml\r\n\r\n2 、 [独家] 果酱音乐获千万级 Pre-A ，一条从音乐人“曝光”需求延伸出的商业路径： http://36kr.com/p/5048447.html \r\n\r\n3 、果酱音乐，如何帮助中国音乐人找到传播路径？： http://disansheng.baijia.baidu.com/article/524934 \r\n\r\n4 、切入演出、网生内容、电视的“果酱音乐”，不仅仅是音乐垂直新媒体： http://www.lieyunwang.com/archives/235958 \r\n\r\n5 、把创业当成摇滚演出 果酱音乐认真专注“亚文化”： http://mt.sohu.com/20160425/n445964119.shtml \r\n\r\n6 、音乐宣发平台果酱音乐获银杏谷资本领千万级 Pre-A 轮融资： http://www.askci.com/news/hlw/20160623/09064032729.shtml \r\n\r\n<br />\r\n\r\n***   \r\n\r\n# 欢迎关注我们哟\r\n\r\n果酱音乐网站： http://www.jammyfm.com/ \r\n\r\n果酱音乐微博： http://weibo.com/mrmaybe\r\n\r\n微信公众号：（亦可在网站首页右下角扫描添加）\r\n\r\n—摇滚客： Rockerfm\r\n\r\n—果酱音乐： guojiang_music\r\n\r\n—公路 61 号： Highway061\r\n\r\n—西三胖： HBr_3Fat\r\n\r\n—尖货队长： jiandui_buy\r\n\r\n<br />\r\n\r\n***  \r\n![]( http://www.jammyfm.com/wordpress/wp-content/uploads/2017/04/201704111456553935.jpg)\r\n\r\n___", "title": "[南京招聘] 可能是全南京最有趣的互联网公司招 NB 的 PHP 和内容运营，快到碗里来！", "reply": 4, "click": 1856, "user_id": 224474, "user_name": "xiaoxinlailejam"}