{"id": 812302, "create_time": 1635799030, "create_datetime": "2021-11-02 04:37:10+08:00", "content": "**Jerry.ai 是总部位于硅谷的明星人工智能金融互联网高科技公司, 聚焦万亿级市场，我们为数百万用户提供最佳人工智能金融产品选购平台。近来，公司完成了新一轮上亿元级别融资, 并被领英提名为全美创业公司 50 强。我们正在致力于大规模的团队扩建，希望寻找热爱技术，喜爱技术挑战的人才加入我们的团队。**\r\n\r\n![]( http://ww1.sinaimg.cn/large/001UX2CNgy1grqfdhi04zj60u01s211202.jpg)\r\n\r\n**薪资福利**\r\n\r\n* 匹配一线大厂的诱人薪资\r\n* 公司提供顶配笔记本和显示器\r\n* 四周带薪年假，补贴健身费用\r\n\r\n**面试流程**\r\n\r\n1.收到您的简历后，如果符合要求，我们会通过邮件与您联系第一轮 coding test 。\r\n\r\n2.您有两天时间完成 coding test 。通过之后 HR 会邀请您进行一次非技术面试，以了解您的更多信息，如薪资期待等 。\r\n\r\n3.HR 面试之后是三轮技术面试。第一，二轮面试和国内的技术负责人面试，第三轮和 VP Eng 或者 CTO 面试，全程中文友好。\r\n\r\n4.当完成了所有的面试，如果您对我们给出的 offer 感到满意，就可以通过第三方公证平台进行签约，期待与您共事 ：）\r\n\r\n如果您感兴趣，请把您的英文简历发至： annie@getjerry.com 邮件主题字段必须包含: Senior Software Engineer - V2EX ，我们会尽快和您取得联系。由于每日收到邮件较多，无法一一回复，希望大家见谅 :)", "title": "🚀🚀🚀 硅谷 Top 50 Startups 🔥🔥🔥100%远程+期权+双休+四周年假+各种福利补贴🌟🌟🌟", "reply": 4, "click": 1227, "user_id": 373519, "user_name": "JerryAi"}