{"id": 491203, "create_time": 1537427364, "create_datetime": "2018-09-20 15:09:24+08:00", "content": "头条校招内推码：RVK7RS5。需要自取，这个直接在校招官网投递的时候填写即可。\r\n\r\n\r\n欢迎牛逼的童鞋来索要白金码，dannyliu2016@gmail.com 。社招的同学也欢迎来聊\r\n\r\n头条的薪资福利应该不用多说了，期待一起做同事:)", "title": "头条校招内推码 [RVK7RS5] ，白金码免笔试直通面试。社招也大量需要", "reply": 10, "click": 1867, "user_id": 132452, "user_name": "dannyliu"}