{"id": 656789, "create_time": 1585291386, "create_datetime": "2020-03-27 14:43:06+08:00", "content": "### 自我介绍\r\n我是一名客户端开发工程师。平时喜欢思考，经常分享技术。 \r\n\r\n这里是我[简书]( https://www.jianshu.com/u/815d10a4bdce)\r\n\r\n![]( https://upload-images.jianshu.io/upload_images/1049769-dca7609a31e630fa.png?imageMogr2/auto-orient/strip%7CimageView2/2/w/1240)\r\n\r\n这里是我的[GitHub]( https://github.com/loyinglin)\r\n\r\n![]( https://upload-images.jianshu.io/upload_images/1049769-d4735bbf908318e7.png?imageMogr2/auto-orient/strip%7CimageView2/2/w/1240)\r\n\r\n现在就职于字节跳动，项目正在发展扩大，欢迎前来共事。 \r\n\r\n### 公司介绍\r\n字节跳动成立于 2012 年 3 月，目前公司的产品和服务已覆盖全球 150 个国家和地区、75 个语种，曾在 40 多个国家和地区排在应用商店总榜前列。\r\n\r\n字节跳动在海内外推出了多款有影响力的产品，包括综合资讯类的今日头条，视频类的抖音、TikTok 、西瓜视频、火山小视频、Vigo Video，以及 AI 教育产品、企业 SaaS 等新业务。\r\n\r\n\r\n[官网地址]( https://bytedance.com/zh/about#overview)\r\n\r\n![]( https://upload-images.jianshu.io/upload_images/1049769-cd1f43c2ad6fb563.png?imageMogr2/auto-orient/strip%7CimageView2/2/w/1240)\r\n\r\n#### iOS 开发高级 /资深工程师\r\n##### 职位描述\r\n```\r\n1 、负责今日头条产品的功能研发和性能优化，完成高质量编码和测试工作 \r\n2 、和产品经理配合，深度参与手机产品需求讨论，功能定义等 \r\n3 、设计良好的代码结构，不断迭代重构 \r\n4 、承担重点、难点的技术攻坚\r\n```\r\n##### 职位要求\r\n```\r\n1 、本科及以上学历，计算机、通信等相关专业 \r\n2 、具有扎实的编程功底，良好的设计能力和编程习惯 \r\n3 、熟练掌握 Objective-C，熟悉 Swift 的优先 \r\n4 、至少精通一门编程语言 \r\n5 、一年以上 iOS 开发经验,能独立开发 iPhoneApp 者优先 \r\n6 、有较好的产品意识 \r\n7 、积极乐观，责任心强，工作认真细致，具有良好的团队沟通与协作能力 \r\n8 、热爱移动产品研发，有较强的学习能力，有强烈的求知欲、好奇心和进取心 ，能及时关注和学习业界最新的移动开发技术\r\n```\r\n#### Android 开发高级 /资深工程师\r\n##### 职位描述\r\n```\r\n1 、负责今日头条产品的功能研发和性能优化，完成高质量编码和测试工作； \r\n2 、和产品经理配合，深度参与手机产品需求讨论，功能定义等 ； \r\n3 、设计良好的代码结构，不断迭代重构 ； \r\n4 、承担重点、难点的技术攻坚。\r\n```\r\n##### 职位要求\r\n```\r\n1 、本科及以上学历，计算机、通信等相关专业； \r\n2 、具有扎实的编程功底，良好的设计能力和编程习惯； \r\n3 、熟练掌握 Java，熟悉 Android SDK ； \r\n4 、有较好的产品意识优先； \r\n5 、积极乐观，责任心强，工作认真细致，具有良好的团队沟通与协作能力； \r\n6 、热爱移动产品研发，有较强的学习能力，有强烈的求知欲、好奇心和进取心 ，能及时关注和学习业界最新的移动开发技术。\r\n```\r\n#### 客户端开发校招 /实习生\r\n##### 职位描述\r\n```\r\n1 、负责今日头条相关客户端研发，编写高质量的代码； \r\n2 、和产品经理配合，深度参与产品需求讨论、功能定义等。\r\n```\r\n##### 职位要求\r\n```\r\n1 、乐观积极，沟通良好 ，有责任心； \r\n2 、热爱移动产品研发，愿意在移动开发领域深入钻研，并成为专家；\r\n3 、具有扎实的计算机相关基础；\r\n4 、有移动端相关开发经验者优先；  \r\n5 、每周保证至少 4 天实习时间，可以实习 3 个月以上。\r\n```\r\n### 地点\r\n字节跳动是全球化的公司，目前我们在北京、深圳、广州均有研发中心。\r\n\r\n### 联系\r\n邮箱： linweichi@bytedance.com\r\n\r\n简历直接投递到上面的邮箱。记得在邮件标题中标明地点和岗位哦～\r\n\r\n微信：loyinglin\r\n\r\n想要了解更多，可以加上面的微信，随时联系～", "title": "[内推] 字节跳动-头条小说&番茄小说", "reply": 10, "click": 1787, "user_id": 210143, "user_name": "loyinglin"}