{"id": 358872, "create_time": 1493804387, "create_datetime": "2017-05-03 17:39:47+08:00", "content": "春雨寄语—— \r\n如果你乐于挑战、勇于去冒险 \r\n如果你追求自由，不随波逐流 \r\n如果你仰望星空，又脚踏实地 \r\n那么，加入春雨 \r\n和我们，一起改变世界 \r\n\r\n春雨医生—— \r\n中国健康领域的先行者 \r\n也领跑着数字医疗行业 \r\n致力于移动互联网和智慧医疗技术 \r\n提供便捷、准确、优质的互联网医疗服务 \r\n构建出基于流程再造，资料整合和技术驱动的新型医疗服务体系 \r\n\r\n我们技术上“有态度”，立志将产品技术和用户体验做到极致 \r\n对于中国医疗现状，我们绝对是移动健康大平台 \r\n我们一直在努力让好的产品收获应有的价值 \r\n我们也坚持在代码质量等各个层面都能做出成绩 \r\n\r\n在此 \r\n希望等到你对春雨所服务事业的价值认同，期待能得到与您当面交流的机会，为春雨的未来事业争取更多令人欣喜的血液 \r\n我希望用你所收获的专业知识和思考，帮助春雨医生获得更多的关注、俘获更多的用户、赢得应有的价值 \r\n\r\n==============================☀社招岗位☀============================== \r\n❀服务器研发工程师（ python ）❀ \r\n1、为客户端编写服务器程序和接口； \r\n2、数据存储和计算分析； \r\n3、快速创建产品原型； \r\n4、搭建支持大规模用户访问的系统。 \r\n\r\n❀Android 开发工程师❀ \r\n负责 Android 平台的应用程序开发 \r\n\r\n❀数据挖掘工程师 /自然语言处理工程师❀ \r\n参与知识图谱，问答系统，推荐系统研发，并根据线上反馈提升效果。 \r\n参与中文分词，命名实体识别，句法分析的研发与应用。 \r\n\r\n❀web 前端开发工程师❀ \r\n负责春雨 PC 端开发以及移动端（主）的 web 研发工作；\r\n负责前端架构设计、组件优化等技术优化、技术创新工作；\r\n与设计师、后端研发等人员一起实现产品功能，优化产品用户体验；\r\nWeb 前沿技术研究和新技术调研。\r\n==============================☀春雨福利☀============================== \r\n1.免费的午餐; \r\n2.每年一次免费体检，捷足先登的医疗服务； \r\n3.弹性工作时间； \r\n4.每周享有的羽毛球、篮球、台球、乒乓球健身活动； \r\n5.匹配健身房、休息室的办公环境； \r\n6.每年 2 次自主加薪机会； \r\n7.10 天带薪年假。 \r\n\r\n有意者请发送简历至 recruit@chunyu.me，邮件标题为 名字 + 职位 +v2ex， \r\n您可以登录我们的网站了解更多信息: http://www.chunyuyisheng.com", "title": "[春雨医生] 招聘 Python 服务器研发 /web 前端/Android/数据挖掘/NLP ， 15~40k，海淀区学院路", "reply": 2, "click": 1698, "user_id": 187648, "user_name": "AmberH"}