{"id": 661141, "create_time": 1586498382, "create_datetime": "2020-04-10 13:59:42+08:00", "content": "最近因为疫情的原因离职了，招聘网上貌似也没什么机会，所以就来 V2EX 上看看。\r\n\r\n人在广州，工作地点可接受广州、深圳、佛山。\r\n\r\n之前在一家互联网金融公司上班，做的公司的产品项目和部分非大陆证券行情的项目。\r\n\r\n如果，贵公司还缺人在招人，麻烦留下您的微信或者邮箱，我将简历发送给您。", "title": "[广州]两年 Java 后端开发，求职", "reply": 5, "click": 1750, "user_id": 422818, "user_name": "Noting"}