{"id": 509722, "create_time": 1542707137, "create_datetime": "2018-11-20 17:45:37+08:00", "content": "互联网 AI 公司 招 运维工程师（系统和应用运维）\r\n地点：长宁区娄山关路（地铁 2 号线）\r\n工作时间：比较弹性，10-9-5 是普遍现象 \r\n\r\n看中 debug 能力 \r\n\r\n有意向的朋友欢迎投递简历至 hr@naodoc.com ，谢谢！\r\n\r\n应用运维工程师\r\n岗位职责：\r\n1. 负责公司内应用系统的日常运维，包括但不限于应用的部署、配置、监控、故障处理；\r\n2. 负责公司内运维新技术，平台，工具的调研；\r\n3. 协助完成公司内的运维体系建设，制定手册，优化流程；\r\n4. 协助运维开发人员收集、分析相关运维需求并转化为方案\r\n5. 协助部门完成其他技术相关事务。\r\n岗位要求：\r\n基本项：必要技能\r\n1. 熟悉 Linux 环境，了解 Nginx、HAproxy、Keepalived、DHCP、DNS 等原理\r\n可选项：符合其中 2 项即可\r\n1. 熟练掌握 Kubernetes 搭建、运维操作，理解 Kubernetes 架构、原理\r\n2. 熟悉 BGP 路由协议原理，有 calico 网络运维经验，有 calico 排障能力；有 kubernetes+calico 网络模型运维经验的优先\r\n3. 理解 ELK 日志系统的功能、原理、运维操作；有分布式 ElasticSearch 搭建经验优先\r\n4. 掌握 MongoDB、ETCD、Hbase 等 Nosql 数据库原理及运维操作；有 MongoDB 分片分表及高可用架构运维经验优先\r\n5. 熟悉 Ceph、Hadoop 等分布式存储原理，有相关运维经验的优先\r\n加分项：\r\n1. 理解 Prometheus 或 Zabbix 监控原理，有使用操作经验的加分\r\n2. 熟悉 Ansible，会写 playbook 的加分；有 Python、Shell、Golang 编写运维脚本能力的加分 \r\n\r\n系统运维工程师（ IAAS ）\r\n职位描述：\r\n1. 负责 IAAS 层相关 IDC，服务器硬件配置，Linux 操作系统环境的运维；\r\n2. 负责 IAAS 层自动化工具，效率提高的需求定位与分析；\r\n3. 协助完成公司内的运维体系建设，制定手册，优化流程；\r\n4. 参与项目以持续优化运维质量水平\r\n岗位要求：\r\n1. 本科或以上学历，计算机及相关专业，2 年以上运维经验；\r\n2. 有运维自动化、监控系统、配置管理系统、账户管理系统中一种经验；\r\n3. 运维 /开发过 vSphere/V-Cloud/OpenStack 者优先；\r\n4. 负责公司基于 Hyper-V/VMware/OpenStack 等私有云产品的架构设计、运维规划等工作；\r\n5. 负责组织和解决 IAAS 层日常运转中碰到的各项技术问题；\r\n6. 优秀的学习能力，出色的沟通能力，较强的分析和解决复杂网络问题能力；\r\n7. 认真负责、思维缜密、逻辑性强，良好的敬业精神和团队协作；\r\n8. 熟悉 Linux 环境下的工作，熟悉常规 shell 操作者优先；\r\n9. 有过 Python 开发经历，有过数据库使用经验者优先", "title": "[上海][AI] 求有经验的运维工程师", "reply": 4, "click": 1245, "user_id": 219863, "user_name": "doble0mercer"}