{"id": 502494, "create_time": 1540872051, "create_datetime": "2018-10-30 12:00:51+08:00", "content": "Golang 接口开发工程师\r\n任职要求：\r\n1. 本科及以上学历，计算机科学、统计学、运筹学、数学等相关专业\r\n2. 熟练掌握数据结构、算法及模式设计基础知识，有良好的代码习惯\r\n3. 熟练使用 Golang 编程语言进行数据工程开发\r\n4. 有 2 年以上后端或接口开发经验者优先\r\n5. 熟悉掌握消息队列，例如 ActiveMQ , RabbitMQ , Kafka,AWS Kinesis 等\r\n6. 对于 SQL 和 NoSQL 数据库使用有丰富的实践经验，特别是对于数据结构的优化与数据库高可用部署方面有深入理解\r\n7. 有较强的分析及解决问题的能力\r\n \r\n岗位职责：\r\n1. 针对药物晶体筛选流程中产生的过百万的药物分子进行数据工程开发\r\n2. 设计、开发并维护混合型分布式数据存储系统，并对此构建高效的数据挖掘框架与工具\r\n3. 设计并开发对接数据挖掘过程的 API，供业务分析人员、科学团队、工程团队使用\r\n\r\n薪酬：18-30k\r\n简历投递： cv@xtalpi.com ，标注来源。", "title": "晶泰科技获新一轮融资，热招 [Golang 接口开发工程师]", "reply": 0, "click": 954, "user_id": 330178, "user_name": "jingtai"}