{"id": 363688, "create_time": 1495685996, "create_datetime": "2017-05-25 12:19:56+08:00", "content": "[北京] 最有趣的 Global 游戏公司 FunPlus 招聘 C++分布式高级工程师 /游戏自动化测试开发工程师 /运维开发高级工程师 /网络安全运维工程师 /Web 前端高级工程师！！！！ \r\n\r\n坐标：北京市海淀区中关村融科资讯中心（地铁 4 号线中关村站和 10 号线知春里站附近 ） \r\n\r\n[公司简介] \r\nFunPlus 成立于 2010 年，是一家年轻而前景美妙的国际化互联网游戏公司！趣加在北京、深圳和美国旧金山都设有办公地点，400 多名员工中 30-40%是外籍员工，来自 20 多个国家！我们的产品主要针对海外市场，在 Facebook 平台的亚洲游戏开发商里社交游戏排名第一，全球排名第六位，在 Facebook 拥有超过 1500 万的月活跃用户(MAU)，日活跃用户超过 600 万；我们的目标是做出最棒的游戏，给全球游戏玩家带来欢乐！我们的团队成员年轻活泼，相互尊重，富有创新精神，致力于创作极富创意和令人着迷的游戏！ \r\n如果你想成为全球最好的 Game 团队的一员； \r\n如果你想在 3-5 年内成为估值 10 亿美金公司的一员； \r\n请在第一时间投递简历 \r\n虽然严格的末位淘汰和数据导向制度不会给予你朝九晚五的常规安逸； \r\n但一次次归零启航达成新的目标会让你看到这世界与众不同的美好风景； \r\nBest or Nothing! 我在 FunPlus 等你！ \r\n想了解更多趣加公司信息，请访问 www.funplus.com \r\n\r\n服务器端工程师 /高级工程师-PHP 语言优先\r\n[职位描述] \r\n1.使用 PHP 语言开发高效能数据、应用服务； \r\n2.完成系统架构设计、数据库结构设计、业务逻辑抽象、组件封装等编码工作； \r\n3.游戏后端性能优化，新功能开发。 \r\n[任职要求] \r\n1.计算机相关专业本科及以上学历，精通 PHP 相关主流框架； \r\n2.熟悉常用版本的 LINUX 服务器的安装、配置和调优； \r\n3.熟悉常用开发环境如 apache、php、mysql、nginx、memcach、redis 等的搭建、参数设置以及调优； \r\n4.精通 JSON、AJAX 技术和模板技术，精通 css+div 的页面设计以及 JS 脚本编写； \r\n5.能够快速定位和解决系统中的性能方面问题； \r\n6.稳定踏实、有极客精神，能够适应高强度和高压力的工作环境； \r\n7.至少 2 年以上知名互联网 /游戏公司开发经验，有 php 开发经验优先。 \r\n\r\nC++ RTM 分布式系统高级工程师 /架构师 \r\n职位描述： \r\n1. 负责游戏平台基础架构相关核心服务设计与开发 \r\n2. 参与游戏平台基础架构分析与改进工作, 提升平台稳定性,性能和可维护性 \r\n3. 设计高效、可靠的分布式服务系统 \r\n4. 设计高度可订制的日志及监控服务系统 \r\n任职要求： \r\n1. 至少 2 年 Unix/Linux 平台下高性能服务器端软件设计与开发经验，6 年以上经验优先; \r\n2. 精通 c/c++开发，能够熟练使用 Python/PHP/Ruby/Shell 等脚本语言辅助完成日常任务; \r\n3. 精通 socket 编程，熟悉网络协议(TCP/IP, HTTP)，具有很强的网络问题排查能力 \r\n4. 掌握常用的数据结构，算法，具有较强的分析，沟通，解决问题能力 \r\n5. 熟悉 Nginx,Redis,MongoDB,Memcached 等基础组件源码，熟悉 mysql 性能优化 \r\n6. 有大规模并发访问，中间件开发经验者优先，有 ICE,thrift,protobuf,msgpack 开发经验优先 \r\n\r\n我们的团队致力于实现一套强大的分布式架构系统，提供可靠的基础架构支持，基础的数据访问存储系统，快速响应业务需求。实现可全球部署的实时消息系统，以最小的延迟传输业务数据和实时聊天消息。 \r\n在这里，你可以了解如何搭建千万用户同时在线的系统，每天上亿用户访问的系统。如果你熟悉分布式系统，高性能框架系统，有激情有想法，那么欢迎你的加入。 \r\n\r\nWeb-PHP 全栈开发工程师 /高级工程师\r\n [职位职责] \r\n1. 负责 KOA 游戏官网、运营平台、网页类广告宣传页、活动页以及游戏工具 WEB 端的 Web 研发工作\r\n2. 负责 Web 端易用性改进及界面优化\r\n3. 配合游戏 PHP 后端人员持续改进平台\r\n [任职要求] \r\n1. 计算机及相关专业本科及本科以上学历\r\n2. 至少 1 年以上 Web 前后端研发经验，有 H5 制作与全站制作经验者优先考虑 ，有游戏经验者优先考虑\r\n3. 精通 JavaScript、Ajax 等 Web 开发技术\r\n4. 精通 HTML、CSS 等网页制作技术\r\n5. 熟练使用 PHP 开发业务配套的相关功能\r\n6. 对 Web 技术发展有强烈兴趣，有良好的学习能力和强烈的进取心\r\n7. 良好的沟通与表达能力、思路清晰，较强的动手能力与逻辑分析能力\r\n\r\n游戏测试工程师 /高级工程师\r\n职责描述：\r\n-根据游戏项目需求，设计测试用例\r\n-执行功能测试，兼容测试，性能测试等测试方法\r\n-跟踪并协助团队定位内部及线上 bug\r\n任职资格：\r\n-3 年以上手机游戏测试经验\r\n-熟悉 SLG 类型的游戏\r\n-良好的英文读写能力\r\n-熟悉敏捷开发的流程\r\n-熟悉常用的缺陷管理工具，例如 JIRA\r\n-热爱 SLG 类游戏或有相关测试经验\r\nQA 职位要求英语读写必须流利，公司内部有外籍同事，邮件和内部沟通是英文，其他职位对英语无要求\r\n\r\n丰厚项目奖金，6 险 1 金交齐 \r\n免费早餐、水果、饮料 \r\n午餐和晚餐补助 \r\n900+坪极佳的办公环境，按摩椅，健身房，游戏机魂斗罗，应有尽有 \r\n每年带薪年假 10 天起 \r\n加班打车全额报销 \r\n高逼格团建 \r\n\r\n薪水范围 10-35K/M \r\n\r\n欢迎砸简历： yan.liu@funplus.com", "title": "[北京] 最有趣的 Global 游戏公司 FunPlus 招聘服务器端 PHP 高级工程师/C++分布式高级工程师/游戏测试工程师/Web- PHP 全栈开发工程师！！！-坐标北京中关村", "reply": 1, "click": 1409, "user_id": 147650, "user_name": "mango21taste"}