{"id": 507803, "create_time": 1542182871, "create_datetime": "2018-11-14 16:07:51+08:00", "content": "[深圳]#顺丰科技#招 Linux 运维 /Python 开发中 /高级工程师\r\n\r\n是的, 就是那个服务又快又好的顺丰\r\n\r\n如果你满足下面的 1 条或者多条, 并且打算在拿完年终奖之后换换环境, 我想我们有的聊.\r\n\r\n- 批量 Linux 环境运维经验(数据库集群, 虚拟化集群等)\r\n\r\n- 有 KVM 虚拟化 / SDN 开发经验, 阅读过 kernel 代码\r\n\r\n- Python / JavaScript 前后端开发\r\n\r\n\r\n硬性指标如下:\r\n\r\n1. 本科学历\r\n\r\n2. 三年以上工作经验\r\n\r\n\r\n联系方式: UVE6IDIyNzI3ODc2NzUKTUFJTDogcWl1LnBpbmdAc2YtZXhwcmVzcy5jb20K", "title": "[深圳]#顺丰科技#招 Linux 运维/ Python 开发中/高级工程师", "reply": 10, "click": 1889, "user_id": 8019, "user_name": "qmake"}