{"id": 199827, "create_time": 1434699003, "create_datetime": "2015-06-19 15:30:03+08:00", "content": "微众招人了，曾经我们创造了小米手机营销的奇迹，今天我们将创造下一个行业的辉煌，位子、票子、妹纸、汉纸和乐子尽在微众传媒！和靠谱的人，做靠谱的事，创造传奇，期待有你！ 微众传媒，现已完成由鼎晖领投的B轮融资，计划于2016年上市。 微众能给您提供有吸引力薪资、实现梦想的平台，优秀人才还有期权哦。 欢迎有梦想、有能力的各方大牛与我们联系。 简历投递邮箱hr@weizoom.com\r\n\r\n职位描述:\r\n与产品设计师紧密工作在一起，实现产品UI、交互以及功能方面的开发需求，确保产品具有优质的用户使用体验\r\n职位要求:\r\n1. 5年以上PHP/Python/Ruby开发经验\r\n2. 熟悉Django或其他Web框架\r\n3. 能熟练使用jQuery\r\n4. 能熟练使用jQuery Mobile框架，有实际开发经验\r\n5. 对HTML5/CSS3有一定的了解和实践经验\r\n6. 3年以上使用(X)HTML、CSS和Javascript跨浏览器开发经验\r\n7. 有多个大型Web系统开发实际经验\r\n8. 有丰富的关于Web标准、易用性、浏览器端原理以及网站性能等方面的知识\r\n9. 有良好的团队合作精神,有责任感,有较好的沟通能力,主动性强\r\n\r\n优先条件:\r\n1. 有5年以上互联网产品开发经验者优先考虑\r\n2. 有丰富数据库使用经验者优先考虑\r\n\r\n联系方式：\r\n\r\n电话：13522696七一二\r\n邮箱： heyijun@weizoom.com\r\n地址：北京市海淀区花园东路11号泰兴大厦", "title": "招聘　高级 python 开发工程师", "reply": 3, "click": 2025, "user_id": 48031, "user_name": "Abael"}