{"id": 504653, "create_time": 1541402268, "create_datetime": "2018-11-05 15:17:48+08:00", "content": "核心部门，技术沉淀与发展前景俱佳，技术成长与可发挥空间大~\r\n高级~专家级别都有 HC\r\n有意向的盆友可以发个人简历或微信号到下面的邮箱，我会在 24 小时内给予回复~\r\n邮箱： yangshan05@meituan.com\r\n\r\n岗位职责：\r\n1. 关注地图业界技术发展动态和趋势，调研和分析公司业务方的地图相关需求；\r\n2. 制定地图相关技术解决方案，进行技术调研、选型和架构设计；\r\n3. 负责项目具体研发实现，配合其他团队解决具体问题；\r\n4. 持续对研发过程进行改进与优化，提高开发能力和效率。\r\n\r\n任职要求：\r\n1. 本科及以上学历，计算机、数学 /应用数学、地理信息系统等相关专业；\r\n2. 扎实的计算机专业基本功、写码能力，较高的技术钻研能力、技术难点攻关能力，分析问题解决问题的能力；\r\n3. 有 Linux 操作系统背景，2 年以上的 C++使用和项目经验；\r\n4. 互联网高并发处理经验；\r\n5. 较强组织能力、团队合作精神、良好语言表达及沟通能力。\r\n\r\n加分项（非必须要求）：\r\n地图产品或 GIS 系统开发经验 或 地图应用的后台开发经验。", "title": "[美团] 招聘 C++开发工程师/开发专家啦！", "reply": 5, "click": 1102, "user_id": 247047, "user_name": "Shanice"}