{"id": 667810, "create_time": 1588273484, "create_datetime": "2020-05-01 03:04:44+08:00", "content": "**企业简介**\r\n\r\nJerry Ai 是总部位于美国加州硅谷的高科技创新公司，目前在纽约州和加拿多伦多均设有分部。 公司由美国名校博士联合创立，联合创始人具有硅谷连续创业经验， 公司已获得美国顶级 VC 投资。 旗下产品利用大数据和人工智能技术与美国金融机构和保险公司进行数据对接与合作，从而为用户打造最快捷便利的人工智能金融和保险产品选购平台。自从我们的产品发布以来，在过去 15 个月内得到了迅速的增长（每月增长 30%以上）。我们正在寻找喜爱技术挑战、乐于深入研究代码库的软件工程师加入我们的队伍。\r\n\r\n我们技术团队背景多元化，有华人工程师从中国远程工作；大部分成员在旧金山湾区和多伦多分部办公。我们团队成员技术背景很强，有丰富的在知名科技企业的工作经历， 比如： 亚马逊、英伟达。\r\n\r\n如果你加入我们团队，可以在中国办公，地点不限。对有兴趣者，我们协助办理北美技术移民。（在过去几个月内，我们成功帮助四名团队成员办理北美技术签证）\r\n\r\n职位面向：软件工程师 (资深或应届)\r\n\r\n**我们的技术栈：**\r\n\r\n* Javascript (with Flow) codebase: NodeJS (Express), React, React Native\r\n* GraphQL API (no REST)\r\n* PostgreSQL DB (transactional)\r\n* Redshift (warehouse)\r\n* Redis (session storage, task queue management)\r\n* Sequelize ORM (exploring Prisma as a potential replacement)\r\n* Jest test runner\r\n* Infrastructure: Kubernetes cluster hosted on AWS EC2 nodes\r\n\r\n**工作职责：**\r\n\r\n* 参与产品设计、开发、测试、部署、维护，为改进产品提供反馈和建议\r\n* 合理安排各个项目的优先顺序，确保项目按期完成并实现目标成果\r\n\r\n**我们需要这样的你：**\r\n\r\n* 面向资深或应届毕业生\r\n* 本科及以上学历，计算机，软件工程相关专业，具备扎实的软件开发基础知识（数据结构，算法等等）\r\n* 熟悉现代 javascript (ES6+: Classes, modules, arrow functions, async/await, destructuring, etc.)\r\n* 熟悉 javascript 工具链以及常用的库\r\n* 熟悉 Web 前端框架，如 ReactJs, Vue.js 等\r\n* 了解服务器端渲染技术，以及 React Native 移动端开发\r\n* 了解 javascript 的最佳实践和一些常用的设计模式，具备编写高效简洁的 javascript 代码\r\n* 会编写和维护规范的测试集，有维护和管理大型代码 repo 的相关经验并且知道如何维护 repo 对代码的性能和* 可扩展性有深刻的理解\r\n* 乐于编写高质量的代码和测试集，并维护全面的代码覆盖测试\r\n* 具备良好的英文沟通能力\r\n* 年龄不限\r\n\r\n**加分项目：**\r\n\r\n* 熟练运用 React Native, GraphQL 以及 Apollo\r\n* 相关产品开发经验\r\n\r\n**我们可以提供：**\r\n\r\n* 年薪 25-80 万 人民币\r\n* 业务表现优秀者可协助办理加拿大签证移民\r\n\r\n**所招岗位工作地点：**\r\n\r\n* 远程\r\n\r\n如果您感兴趣，请把您的英文简历发至： hiring@getjerry.com 邮件主题字段必须包含：Software Engineer -China- V2EX，我们会尽快和您取得联系.\r\n\r\n所有的简历我们都会看的，由于每日需要处理的邮件比较多无法一一回复，希望大家见谅。", "title": "[远程] 硅谷 Jerry Ai 软件工程师招聘持续进行中", "reply": 0, "click": 1454, "user_id": 373519, "user_name": "JerryAi"}