{"id": 369544, "create_time": 1497855074, "create_datetime": "2017-06-19 14:51:14+08:00", "content": "###团队\r\n\r\n专注于室内环境领域的工作平台。团队目前 10 个人，室内环境领域博士带队。技术团队处于起步阶段，已经有 1 名产品、1 名设计、2 名 PHP 开发。还需要补充 1~2 名 PHP 开发。\r\n\r\n###工作环境\r\n\r\n大家都是年轻人，工作氛围平等、开放，没有任何复杂的东西。\r\n工作地点在深圳（福田区），上梅林地铁站步行 5 分钟，建科大楼。\r\n有食堂，还不错，12 点午饭，2 点结束午休，6 点下班。节假日正常休。\r\n\r\n###薪资\r\n\r\n基本工资 13~18k，年底双薪+绩效奖；五险一金、5 天年假，正常公司该有的福利和待遇都有；\r\n\r\n###对你的要求\r\n\r\n- 掌握相关 Web 开发技术，熟悉 HTML、CSS、Javascript、熟悉 Vue 框架；\r\n- 至少三年 PHP 开发经验，熟悉掌握至少一种 PHP 的框架（如：Yaf、ThinkPHP 等），有实际项目经验；\r\n- 熟悉 Linux 及 MySQL 数据库，能够根据项目需求独立建立数据库(表)并对其进行合理优化； \r\n- 开阔的技术视野，希望你从部署到开发到运维，都能有一定了解。不用精通；\r\n\r\n###联系\r\n\r\n- 简历发送： cuiqi@focusx.cn\r\n- 最好直接提供 GitHub 地址「 Talk is cheap. Show me the code 」", "title": "[深圳] 创业团队招 PHP 开发工程师", "reply": 3, "click": 1442, "user_id": 29486, "user_name": "Cui"}