{"id": 353160, "create_time": 1491534990, "create_datetime": "2017-04-07 11:16:30+08:00", "content": "饿了么作为中国专业的餐饮 O2O 平台，拥有千万级的日订单量。\r\n「基础交易研发部」是饿了么核心业务部门，主要负责饿了么的订单和金融业务。饿了么平台的每一笔订单，每一次支付，订单页的每一次展示，你的每一次点击...... 都是我们的服务和规则来带给你最好的体验~在这里，你将了解每一次外卖交易背后的种种细节，看到一个不一样的饿了么！\r\n\r\n前方高能！福利来袭！\r\n\r\n优雅舒适的工作环境\r\n\r\n听说 Mac 和工程椅是标配呢，还有机会获得 HHKB 哟~\r\n![]( http://ww1.sinaimg.cn/large/006CiwxMgy1fedy0vvl5kj30m60gmasi.jpg)\r\n\r\n花式办公区，想怎么折腾就怎么折腾~\r\n![]( http://ww1.sinaimg.cn/large/006CiwxMgy1fedy05vgb9j30mq0f4qik.jpg)\r\n\r\n还有躺上去就会自己动的按摩椅 & 吃不完的零食和咖啡~ o(*////▽////*)q\r\n\r\n丰富的团队活动\r\n\r\n技术分享，技术大咖带你飞，有机会参与全球顶尖技术大会哦~\r\n![]( http://ww1.sinaimg.cn/large/006CiwxMgy1fedxzuoahpj30ng0f4k0o.jpg)\r\n\r\n知识科普，资深理论科学家带你探索宇宙奥秘\r\n![]( http://ww1.sinaimg.cn/large/006CiwxMgy1fedxzkd7x4j30no0d3apw.jpg)\r\n\r\n团队精品打怪升级指南，分分钟带你升职加薪，走上人生巅峰\r\n![]( http://ww1.sinaimg.cn/large/006CiwxMgy1fedxyoivrrj30kj0fztpm.jpg)\r\n\r\n狼人杀高玩研究会，走过最多的路就是你们的套路 /(ㄒoㄒ)/~~\r\n![]( http://ww1.sinaimg.cn/large/006CiwxMgy1fedxyawa4mj30gd0co11a.jpg)\r\n\r\n春光正好，不如来一场说走就走的旅行~ 精彩的团建活动期待你的加入~\r\n![]( http://ww1.sinaimg.cn/large/006CiwxMgy1fedxxncbszj30ly0idnnn.jpg)\r\n\r\n当然，除了高能的薪资和福利，你还会收获一群有趣的、靠谱的小伙伴哦~ 御姐、萝莉、正太、大叔等你来撩~ \r\n\r\n那么问题来了，如此高逼格的大牛团队，到底需要怎样的你？\r\n我们需要这样的你\r\n\r\n招聘职位：\r\n\r\n•\t资深 /高级 /实习后端(Python/Java)\r\n•\t资深 /高级 /实习测试\r\n\r\n团队坐标: 上海\r\n\r\n相关技术：\r\n\r\nPython: Flask, Gevent, Gunicorn, SQLAlchemy, Celery, Fabric, ...\r\n\r\nJava: Spring, MyBatis, Akka, Disruptor, Gradle, Groovy, ...\r\n\r\n中间件: MySQL, Mongo, Redis, RabbitMQ, Kafka, Zookeeper, ElasticSearch, HAproxy, Nginx, ...\r\n\r\nSOA 治理: 服务注册、发现、熔断、限流、开关、动态配置中心，基于 thrift 、 http(json) 的 RPC 自研框架\r\n\r\n测试: 自动化测试框架， Robot Framework 、 TestNG ；性能测试工具， Jmeter 、 Locust ；开发语言 Python/Java\r\n\r\n我们的业务还有非常复杂、有趣的挑战，涉及到业务幂等、分布式事务保障、多级缓存、异步可靠延时消息、补偿回路、数据一致性等问题......\r\n\r\n如果你熟悉我们的技术，或者想要了解我们的技术；\r\n\r\n如果你曾经做过 Python/Java/PHP/C/C++/Go/... 相关开发；\r\n\r\n如果你有良好的技术 Sense ；\r\n\r\n如果你有足够的执行力；\r\n\r\n如果你懂开发 /懂测试；\r\n\r\n如果你对电商平台感兴趣；\r\n\r\n如果你对金融行业有研究；\r\n\r\n如果你爱吃、爱玩、爱运动、爱旅行......\r\n\r\n请毫不犹豫的把你的简历砸向我们吧~\r\n\r\n简历投递： yafei.cao@ele.me", "title": "饿了么「基础交易研发部」春招末班车开动！来不及解释了，快上车！", "reply": 55, "click": 6671, "user_id": 201245, "user_name": "sroockie"}