{"id": 200725, "create_time": 1435112989, "create_datetime": "2015-06-24 10:29:49+08:00", "content": "福利诱惑挡不住: 高薪资+五险一金＋开放工作氛围＋无限成长\r\n工作环境高大上：坐落深圳高科技中心，交通便利，配套齐全、工作生活两不误\r\n工作氛围烈轻谐：讨论猛烈、管理轻松、协作和谐。\r\n工作范围任意选：移动客户端、Web前端、分布式服务器端、高可用金融交易系统、分布式基础技术框架、基础设施预研、大数据分析、运营统计分析、商业智能、等等。\r\n技术大牛好又多：一群来自腾讯、甲骨文、京东、华为、迅雷的技术大牛们高深又温暖，特别痛爱小鲜肉。\r\n分享讲座干货多：大牛们总是喜欢定期分享干货，好干，怕你啃不动。\r\n职位要求最开放：只要你今年本科毕业、拥有扎实的技术基础、有火一般的工作激情、饥渴的学习热情、认真的工作态度，那就把你简历砸过来吧。\r\n\r\n请投简历： zhangjiahuan@jinfuzi.com", "title": "［深圳］［互联网金融］金斧子网络科技招聘大量 IOS 开发工程师， Android 工程师， JAVA 工程师， PHP 工程师，成长无限，给自己一个进入金融领域的机会！", "reply": 1, "click": 1369, "user_id": 121728, "user_name": "jinfuzi2015"}