{"id": 199846, "create_time": 1434702854, "create_datetime": "2015-06-19 16:34:14+08:00", "content": "前端任职要求：\r\n1、2年以上互联网行业及前端开发经验；\r\n2、熟练手写HTML+JavaScript+CSS，掌握HTML5和CSS3常用特性；\r\n3、熟练使用Web调试工具，Chrome Web tools、firebug等；\r\n4、掌握至少一门后端语言，PHP/Python/JSP等。不排斥学习其他语言；\r\n5、善于发现问题本质，并坚持不懈的解决问题；\r\n6、有强烈的学习欲望，沟通欲望，成为行业大牛的欲望：）。\r\nPython开发职位要求：\r\n1. 有扎实的编程功底，热爱编程；\r\n2. 熟悉互联网产品和服务的开发过程；\r\n3. 有Python开发经验，有C经验更宜；\r\n4. 对Web后端技术架构有基本的理解；\r\n5. 有良好的团队合作精神，有责任感，有较好的沟通能力；\r\n6. 有一定的Web前端技能，包括HTML/CSS/JavaScript\r\n各方面福利待遇优厚，有意向者将简历投至zhangl@knownsec.com", "title": "[成都] ”中国酷公司“北京知道创宇招聘开发工程师", "reply": 1, "click": 1776, "user_id": 105602, "user_name": "zhangl"}