{"id": 499015, "create_time": 1539914384, "create_datetime": "2018-10-19 09:59:44+08:00", "content": "#本次内推岗位：Java 高级开发工程师、高级搜索工程师、高级算法工程师\r\n___\r\n**内推简历请发送至:uccent@sina.com**  \r\n**我的微信：weceshi123**  \r\n**Java 高级开发工程师:**  \r\n职位描述：  \r\n1、独立完成中小型项目的系统分析、设计，核心功能的设计与代码模板编写，开发与维护系统核心模块；  \r\n2、参与产品讨论，理解业务，识别需求，参与架构、系统、可行性分析设计等多领域项目的相关技术的实践、应用和研发；  \r\n3、参与产品线系统的规划设计以及技术发展计划，参与丁香园统一的后端技术架构规划和设计；  \r\n4、参与公司产品项目的架构评审，预研和评估新技术，做公司内部的技术培训和推广工作；  \r\n5、参与书写技术文档和制定开发规范，审核开发人员的系统设计和代码质量。  \r\n\r\n任职条件：  \r\n1、Java 编程基础扎实，有良好的架构和设计能力、学习能力，在 Github 上有开源项目者优先；  \r\n2、3~5 年以上 Web/Restful Web Service 开发经验，精通 Spring/Hibernate/Mybatis 等 Java 开源框架；  \r\n3、有 MySQL/MongoDB 等关系 NoSQL 数据库使用开发经验，有 Redis/MC 等高速缓存使用开发经验，掌握数据库设计和优化知识；  \r\n4、熟悉数据库建模工具，数据库 ER、UML 等设计语言；  \r\n5、从事过大规模 Web 应用开发，熟悉代码重构，性能优化，系统安全；  \r\n6、有相关的分布式系统开发、微服务框架经验者优先。  \r\n\r\n**高级搜索工程师：**  \r\n职位描述：  \r\n1、参与丁香园搜索平台的架构设计及研发，具备和算法，分析师团队协作的能力；  \r\n2、深入了解搜索排序模型，拥有一定的算法理解能力；  \r\n3、具备团队领导能力。  \r\n \r\n任职条件：  \r\n1、计算机相关专业，3 年以上搜索相关研发经验；  \r\n2、对搜索引擎相关体系架构与算法有比较深入的了解，熟悉全文检索、中文分词、排序及查询分析等相关技术；  \r\n3、熟悉 Lucene （ ElasticSearch/solr ）框架，掌握 Java/Scala/Python 等编程语言，对 JVM 原理有一定了解，熟悉 Linux ；  \r\n4. 对机器学习有一定的掌握，熟悉 learn to rank 等相关体系；  \r\n5、具有优秀架构能力者优先；有大型搜索研发经验优先。 \r\n\r\n**高级算法工程师：**  \r\n职位描述：  \r\n1、 支持公司搜索，推荐，舆情等业务的发展；  \r\n2、 精通 NLP 相关工作，对特征工程了解深刻；  \r\n3、 具备一定的算法架构能力，能够搭建算法平台。  \r\n\r\n任职条件：  \r\n1、精通 Python，掌握 Java/Scala/C++其中之一,3 年以上算法工作经验；  \r\n2、熟悉 Spark MLlib （ PySpark)，SkLearn 等算法套件的等使用；  \r\n3、熟悉深度学习领域知识，具有 Tensorflow 框架实践经验；  \r\n4、参与过推荐系统，搜索领域的算法工作，并且构建过用户画像体系；  \r\n5、有开源项目或者在机器学习或 /深度学习领域发表过文章的优先。  \r\n___\r\n另有消息称，在这里公司为竭力帮你访问 Google，是不是很棒！  \r\n另有产品、运营、项目、前端岗位招聘：  \r\n![imagepng]( https://img.hacpai.com/file/2018/10/466dfb6e7ae64f9ca7fb087570040358_image.png)  \r\n欢迎小伙伴稍扰", "title": "[杭州] [D 轮] [丁香园] 认真做内推，消息及时反馈( Java 开发 + 搜索工程师 + 算法工程师)", "reply": 1, "click": 1031, "user_id": 344836, "user_name": "seawind"}