{"id": 664247, "create_time": 1587361457, "create_datetime": "2020-04-20 13:44:17+08:00", "content": "介绍\r\n沈阳招聘\r\n\r\n软件架构\r\nSpringBoot/JPA/Bootstrap/Angular/Postgres/MySQL/Spring/SpringMVC/JSP/Vue 等\r\n\r\n编程语言\r\nJAVA 为主\r\nphp/Python 等\r\n\r\n岗位职责\r\n日常运维服务\r\n网络设备的配置调试\r\n理解并根据设计书进行系统开发，测试\r\n\r\n任职要求\r\n熟悉掌握 JAVA/PHP 等开发语言。\r\n3 年以上 JAVA 开发经验，熟练掌握 SpringBoot/SpringMVC 等框架。\r\n了解或精通 JSP/VUE 等 Web 前端技术。\r\n了解或精通 MySQL/Postgres 等数据库编写和优化。\r\n了解或精通网络相关设备的配置技术，具备简单的网络环境排错能力。\r\n有良好的沟通能力，主动合作的团队精神。\r\n\r\n薪资与待遇\r\n面试合格者根据能力 5 千起步，最高 1 万。3 个月试用期，期满转正后可享受年底双薪\r\n双休，带薪休假等\r\n优秀者可公派至日本区进行业务（自愿原则）\r\n\r\n联系方式\r\n沈阳逐世贸易有限公司\r\n沈阳市和平区三好街 90-甲 5 号百脑汇\r\n\r\n应聘方式\r\nFork 本仓库\r\n新建 Feat_xxx 分支\r\n提交简历\r\n新建 Pull Request\r\n或直接联系公司人事部：024-62125392\r\n或直接发送简历至： zhushi@kanenka.com", "title": "有没有在沈阳想转职的朋友", "reply": 4, "click": 977, "user_id": 481071, "user_name": "a1609"}