{"id": 365224, "create_time": 1496302584, "create_datetime": "2017-06-01 15:36:24+08:00", "content": "Android 开发岗位\r\n\r\n\r\n岗位职责:\r\n    -参与 Android 平台应用软件开发工作\r\n    -根据用户反馈和讨论对产品提出改进意见\r\n    -研究新兴技术,满足产品需求,按质按时完成分配任务\r\n\r\n任职资格:\r\n    0x01. 三年以上 Android 平台实际开发经验;\r\n    0x02. 扎实的编程基础,熟练使用 Java,熟悉网络编程;\r\n    0x03. 良好面向对象编程思想,了解常用设计模式并灵活应用到日常开发;\r\n    0x04. 熟悉常用 AndroidAPI,包含但不限于 UI 组件,动画,多线程,Sqlite,自定义控件等;\r\n    0x05. 了解常用开源库,SDK 版本区别,屏幕适配,性能优化；\r\n    0x06. 良好的沟通能力,编程风格,文档习惯;思路清晰,责任心强;\r\n\r\n加分项：\r\n    0x01. 有 C/C++其他语言基础,有 NDK 开发经验;\r\n    0x02. 有独立作品,已上架成熟项目经验[请附地址];\r\n    0x03. Github 用户[请附地址];\r\n\t0x04. 海外 App 经验，了解熟悉 linux shell 相关\r\n\t\r\n\t\r\n其他补充：\r\n\r\n\t如果技术成长快，工作年前可以 2+；\r\n\t如果没经历过完整项目开发上线，不太推荐\r\n\t\r\n\t公司目前主要是海外业务，希望有海外相关工具类经验小伙伴来投\r\n\t\r\n\t收简历邮箱：hr#11td.com [手动替换 @]\r\n\t\r\n\t具体公司业务，浏览器输入域名就能看～\r\n\t\r\n\t不过肯定有手懒的人...\r\n\t\r\n\t温馨提示下： 请注意 公司不是那个大名鼎鼎的公司,注意区分单词\r\n\t\r\n\tHaHaHaHaHaHaHaHaHaHaHaHaHaHaHa~~~\r\n\t\r\n\t就酱吧\r\n\t\r\n\t不定期回来更新\r\n\t\r\n\t对了\r\n\t\r\n\t产品经理岗位也在招人，简历邮箱同: hr#11td.com\r\n\t\r\n\t注明 来自 V2EX 或  xiaohao 面基可能性 +10%", "title": "[北京]帝都苏州街招人-欢迎小伙伴投简历啊～", "reply": 6, "click": 1606, "user_id": 124043, "user_name": "wangxiaohao"}