{"id": 656101, "create_time": 1585125317, "create_datetime": "2020-03-25 16:35:17+08:00", "content": "性别：女\r\n\r\n学历：一本 \r\n\r\n毕业时间：2020.7\r\n\r\n实习岗位：上市公司前端实习生（已转试用岗位）\r\n\r\n实习时间：2019/7 - 至今\r\n\r\n项目经验：小程序 PC 项目的前端工作都有参与 \r\n\r\n因为年轻，想去帝都闯一闯，跪求大佬们推荐坑位\r\n\r\n有初步符合的公司岗位要求 可以留下邮箱，我会及时把简历发送到邮箱里", "title": "2020 届计算机专业应届生 求北京前端工作坑位", "reply": 11, "click": 1561, "user_id": 354102, "user_name": "jingbinren"}