{"id": 202450, "create_time": 1435727031, "create_datetime": "2015-07-01 13:03:51+08:00", "content": "Hi! 这里大鱼自助游。 \r\n\r\n大鱼自助游(www.fishtrip.cn)自上线一直致力于为中国人提供最优质的出境自由行服务。 \r\n才不要做第二个 TripAdvisor 或者 Booking.com, 大鱼要打造前所未有的个性化海外自由行产品交易平台，提供最具当地特色的住宿。 \r\n\r\n过去一年大鱼做了这些事情： \r\n\r\n• 发布了全国第一款办证类App「入台证神器」 \r\n• 成功开拓了台湾、日本站 \r\n• 通过强大的后台与上千家中小供应商实现对接 \r\n• 推出大鱼 • 旅行猎人计划并取得巨大反响 \r\n\r\n未来我们希望做的事情： \r\n将大鱼做成一个世界性的出境游交易平台，为各国旅游者精选值得信赖有品质保证的特色住宿。\r\n我们的口号是：只推荐特色住宿(=ﾟωﾟ)ノ\r\n\r\n和我们一起从住宿开始体验世界吧：）\r\n\r\n\r\n\r\n\r\n [关于我们]  \r\n\r\n如果你好奇这是怎样的一群人，一两句话确实挺难概括的，你最好亲自来看看。 \r\n\r\n这里有 Google、百度、微软出来的大牛，也有毕业不久的新鲜人。水瓶、双子、天蝎居多，不羁放纵爱自由。\r\n\r\n我们时常仰望星空，却不忘脚踏实地。相信成大事者，心中必有爱。爱创业、爱互联网，更爱旅行。 \r\n\r\n认识我们： http://www.fishtrip.cn/about_us \r\n所以你想加入我们一起来做一点有趣的事情吗？ \r\n\r\n\r\n\r\n>>大鱼特意来这里寻找这样的小伙伴\r\n\r\n [Ruby on Rails 工程师] 10K~20K\r\n• 参与大鱼网站的架构设计，以及各个后端模块的开发； \r\n• 承担大鱼网站的后端开发和维护工作。 \r\n\r\n• 1年以上相关工作经验； \r\n• 熟悉互联网产品和服务的开发过程，有至少一门动态语言或脚本语言的开发经验，对互联网后端技术架构有基本的理解； \r\n• 认可创业团队氛围，有上进心与自我驱动力，能够承受一定的工作压力。 \r\n• 对前端技术如css/html/javascript等有一定了解； \r\n• 有电商行业开发经历； \r\n• 对开源、技术分享、敏捷开发感兴趣； \r\n• 全栈工程师优先。\r\n\r\n\r\n [前端工程师] 10K~20K\r\n• 负责大鱼网站的前端开发，与UI设计师、产品经理、交互设计师一起，实现易用、好用的互联网旅游产品； \r\n• 负责开发和维护公司移动端（H5）的开发； \r\n• 负责前端框架的选型和开发，制定前端开发规范； \r\n• 开发易维护、可复用的各种前端组件。 \r\n\r\n• 2年以上相关工作经验； \r\n• 深入理解Javascript和CSS等前端技术，对HTML5有一定了解； \r\n• 具有良好的团队协作能力、沟通能力与学习能力，热爱技术，喜欢钻研； \r\n• 移动互联网/电子商务行业经验优先； \r\n• 经验丰富，带过前端工程团队优先； \r\n• 对产品和交互有兴趣者优先。\r\n\r\n [Android/iOS 工程师] 10K~20K\r\n• 负责开发和维护大鱼的移动客户端，包括Android、iOS以及平板应用。 \r\n\r\n• 1年以上相关工作经验； \r\n• 1～3个移动设备客户端产品的开发及上线； \r\n• 学习能力较强，对移动端的技术或产品有浓厚兴趣； \r\n• 计算机基础知识扎实，对移动端应用的整体架构有一定把握能力； \r\n• 具备较好的团队协助能力，乐于分享和交流； \r\n• 有HTML5或者桌面软件开发经验者优先； \r\n• 有Linux/C/Java开发经验者优先。 \r\n\r\n [PHP 工程师] 10K~20K\r\n• 负责开发大鱼项目中各类产品需求，对已知的线上问题快速定位与修复； \r\n• 参与大鱼核心业务模块系统分析、设计、开发； \r\n• 负责根据大鱼不同应用需求，优化系统设计和前台表现，不断提升系统效能和安全性。 \r\n\r\n• 2年以上相关工作经验； \r\n• 精通PHP，能够深入理解PHP面向对象编程设计理念，并且熟悉MVC开发框架，有PHP实践经验； \r\n• 精通LAMP架构，熟练应用Shell/JavaScript/Mysql等技术； \r\n• 具有较好的理解沟通能力，工作积极主动，有团队合作精神，责任心强； \r\n• 认可创业团队氛围，有上进心与自我驱动力，能够承受一定的工作压力。 \r\n• 具有旅游行业相关系统开发经验者优先； \r\n• 有团队管理经验者优先。\r\n\r\n\r\n [数据工程师] 8k~16k \r\n岗位职责\r\n1\t负责大鱼数据爬取、数据采集以及数据整理等工作。\r\n◇ 任职要求\r\n2\t大学本科及以上学历，1年以上相关工作经验（优秀应届生亦可）；\r\n3\t能够熟练使用Python或Ruby语言，并有过项目经验；\r\n4\t能够熟练使用html、css、javascript前端语言；\r\n5\t拥有独立思考能力，并对于钻研问题充满兴趣；\r\n6\t具有较好的理解沟通能力，工作积极主动，有团队合作精神，责任心强；\r\n7\t认可创业团队氛围，有上进心与自我驱动力，能够承受一定的工作压力。\r\n◇ 加分项\r\n8\t熟悉rails架构者优先；\r\n9\t有电商行业开发经历者优先；\r\n10\t全栈工程师优先。\r\n\r\n\r\n\r\n>>大鱼能给你什么\r\n\r\n\r\n• 开放的互联网创业环境\r\n• 释放潜力、爆发小宇宙的平台\r\n• 富有竞争力的薪资和贴心的住房补贴\r\n• 厨艺高超的阿姨准备的午餐和下午茶\r\n• 只是每天抢饭的场面略凶残，请准备好\r\n• 成为大鱼 • 旅行猎人的机会\r\n• 边旅行边赚钱\r\n• 为大鱼在世界各地开疆拓土\r\n\r\n\r\n>>推荐有奖\r\n\r\n\r\n成功推荐你身边的朋友加入大鱼，将获得往返台北机票及三晚住宿！\r\n这么好的事情，走过路过不要过错啊喂！\r\n\r\n\r\n--\r\n简历请发送至 hongdi@fishtrip.cn \r\n\r\n感谢各位：）\r\n\r\n我们等你！", "title": "[北京] 大鱼自助游招募技术类工程师啦！提供美味的免费午餐和下午茶！快到我的碗里来！", "reply": 8, "click": 2155, "user_id": 11494, "user_name": "zamia"}