{"id": 201417, "create_time": 1435312423, "create_datetime": "2015-06-26 17:53:43+08:00", "content": "Python开发工程师（中高级）开发流程系统方向\r\n\r\n岗位职责：\r\n负责乐视云通用云平台基础设施平台的设计与开发\r\n\r\n基本要求：\r\n1. 2年以上Python语言为主的软件开发经验。\r\n2. 熟悉后端开发，基于开源web基础框架（如 Flask，Tornado，Django等）开发web后端。\r\n3. 熟悉Linux系统及基本的Linux命令，能在Linux环境下进行开发工作。\r\n4. 对技术有激情，喜欢钻研，能快速接受和掌握新技术。\r\n5. 热爱python，云计算，互联网。\r\n\r\n具备以下条件者优先：\r\n\r\n1. 互联网背景\r\n2. 熟悉Docker/Git/Jenkins/CoreOS rkt\r\n3. 热衷于开源项目\r\n\r\n前端开发工程师(可实习)  \r\n岗位描述\r\n1、依据产品需求，负责web前端的设计、开发及维护；\r\n2、与产品人员、设计师沟通协调，完成设计内容的技术实现；\r\n3、与后端开发人员紧密配合，完成产品的整体开发；\r\n要求\r\n1、熟悉web相关技术：HTML, CSS, Javascript\r\n2、熟悉至少一个客户端的Javascript框架(如YUI, Angular, Backbone, React等), 熟悉jQuery，NodeJs.\r\n3、Web优化技术、CSS预处理技术\r\n4、一定的文档编写能力，较强的责任心\r\n加分项\r\n1、熟悉一门编程语言JSP,python等\r\n2、云计算相关工作经验优先\r\n3、善于学习新技术，利用新技术带给用户极致的体验\r\n\r\n存储高级开发工程师\r\n岗位职责：\r\n1.\t负责乐视云计算公司整个存储架构的开发和维护工作\r\n2.\t存储性能优化，支撑公司级业务\r\n基本要求：\r\n1.\t3年以上存储相关开发经验，精通linux系统/c语言/shell script\r\n2.\t深入掌握Linux内核中block、文件系统、device driver、device mapper等子系统\r\n3.\t熟悉分布式设计的原理，精通ceph、glusterfs、btrfs、ocfs2、hadoop任意一个的架构和实现\r\n4.\t对社区有贡献者优先，快速的学习能力和解决问题能力\r\n\r\n加分项：\r\n        *  有大型互联网公司分布式存储开发运维经验\r\n       *  对视频文件的存储有独特见解，对文件的上传下载技术有深入理解\r\n\r\njava高级研发工程师   \r\n工作职责：\r\nPaaS云平台相关组件的研究和开发 \r\n理解和分析上层业务需求和计算逻辑，优化计算架构吞吐和性能\r\n设计及优化API，为更多计算业务提供支持\r\n职位要求：\r\n具有良好的数学、统计学、计算机相关知识\r\n熟悉java语言\r\n熟悉TCP/IP协议\r\n熟悉linux操作系统\r\n至少熟悉一种脚本语言\r\n可敏锐洞察系统瓶颈，解决问题能力强\r\n具有以下条件者优先：\r\n熟悉分布式计算系统理念并有实践经验的优先\r\n试用期考核指标：\r\n能独立完成云计算平台相关模块的研究和开发工作\r\n有创新意识及技术输出\r\n能清晰表达对云平台的理解与展望，有熟练的沟通技巧与方式\r\n\r\n云存储JAVA开发工程师\r\n职责描述：\r\n1.负责云存储系统开发，优化，维护\r\n\r\n职位要求：\r\n1.精通Java，熟练掌握Java网络编程；\r\n2.熟练运用开源软件包（Spring/Hibernate/Struts等）；\r\n3.精通TCP/IP、HTTP等网络协议，精通socket网络编程，有用Java做大访问量高压力网络应用的经验；\r\n4.熟悉Linux，熟练配置维护Resin/tomcat等应用服务器，掌握shell/awk等系统脚本工具；\r\n5.熟练掌握SQL和NoSQL\r\n\r\n简历投递请发至邮箱yuqing@letv.com；并在简历中注明应聘职位以及是在V2EX上看到的。", "title": "[北京，乐视] Python，存储， Java", "reply": 4, "click": 1971, "user_id": 123091, "user_name": "yuq03"}