{"id": 657858, "create_time": 1585624733, "create_datetime": "2020-03-31 11:18:53+08:00", "content": "岗位职责：\r\n\r\n* 如果你关注移动技术领域，喜欢吃喝玩乐，并乐于向小伙伴分享你的开发作品；那就加入我们吧！\r\n* 在这里，你将参与研发上亿用户使用的 App ；\r\n* 在这里，你将体验到与用户零距离，随时倾听他们的心声，感受到他们因你的产品而喜悦的成就感；\r\n* 在这里，你还将参与客户端架构工程体系的建设，通过各种技术优化、组件化、自动构建，线上运维等领域的先进技术提高运营质量和开发效率，支撑业务的快速稳定发展！\r\n* 你可以在项目中使用到 Flutter 、React Native 、AI 等前沿技术，不断提升用户体验；\r\n* 你可以和后端、SRE 、质量工程师、PM 、设计师们一起，不断优化，达到业界领先的性能和用户体验，帮大家“ Eat better, live better ”；\r\n* 你可以！只要你来这里。\r\n\r\n工作要求：\r\n\r\n* 热爱移动（前端）开发，对使用自己代码直接服务亿万用户着迷；或者是技术极客，对写出完美代码有执着者；\r\n* 具备扎实的计算机基础，包括算法、数据结构、计算机网络，编译原理，操作系统等领域基础知识；\r\n* 熟悉某个移动平台（如 iOS/Android ）的平台工作机制、体系架构，掌握该平台的开发语言（如 Objective-C/Swift/Java/Kotlin ），并熟练使用相关的开发平台；\r\n* 掌握至少一门其他开发语言（如 C/C++/Go/Rust/Java/Python/Ruby/JavaScript/Dart 等），并有一定的实践经验。\r\n\r\n具备以下者优先：\r\n\r\n* 有实际移动端，前端或 PC 端实际项目经验；\r\n* 有关注并实践混合前端（如 RN，Flutter ）等技术者优先；\r\n* 建立 /参与开源项目者，或有自己长期坚持的技术博客；\r\n* 热爱新技术，使用和研究过优秀开源代码并有一定心得；\r\n* 热爱互联网，对移动端 /前端业务和用户体验有独到见解。\r\n\r\n岗位亮点：\r\n\r\n* 在业务中实践 Flutter 、React Native 、AI 等前沿技术；\r\n* 你的代码有机会被数亿用户接触到，参与数千亿的交易额；\r\n* 有机会参与全球旗舰级 App 开发，接触复杂的交易业务体系；\r\n* 技术团队内大牛众多，技术氛围浓厚，每天都有各类培训分享；\r\n* 技术团队在移动端 /前端领域有丰富的工程积累，对新技术态度积极。\r\n\r\n简历发送至： lihuichao@meituan.com", "title": "美团外卖招聘 Flutter/RN/iOS/Android 开发实习工程师", "reply": 0, "click": 805, "user_id": 215783, "user_name": "lihuichaoo"}