{"id": 505306, "create_time": 1541560591, "create_datetime": "2018-11-07 11:16:31+08:00", "content": "路口 成立于 2014 年 8 月 8 日，是一个用户分享自己购物经验的电商社区，以合作导流为主的企业。\r\n路口网是新兴的社交电商 APP，每天有大量女性用户，在路口讨论如何买到高性价比的商品。路口早期因各个路友发起的高性价比团购而吸引了大量用户，用户在购买商品后，会留在了路口社区中。在用户规模扩大后，不少海淘 B2C 商城如西集、洋码头等开始与路口合作，为社区内的用户开展特价活动。现在每天路口都可以买到多款特价海淘商品。\r\n\r\n公司官网： http://www.lukou.com/\r\n公司地址：杭州市西湖区莲花街 333 号莲花商务中心 B 座 4 层 401 室\r\n融资情况：B 轮\r\n加班强度：双休；平时到晚上 7 点左右，如遇上线到晚上 9 点左右\r\n\r\n核心人员背景： \r\n\t创始人 周健：已有 16 年互联网从业经验，曾在搜狐从事无线增值业务 6 年，4 年在上海迪士尼、4 年在淘宝，都主要是做社区方面的业务；\r\n\t产品负责人 张雅洁，曾是豆瓣产品总监、淘宝知名产品经理，带领团队开发了广告系统淘宝客；\r\n\t运营负责人 李贤，曾经是小米早期社区运营负责人，后进入乐视负责社区运营相关工作；\r\n\r\n新闻\r\n社群电商真的 OK ？路口网创始人周健跟你说\r\nhttp://www.sohu.com/a/69501295_114394\r\n女性社区电商平台“路口” 获零一创投 700 万美金 A 轮融资\r\nhttp://www.sohu.com/a/108183862_114984\r\n\r\n\r\n前端工程师\r\n1、熟练掌握 Web 前端技术， 包括 HTML, CSS, Javascript(es6,es7)，并且有相关的项目开发经验\r\n2、熟悉模块化编程（ AMD，CMD ），有使用过 Vue、Angular 等框架\r\n3、熟悉 HTTP 协议以及缓存技术，了解基本的浏览器渲染原理以及网络传输过程，对 web 性能优化有深入了解\r\n4、熟悉前端自动化构建工具，Webpack、Gulp, Grunt 等\r\n5、有至少 1 年的前端开发经验，具有良好的团队合作精神，较好的沟通能力，高度的责任感\r\n6、学习能力强，有较强的责任心和技术热情，较强的 coding 能力，有 Geek 精神者优。\r\n\r\n\r\n职位描述\r\n职位类型：Python\r\n基本要求：年龄不限性别不限\r\n工作地点：杭州 西湖区\r\n职位描述：\r\n岗位职责:\r\n 1. 根据灵活多变的业务需求，进行网络服务的后端开发。\r\n 2. 针对高并发的业务需求，分析系统瓶颈，解决各种疑难杂症。 \r\n岗位要求: \r\n1. 熟悉 linux 下 Web 服务开发，熟悉 Python，Java，C/C++任一种语言即可。\r\n2. 熟悉 web 后端技术架构，有 Web 服务开发经验者优先。 \r\n3. 有分布式系统开发，服务性能调优，前端开发，NoSQL 使用经验者优先，对开源软件、敏捷开发方法有特别兴趣者优先。 \r\n4. 有强烈的责任感和对技术的热情，较强的 coding 能力，有 Geek 精神者优先。\r\n工作地址：\r\n杭州市 西湖区 莲花商务中心\r\n\r\n\r\n联系人：Cherish\r\n电话 /微信：17826851892", "title": "路口网 B 轮 双休 平时 7 点下班 电商平台 每天路口都可以买到多款特价海淘商品。\r\n\r\n Python Go 前端 都收！", "reply": 0, "click": 809, "user_id": 315959, "user_name": "cherishchen"}