{"id": 513381, "create_time": 1543660707, "create_datetime": "2018-12-01 18:38:27+08:00", "content": "期望：\r\n\r\n1、有足够的用户同理心\r\n2、至少有一款成功上线的小程序\r\n3、编程又好又快\r\n4、沟通及时，适应云 Team 的远程模式\r\n5、请认真看完下面的参考资料再确定是否参与\r\n6、下面包括我们的简历，也请备好你的简历\r\n\r\n参考标准：单词小麦小程序\r\n云 Team： https://team.links123.com/ \r\n关于我们： https://www.links123.com/About\r\n自信胜任请加 Jim 的 QQ 1930899398", "title": "远程还是云 Team----求标准高一点的小程序工程师远程兼职", "reply": 0, "click": 1348, "user_id": 48764, "user_name": "links123cn"}