{"id": 365286, "create_time": 1496316194, "create_datetime": "2017-06-01 19:23:14+08:00", "content": "对应的级别是 P6\r\n\r\n要求：\r\n1、 希望候选人有 ES6 的开发经验\r\n2、 希望候选人在 React、Redux、Angular、Vue、Vuex 中至少有一项有比较深入的了解。\r\n3、 希望候选人最好有 2 年以上的项目开发经验。\r\n4、 以下技术之一的开发经验是加分项:  Typescript / Rxjs / Node.js\r\n\r\n\r\n欢迎大家发送简历到 wn137777@alibaba-inc.com", "title": "阿里巴巴钉钉团队招聘大量前端", "reply": 3, "click": 2390, "user_id": 233420, "user_name": "wingerwang"}