{"id": 206537, "create_time": 1437185604, "create_datetime": "2015-07-18 10:13:24+08:00", "content": "上海拉扎斯（饿了么），攻城师加班必备，:)，目前E轮（红杉资本，大众点评等投），DA部门需要下面两个职位，薪水open，欢迎加入，简历请发至myth266@gmail.com\r\n数据库架构师\r\n1、负责业务数据库系统架构设计，包括高并发/高性能架构、高可用性架构；\r\n2、跟踪分布式、内存数据库领域新技术和演进方向，并根据产品需要设计合理的解决方案；\r\n3、及时解决项目开发或产品研发中的技术难题,对设计平台的最终性能和稳定性负责；\r\n4、提供数据流程，优化数据查询（data access），协调系统安装，完成文档\r\n\r\n任职资格\r\n1、5年以上大型互联网行业交互平台开发经验；\r\n2、具备MySQL，ORACLE，PostgreSQL等数据库的一种或多种的运行机制和体系架构经验,精通sql语句，熟悉数据库的备份恢复及数据迁移等策略，熟练为数据库打补丁，版本升级等；\r\n3、精通Linux系统，熟练各种命令；\r\n4、熟悉分布式数据库设计和建设方案，海量数据库分库分表策略以及高并发OLTP 系统的设计和维护；\r\n5、精通数据库产品性能分析和测试，对数据库的优化，存储性能有较深的研究和操作经验；\r\n6、了解mogonDB,Redis等NOSQL 的数据存储产品，熟悉不同类型和数据库的底层运行原理和优缺点；\r\n\r\n\r\n业务DBA\r\n工作职责：\r\n1、根据业务目标负责相关业务的数据建模、设计评审，跟进项目过程中数据库设计\r\n2、SQL 审核,性能优化\r\n3、数据库开发支持，协助开发编写高效SQL\r\n4、评测数据库逻辑设计的合理性\r\n\r\n任职资格：\r\n1、计算机相关专业大学本科及以上学历，3年以上较大规模的MySQL管理或开发经验；\r\n2、熟悉MySQL数据库的日常管理和维护，深入理解运维自动化，并具备相关工具开发经验；\r\n3、熟悉MySQL可扩展性架构、主从复制、高可用性，有2年以上实际应用经验;\r\n4、熟悉MySQL数据库基本原理以及SQL语言；\r\n5、熟练SQL代码级别的优化；\r\n6、了解No-SQL技术（如MongoDB、Hbase或Redis等)；\r\n7、熟悉Linux基本管理，熟练使用Perl、Python、PHP等至少一种语言，熟悉Python者优先；\r\n8、良好的学习能力和对新技术的追求精神；\r\n9、良好的团队协作能力，积极主动，乐于接受挑战", "title": "招两个数据库相关的职位", "reply": 5, "click": 1902, "user_id": 22627, "user_name": "gerald"}