{"id": 195756, "create_time": 1433304070, "create_datetime": "2015-06-03 12:01:10+08:00", "content": "前端工程师\r\n\r\n/配合设计师实现高品质跨平台web前端\r\n/对Web前端、手机Html5前端进行性能优化、浏览器兼容等\r\n\r\n/良好的艺术素养，对艺术设计潮流敏感\r\n/精通HTML5、CSS3、JavaScript等技术\r\n/熟悉Bootstrap、Jquery，velocity.js、transit.js等技术工具\r\n/理解能力强，能学习使用新技术\r\n\r\n只用兼容IE10！！只用兼容IE10！！只用兼容IE10！！！！(重要的事情说三遍）\r\n\r\n不要在框框里的写无聊的代码了 从框框里跳出来玩好玩的 实现程序猿的自由！自由！自由！\r\n\r\n去xxx的互联网 我们去折腾局域网 牛逼的要死 好玩的要死\r\n\r\n薪资15-25k\r\n薪资15-25k\r\n薪资15-25k(重要的事情说三遍）\r\n\r\n诚意跪舔 邮箱： recruit@emerge.cc\r\n诚意跪舔 邮箱： recruit@emerge.cc\r\n诚意跪舔 邮箱： recruit@emerge.cc(重要的事情说三遍）\r\n\r\n妹纸的电话 随时骚扰 18697140665 来吧 约不约！！！！！", "title": "#北京望京#不贪心只要兼容 IE10 Web 前端工程师（ HTML5/CSS3/Bootstrap/Jquery/nodejs/前端后端都是用 js 实现）", "reply": 12, "click": 2285, "user_id": 102408, "user_name": "StudioEmerge"}