{"id": 360568, "create_time": 1494469050, "create_datetime": "2017-05-11 10:17:30+08:00", "content": "大家好，\r\n\r\n我是此项目创始人。这个速递服务类 APP 将会针对香港市场。我在香港工作生活 5 年，从事管理咨询工作，之前有过创业经历。我的专长在商业这一边，所以在这个项目中会负责市场推广，品牌建设，融资，运营等方面。我已用这个项目申请了北京大学汇丰商学院紫荆谷创业训练营，并拿到了奖学金，将于 6 月开始，每个月去训练 3 天，与投资人和其他创业小伙伴交流 \r\n\r\n现在想招揽一位技术合伙人来负责产品技术这一块，职责大致如下：\r\n\r\n1、了解用户需求，分析数据，研究和借鉴竞品，制定 APP 软件的卖点和功能规划；\r\n\r\n2、从用户体验角度出发，向设计与前端提出优秀的产品 UI 及交互界面设计方案；\r\n\r\n3、对产品进行用户体验分析，监控用户反馈、使用率，持续改进，优化产品；\r\n\r\n4、控制产品开发周期，跟进项目执行工作；\r\n \r\n希望这位技术合伙人能够：\r\n\r\n1、有强烈的创业意愿，有创业项目管理经验会优先考虑\r\n\r\n2、熟悉 IOS/Andriod、UE/UI 的移动产品设计原则和规范\r\n\r\n3、熟悉移动 APP 产品生命周期管理体系和流程\r\n\r\n4、对用户行为研究、数据分析有经验者会优先考虑\r\n\r\n5、工作态度认真严谨，执行力强\r\n\r\n地点：深圳\r\n\r\n薪酬：我们一起商讨，是股份，资金，还是两者混合。\r\n\r\n咨询界里有人说，做咨询的不适合创业，因为出于职业习惯，创之前他会考虑多种情况和结果，对前景分析来分析去，分析分析着，就把创业激情分析没了。\r\n\r\n其实不然，创业需要激情，但不能只有激情蛮干。一个创业项目的商业逻辑终要回归常识，一个创业项目的价值最终在于是否解决了一个问题， 提高了人或者整个社会的幸福感。\r\n\r\n对于这个项目，我已经做了些功课，感兴趣的朋友可以联系我，我会给你讲讲这个项目：为什么要来做这个项目，能解决什么问题，市场规模有多大，未来的发展策略是什么，它能赚钱吗，等等。还会给你看看我在做的产品原型。\r\n\r\n我的邮箱是 zjin42@gmail.com, 微信是 86948777，简历可以发到邮箱里。\r\n\r\n谢谢", "title": "速递服务类 App 招技术合伙人, 有创业想法的来看看", "reply": 4, "click": 1929, "user_id": 219388, "user_name": "zjin42"}