{"id": 653499, "create_time": 1584415413, "create_datetime": "2020-03-17 11:23:33+08:00", "content": "年前的时候就发过一个招聘帖子： https://v2ex.com/t/625578 但是一直没有招到合适的人。 现在招聘依然在继续，有兴趣的同学可以移步之前的帖子查看公司和职位的详细信息，里面也有联系方式。\r\n\r\n一些要点如下：\r\n* 支持远程面试和入职，但不支持远程工作，如果因为特殊情况，短期短程工作是 OK 的，但是特殊情况结束后一定要来现场办公。\r\n* 不 996，周末双休，14 薪。弹性工作制，不打卡，一天工作 8 小时，注重效率和结果。因为工作需要协作，所以上班时间也需要尽量与大家同步。\r\n* 公司帮很多大公司（美股、港股、A 股上市公司、独角兽）做增长顾问，现金流很健康，不用担心公司会倒闭。现在很早期，机会还不错，转正会发期权。\r\n* 主要做一个 SaaS 产品（网页端），目前前端的技术主要是 TS+vue+element。未来可能会有 hybrid app、electron、小程序等技术应用的项目要做。但需要看时机。目前主要还是在 web 端。\r\n* 整体氛围技术驱动，是真正的 Growth Hacker 风格。", "title": "[杭州]base 杭州，招前端工程师，双休，不 996，公司现金流健康", "reply": 86, "click": 9615, "user_id": 161837, "user_name": "ricky0603"}