{"id": 659112, "create_time": 1585907326, "create_datetime": "2020-04-03 17:48:46+08:00", "content": "[岗位职责] \r\n\r\n工作地点： 杭州、深圳\r\n\r\n招聘岗位： 前端工程师，客户端工程师\r\n\r\n招聘对象： 本科或以上学历，毕业时间 2020.11 ~ 2021.10 ，专业不限\r\n\r\n\r\n [简历投递方式] \r\n\r\n投递邮箱：  xiaolang.ll@alibaba-inc.com,  邮件标题： 岗位名称 + 姓名 + 学校\r\n\r\n简历优先是推荐到业务平台事业部体验技术团队，不符合可根据你的意愿推荐到相关部门及岗位\r\n\r\n\r\n [ 团队介绍] \r\n\r\n2015 年，阿里巴巴全面启动集团中台战略，构建符合 DT 时代的更创新灵活的“大中台、小前台”。业务平台事业部参与构建阿里巴巴商业操作系统，是新零售中台战略的主阵地，是搭建阿里电商大中台的产品技术基石，坐拥交易、商品、会员、评价、店铺、推荐、营销、数据等多个核心业务平台，在阿里电商体系形成真正的大闭环进程中承担着不可或缺的核心地位，力争打造全球最有价值的商业操作系统。\r\n\r\n\r\n最贴近阿里大中台战略的前端团队。主要业务包括阿里集团电商基础业务、设计中台建设、前端中台建设、海外新兴市场电商业务、CFO 大财务战略中台，基础业务覆盖交易、商品、会员、评价、店铺等多个阿里电商体系大闭环中的核心业务平台。我们同时拥有 Fusion 、BizCharts 、ARMS 前端监控、Beidou 同构渲染框架等多个技术人自研开源项目和产品。\r\n\r\n\r\n加入我们你将享受 1v1 师兄制，辅助新同学快速成长，根据个人特长定制专属的阿里职业成长规划，你不但有机会参与打造能够服务全球的电商操作系统，还能参与到前端工程架构、Serverless 、小程序、数据可视化、搭建等技术体系建设，迎接面向未来的技术挑战，用技术让商业创新更简单！\r\n\r\n\r\n划重点！！！\r\n* 1v1 师兄制\r\n*  根据个人特长定制专属的阿里职业成长规划\r\n*  参与到前端工程架构、Serverless 、小程序、数据可视化、搭建等技术体系建设\r\n*  可以提升对未来技术的洞察以及探索未来商业创新能力\r\n\r\n [岗位描述] \r\n* 关注用户体验，不断改进服务的易用性；\r\n*  持续的性能优化，实现极致的 Web 加载、执行和渲染优化；\r\n*  参与前端框架建设，并服务多个 BU ；\r\n*  改进协作流程，创建技术标准和规范；\r\n\r\n [岗位要求] \r\n*  本科及以上学历\r\n*  熟悉 Node/JavaScript/Java/Object-C 等至少一种编程语言；\r\n*  熟悉基础的计算机系统结构、操作系统、网络、分布式系统等知识；\r\n*  有广泛的技术视野，具备很强的学习能力和解决问题的能力；\r\n*  喜欢钻研技术，对质量捍卫有热情，不断追求产品用户体验的完善；\r\n*  具备奉献精神，善于沟通，善于团队合作。\r\n\r\n\r\n### 以上都除了毕业时间都不是硬性条件，感兴趣联系我，投简历拉进群", "title": "「阿里巴巴」前端客户端实习生招聘", "reply": 1, "click": 838, "user_id": 133298, "user_name": "lllang"}