{"id": 649145, "create_time": 1583138197, "create_datetime": "2020-03-02 16:36:37+08:00", "content": "- 高速发展，大牛如云\r\n- 下午茶 /夜宵 /住房补贴\r\n- 地址：**上海市杨浦区黄兴路 221 号互联宝地 C2 （近 12 号线宁国路站 和 8 号线黄兴路站）**\r\n- 简历发至： chenruifeng@theduapp.com\r\n- [岗位详情]( https://app.mokahr.com/m/apply/thedu/4503) （也可扫码查看）\r\n\r\n\r\n![]( https://wx3.sinaimg.cn/mw690/7d9ac6dagy1gcfo0l8k5rj20m81jkaic.jpg)\r\n\r\n\r\n办公环境\r\n\r\n![]( https://wx4.sinaimg.cn/mw690/7d9ac6dagy1gcfo0676ynj219g0u0k5w.jpg)\r\n![]( https://wx1.sinaimg.cn/mw690/7d9ac6dagy1gcfo0l7bz8j219g0u0gvx.jpg)\r\n![]( https://wx4.sinaimg.cn/mw690/7d9ac6dagy1gcfo0lgbrnj219g0u04qp.jpg)\r\n![]( https://wx2.sinaimg.cn/mw690/7d9ac6dagy1gcfo0lp0ypj219g0u0ngg.jpg)\r\n\r\n免费健身房\r\n\r\n![]( https://wx2.sinaimg.cn/mw690/7d9ac6dagy1gcfo0ncrg5j21900u0npl.jpg)\r\n\r\n节日定制礼物（中秋节定制的月饼礼盒）\r\n\r\n![]( https://wx3.sinaimg.cn/mw690/7d9ac6dagy1gcfo0lyc13j21400u0npd.jpg)", "title": "[上海-得物(毒)] 急招 Java /Android/iOS/H5/测试/运维/算法工程师等，太缺人了~", "reply": 20, "click": 3383, "user_id": 47926, "user_name": "feng284740"}