{"id": 505081, "create_time": 1541495760, "create_datetime": "2018-11-06 17:16:00+08:00", "content": "坚果云是国内领先的云盘服务商， 已经为超过千万的用户提供稳定的云盘服务超过 7 年，并在用户中获得了良好的口碑和评价。 \r\n\r\n公司靠谱，技术大牛多，研发氛围好，如果想好好做事情，做产品，学技术，坚果云是你的不二之选。\r\n\r\n\r\n岗位名称：高级 Java/Python 开发工程师 \r\n\r\n简历投递邮箱： dongajuan@nutstore.net \r\n\r\n岗位职责 \r\n\r\n1、各种应用系统后端代码开发， 包括数据库存储，KV 存储系统， 全文检索系统， 文档预览系统， 以及数据挖掘系统的相关业务需求。 \r\n\r\n2、100PB 级别的分布式存储系统的后端开发， 该存储系统完全自主开发， 未基于任何开源软件，具备自主知识产权。 \r\n\r\n3、后端系统的自动化运维， 涉及到 Puppet 和 Ansible， 管理拥有上千个节点的集群系统。 \r\n\r\n4、Linux 系统常见基础系统的故障诊断和性能调优， 例如使用 Systemtap/DTrace 收集操作系统和 JVM 中的性能瓶颈。 \r\n\r\n\r\n\r\n岗位要求： \r\n\r\n1、 熟练掌握 Java 语言或者 Python 语言，软件知识结构全面。 \r\n\r\n2、 熟悉 SQL 语言，了解 ACID 等数据库基本原理， 有 MySQL 或者 Postgresql 的开发经验。 \r\n\r\n3、 精通 Linux 操作系统和 TCP/IP 协议, Linux 系统的忠实用户优先， 熟悉 tcpdump 者优先。 \r\n\r\n4、 工作认真仔细， 乐于了解 review 其他同事维护的代码。 \r\n\r\n5、 拥有 NoSQL 数据库，Hadoop，Cassandra 和 ElasticSearch 等系统具备开发经验者优先。 \r\n\r\n6、 了解分布式系统的架构和原理，并且有开源分布式系统开发经验者优先。 \r\n\r\n7、 能够对某个新领域进行搜索, 总结并快速学习, 有能力维护个人技术博客者优先。 \r\n\r\n8、 拥有阅读、学习英文材料的能力, 经常关注开源社区项目并参与讨论, 贡献自己的能力者优先。 \r\n\r\n\r\n工作地点：浦东新区张江", "title": "[上海] --坚果云招聘后端开发岗位", "reply": 3, "click": 1380, "user_id": 13713, "user_name": "nutcloud"}