{"id": 369211, "create_time": 1497711248, "create_datetime": "2017-06-17 22:54:08+08:00", "content": "公司官网：qingchunbank.com\r\n\r\n南研地点：软件大道地铁站附近\r\n\r\n内推岗位：Java 软件工程师（三年以上实际工作经验）、架构师\r\n\r\n感兴趣的朋友可以把简历发我邮箱：\r\n\r\nn.think@hotmail.com\r\n\r\n-", "title": "［社招内推］秦苍科技南京研发中心， Java 开发", "reply": 2, "click": 1633, "user_id": 128704, "user_name": "codein"}