{"id": 506879, "create_time": 1541988568, "create_datetime": "2018-11-12 10:09:28+08:00", "content": "海外 AI 大数据初创团队\r\n职责：\r\n负责参与产品的前端视觉用户研究、设计流行趋势分析，设定整体视觉风格和 UI 设计\r\n职位要求：\r\n大学本科及以上在读，\r\n熟悉 AI，PS 等设计软件，\r\n一周可以当岗 3 天及以上，\r\n薪酬：\r\n2.5k-5k\r\n工作地址：\r\n杨浦区湾谷科技园\r\n联系方式：\r\nemail: apply@jialeihr.com\r\nphone: 18757578834\r\n投递时要求简历+作品集", "title": "海外大数据初创团队招 UI/UX 实习生", "reply": 0, "click": 664, "user_id": 362289, "user_name": "stanleyZhang"}