{"id": 826974, "create_time": 1641614674, "create_datetime": "2022-01-08 12:04:34+08:00", "content": "公司介绍：\r\n小而美外企公司，总部美国。\r\n全球 100 多个地区超过 5 亿以上用户。\r\n北京研发团队成员来自 Uber ，Airbnb ，苹果，字节跳动，美团等全球知名互联网公司。\r\n地点:北京朝阳\r\n\r\n薪资：薪酬比肩国内一线大厂+美股期权\r\n福利：\r\n全年 30 天以上带薪假期\r\n100%医疗保险+家人 50%保险\r\n交通费 100%报销\r\n免费午餐\r\n美股期权\r\n年度国际会议+定期 Team Building\r\n\r\n邮箱： jxiao@hiringby.com\r\n微信：hire-by\r\n\r\n\r\n基本要求：\r\n英语口语 ok ，可作为工作语言。\r\n211 、985 学校本科以上学历，基础扎实，思维敏捷，架构设计能力，算法过关。\r\n\r\n\r\nSenior Android Engineer\r\nRequirements:\r\nA Bachelor’s degree in Computer Science or related technical field\r\nA solid foundation in computer science with strong competencies in data structures, algorithms, and software design\r\nProgramming experience in Java\r\nExperience in mobile application development.\r\nExperience in China Android ecosystem.\r\nRelocation to Beijing, China. This position is based in Beijing.\r\nStrong spoken and written English skills.\r\nExceptional candidates will have:\r\n5 years of programming experience in Java\r\nConsiderable programming experience using Android Studio and the Android SDK\r\nProficient in the following technologies: Java language and related frameworks, multi-threading and memory management specific to mobile devices, understanding of caching mechanisms\r\nExperience designing clean and maintainable APIs\r\nExperience with multithreaded programming\r\nExperience writing unit tests and testable code\r\n\r\nSenior iOS Engineer\r\n.....", "title": "[北京] [美资外企] Senior iOS/Android Engineer", "reply": 2, "click": 757, "user_id": 143090, "user_name": "TimeH"}