{"id": 505170, "create_time": 1541513805, "create_datetime": "2018-11-06 22:16:45+08:00", "content": "如果希望从事区块链或数字资产交易的朋友，火币集团期待你的加入。\r\n薪资福利：比肩一线互联网公司\r\n机会：公司处于快速成长期，机会多多。\r\n工作地点：北京，西二旗软件园\r\n邮箱：ra_dev@huobi.com\r\n\r\n职位需求：\r\n\r\n资深 /高级开发工程师（ Java ）-资产管理组\r\n岗位职责：\r\n1. 负责后台系统模块开发\r\n2. 对于项目中遇到的问题，与设计师、需求分析师沟通，分析并给出最优解决方案，尤其是数据数据需求\r\n3. 对接开发财务系统的需求\r\n任职资格：\r\n1. Java 基础扎实，熟悉 Spring boot 及相关开发框架，熟悉 Restful 设计概念。\r\n2. 熟练掌握数据库相关技能，熟悉 MySQL/Oracle/Sqlserver 等数据库。\r\n3. 有海量数据的处理思路和方法，对查询优化和数据分级归档有了解，对数据的采集、清洗、预处理有实际经验。\r\n4. 了解财务基础知识，有财务相关系统开发经验，独立或深度开发参与过财务、erp 等系统开发、对接工作更佳。\r\n5. 熟悉非关系型数据库更佳。\r\n6. 了解财务结算、清算、对账业务更佳。\r\n7. 了解 Spring Cloud 更佳。\r\n可选技能：\r\n1. 使用非关系型数据库处理过数据逻辑性强的业务。\r\n2. 有能力开发和排查多线程代码。\r\n3. 有 JVM 开发、配置、调优的经验。\r\n4. 有优化既有程序的经验。\r\n5. 有批处理程序的开发经验。\r\n\r\n资深 /高级前端工程师\r\n岗位职责：\r\n1、前端组件的设计与实现，相关框架的定制与修改\r\n2、项目前端架构完善，前沿技术、工具的调研\r\n3、保证快速迭代开发中的速度与质量，积极探索并总结前端开发模式和规范\r\n4、培养和指导工程师工作，帮助工程师获得成长\r\n任职资格：\r\n1、计算机相关专业本科及以上学历，5 年以上 Web 产品开发经验\r\n2、扎实的计算机专业基本功，良好的代码习惯；具有较高的技术钻研能力、技术难点攻关能力，分析问题解决问题的能力\r\n3、精通 Angularjs、H5/CSS3，熟练运用 Nodejs、Requirejs、React、Vue.js 等技术，熟悉常用的前端框架，并了解其原理\r\n4、熟悉主流框架、类库的设计和实现，熟练跨浏览器、跨终端的开发\r\n5、重视沟通，具备自主的学习能力并能够指导他人\r\n6、优秀的英文能力，可与外籍员工正常沟通\r\n7、热爱数字货币行业\r\n加分项：\r\nGithub 重度用户 /代码洁癖\r\n\r\n有意者请发简历到 ra_dev@huobi.com", "title": "号外！号外！知名区块链公司期待你的加入", "reply": 3, "click": 1115, "user_id": 360981, "user_name": "hbhunter"}