{"id": 512027, "create_time": 1543309300, "create_datetime": "2018-11-27 17:01:40+08:00", "content": "[工作职责]  \r\n\r\n>制定和优化运维解决方案，包括但不限于柔性容灾、智能调度、弹性扩容与防攻击。 \r\n主导业务架构的可运维性设计，参与业务系统的设计与实施。 \r\n推动及开发高效的自动化运维、管理工具，提升运维工作效率。 \r\n全方位的性能优化，将用户速度体验提升到极致。 \r\n精确的容量测算和规划，优化运营成本。 \r\n探索、研究新的运维技术方向。 \r\n\r\n [任职资格] \r\n\r\n>3 年以上运维经验，对立体监控、自动部署、容量管理、自动容灾有较深入的理解和实践经验； \r\n对 Linux 操作系统原理有深入的理解，熟悉 TCP/IP 以及常用 RPC 协议； \r\n熟练掌握 C/PHP/Python/SHELL 等 1 至 2 种语言，并有相关开发经验； \r\n良好的沟通、组织协调、项目管理能力和强烈的责任心； \r\n对行业技术敏感度高且细致，善于思考，乐于发现，对解决具有挑战性问题充满激情。\r\n\r\n简历请发送至： maipian.liu@gmail.com", "title": "[北京-望京] 高级运维开发工程师/运维开发专家", "reply": 4, "click": 1264, "user_id": 164733, "user_name": "maipian"}