{"id": 505998, "create_time": 1541728381, "create_datetime": "2018-11-09 09:53:01+08:00", "content": "职位名称：Java 高级软件开发工程师 /技术专家\r\n岗位描述：1、负责 LBP、销售线索的服务端策略工程化开发工作；\r\n                 2、负责金融风控等方向服务端开发工作；\r\n岗位要求：1. 3 年及以上 Java 开发经验，能够熟练使用 Java 语言进行服务器端开发，熟悉 Java 网络编程、并发编程，\r\n                      对 JVM 原理有扎实的理解。\r\n                 2. 熟系 Spring （ Spring-Boot ）、struts、Hibernate/MyBatis 等主流的开发框架，有深入了解，并具有实践\r\n                      应用经验；\r\n                 3. 熟悉常用的中间件、分布式技术（如 RCP 框架、缓存、消息系统等）；\r\n                 4. 熟悉基于 Mysql、Oracle 等关系数据库设计和开发、对数据库性能优化有一定的经验；\r\n                 5. 熟练使用 Linux，能进行 shell 编程，及对 Python 有一定的基础\r\n                 6. 熟悉软件技术文档的编写，具备良好的文档编制习惯和代码书写规范；\r\n                 7. 思路清晰，有良好的需求理解、分析、抽象能力和软件设计能力；\r\n                 8. 较强的表达和沟通能力；工作认真、严谨、敬业，对系统质量有近乎苛刻的要求意识；\r\n                 9. 熟悉 Kubernate、Spring-Cloud、Serverless、GO 语言，及有分布式系统设计经验优先。\r\n\r\n职位名称：资深 Java 开发师 /专家\r\n岗位描述：-参与 /负责开放平台所有 API 系统的研发工作，包括：高并发查询 /计算 /鉴权 /频度、额度控制系统 /安全防\r\n                  护系统\r\n                 -参与 /负责开放平台云存储平台的研发工作，包括：数据分布式存储 /批量存储 /高可用服务\r\n                 -参与 /负责开放平台所有云存储的搜索引擎研发工作，包括：对分布式存储平台的数据的索引、上下文检\r\n                 索和性能调优工作\r\n岗位要求：-熟悉 Java 语言编程，具有大型在线与 Web 系统的研发经验\r\n                 -熟系 Spring、Struts、Hibernate/MyBatis 等主流的开发框架\r\n                 -熟悉 MySQL、Mongo 等数据库，熟悉 Redis/MemCache \r\n                 -熟练 Linux 系统操作，熟悉 Shell 编程\r\n                 -善于学习，具有良好的分析和解决问题的能力 \r\n                 -具有良好的编程习惯，简洁清晰的代码风格\r\n\r\n工作地点都是在望京，有意可来撩 13103054854 （手机微信同步）", "title": "[北京] 阿里旗下互联网公司招 [ Java 后台] & [分布式]", "reply": 2, "click": 1066, "user_id": 358888, "user_name": "LSL4836"}