{"id": 834800, "create_time": 1645167814, "create_datetime": "2022-02-18 15:03:34+08:00", "content": "支持 远程面试 ～\r\n\r\n请大佬 邮件 joinus@nutstore.net (备注姓名+岗位+v2ex 即可)\r\n如果有疑问也欢迎来邮件咨询～\r\n\r\n欢迎戳官网：www.jianguoyun.com\r\n----------------------------------------------------------------------------------------------------\r\n\r\n📌[坚果云简介]\r\n\r\n作为国内最早做公有云存储业务、目前市场占有率最大的网盘公司之一， 我们开发的产品为大多数人创造了不\r\n可比拟的价值， 我们自诩我们在做一件有趣更有意义的事情—— 希望为全球用户解决工作效率难题而不断创新。到\r\n2021 年为止，我们已经稳定运行 10 年，给无数企事业单位协同办公提供支持。 这 10 年里，我们一直深耕自己的产品， 也一直对我们共同的事业保持着赤子之心。 不论在国内的北京、上海、广州、深圳、重庆，还是远到伊拉克、澳大利亚、美国，坚果云默默的保护国内外用户的数据安全，提升文件协作效率。用坚不可摧的堡垒保护用户创作的数据，我们仍在不断前行，研究强大、“无感”的各种轻应用协同办公工具。\r\n\r\n📌[产品] ：坚果云、坚果云扫描、坚果云在线 office 、坚果云收件箱、坚果云 Markdown 等自主研发的支持协同办公、提高办公效率的工具软件。\r\n\r\n📌[愿景] ：管理对用户拥有价值的数据，并让它易于创作和访问\r\n\r\n💖[福利待遇]\r\n年终奖多多+周末双休+不定期团建入职小礼物+员工满周年庆+五险一金全额缴纳+节日福利+年假司龄累计~\r\n充分的自由和试错机会+参与 0-1 新技术调研+扁平化管理~\r\n还有更多福利等你来解锁 O(∩_∩)O 哈哈~\r\n\r\n--------------------------------------------------------------------------------------------------------------------------------------\r\n\r\n👇[急招岗位]\r\n\r\n1 、运维 /运维开发\r\n\r\n我们的云存储系统完全自主开发，未基于任何开源，具备自主知识产权，我们专注研发自己的产品，不提供定制化解决方案。\r\n\r\n~岗位方向~\r\n1. 负责管理和设计坚果云数据中心内各种服务和基础架构的高可用运行方案，包括各种数据库服务的高可用，容器服务高可用，以及存储系统高可用; \r\n2. 负责使用 python/golang/puppet 开发各种自动化部署服务，CI/CD 服务，自动化容灾服务等 \r\n3. 负责开发和运维坚果云数据中心内各种服务的故障和性能监控系统，负责使用 perf/bcc/tcpdump 等工具针对线上系统的进行性能分析 \r\n4. 负责坚果云数据中心内各种服务的基础架构搭建和运营，包括数据中心网络规划和架构搭建和运营，硬件服务器自动化部署，协调和指导机房现场工作人员进行硬件安装和更换； \r\n\r\n~岗位要求~ \r\n1. 本科以上学历，精通各种各种网络协议，并且具备丰富的网络调试经验，包括但不限于 3 层网络交换协议，IPSec 协议，各种 tunnel 的配置和管理，负载均衡器和防火墙的部署和管理，Cisco/H3C/Huawei/Dell 等公司网络产品的部署和监控，能够熟练使用 tcpdump 诊断各种网络问题； \r\n2. 具备熟练的 python 和 bash 编程能力，能够不断快速学习各种新知识，并且能动手搭建各种实验平台以验证各种新的想法 \r\n3. 精通 Linux 操作系统，深入理解 iptables/firewalld 的用法，深入理解 MD/DM 存储栈，理解 Linux 文件系统的实现和优化，是重要加分项； \r\n4. 经常阅读和 Linux 系统性能相关的文章，是 Brendan D. Gregg 博客读者是重要加分项 ( http://www.brendangregg.com/index.html) \r\n5. 精通一些知名开源软件的管理和运维，例如 nginx ，Mysql/Postgresql 等，是重要加分项； \r\n6. 对于大规模数据中心网络的实施和管理具备一定经验，是重要加分项； \r\n7. 热衷于编写程序来减少重复性工作，是重要加分项； \r\n8. 精通 Windows 服务器自动运维管理， 有管理 Active Dirctory ，exchange server 等经验者，是加分项； \r\n9. 了解任意一种自动化部署技术，例如 Puppet, Chef ，是加分项。\r\n\r\n2 、Android 开发\r\n\r\n岗位职责：\r\n1 、维护和重构现有产品，不断提升工程质量；\r\n2 、承担重点、难点的技术攻坚。\r\n3 、具有良好的编码习惯，能完成单元测试代码编写，认可代码 Review ；\r\n4 、接受敏捷开发，适应创业团队氛围。\r\n\r\n岗位要求：\r\n1 、熟练掌握 Java/Kotlin 等语言，熟悉常用的开发工具和环境；\r\n2 、熟悉 Android SDK 、Framework ，理解系统特性和原理；\r\n3 、扎实的数据结构和算法基础；熟悉多线程编程、熟悉网络编程；\r\n4 、熟练掌握 Ormlite 、GreenDAO 等 ORM 框架，熟练掌握 ButterKnife 、EventBus 、Retrofit 框架；熟悉 MVVM 、MVP 等架构设计；\r\n5 、拥有阅读、学习英文材料的能力, 经常关注开源社区项目并参与讨论, 贡献自己的能力者优先；\r\n6 、至少有一个完整的 Android 应用开发经验，有优质开源项目者优先。\r\n\r\n\r\n3 、iOS 开发\r\n\r\n职位描述：\r\n1 、 维护和重构现有产品，不断提升工程质量；\r\n2 、承担重点、难点的技术攻坚。\r\n3 、具有良好的编码习惯，能完成单元测试代码编写，认可代码 Review ；\r\n4 、接受敏捷开发，适应创业团队氛围。\r\n5 、 研究最新移动应用平台及开发模式。\r\n\r\n职位要求：\r\n1 、 本科计算机相关专业毕业；精通 Objective-C 、swift ，有 iOS 或者 macOS 项目的成功开发经验\r\n2 、 熟悉 SQLite 数据库、多线程编程、HTTP 协议、UI 开发中的事件机制\r\n3 、 熟悉 app extension 开发\r\n4 、 熟练使用 Xcode Instruments 进行性能调优和 debug\r\n5 、 热爱研究用户体验，对新领域有搜索学习的能力\r\n6 、 拥有阅读、学习英文材料的能力, 经常关注开源社区项目并参与讨论, 贡献自己的能力者优先\r\n7 、 有开源项目经验者优先，有算法相关知识者优先\r\n\r\n----------------------------------------------------------------------------------------------------\r\n\r\n‼‼‼ 公司靠谱，技术大牛多，研发氛围好，如果你恰好对工具软件感兴趣，\r\n想好好做事情，做产品，学技术，当然也包括赚钱啦~~\r\n坚果云是你的不二之选(*^▽^*)\r\n\r\n[写在最后]\r\n\r\n自 2011 年创立至今，已为清华大学、中国石油、哔哩哔哩、LVMH 等数十万团队及 2 千万用户提供稳定服务，在用户中获得了良好的口碑和评价。如今，坚果云的用户已遍布全球，我们需要优秀的人才加入我们的行列，一起打造能被数亿人热爱的产品！", "title": "[上海] （坚果云---同步办公网盘）新增运维/运维开发，其他移动端也在持续扩招中...", "reply": 1, "click": 516, "user_id": 13713, "user_name": "nutcloud"}