{"id": 203447, "create_time": 1436076536, "create_datetime": "2015-07-05 14:08:56+08:00", "content": "年轻、有朝气的美资公司。官网http://snapfit.com和http://1biteless.com。\r\n\r\n现在急求强力后端一两枚，会node.js最好\r\n\r\n工作地点：\r\n常驻杭州五常西溪软件园。有需要时，团队会搬往LA开发，与local一起工作。公司提供私家小别墅（带泳池），中午工作餐以及生活用车，中国驾照即可。\r\n中美两地团队都很年轻，非常NICE，有家庭般温暖，愿意倾听你的诉求，是一个非常不错的体验美国生活的机会。\r\n\r\n双休制，不强制加班。\r\n\r\n简历请丢至\r\ntian@snapfit.com", "title": "[洛杉矶、杭州] 急求后端 - 懂 node.js 最好", "reply": 5, "click": 2149, "user_id": 99492, "user_name": "snapfit"}