{"id": 359936, "create_time": 1494237428, "create_datetime": "2017-05-08 17:57:08+08:00", "content": "重要的事情说三遍： \r\n\r\n美团.点评招聘啦！ \r\n\r\n美团.点评招聘啦！ \r\n\r\n美团.点评招聘啦！ \r\n\r\n[美团.点评] 正在招聘算法（推荐、搜索、图像、广告、OCR ）、大数据（挖掘、数仓）、JAVA、NLP、深度学习等方向的职位 \r\n\r\n1、搜索算法高级工程师 /专家； \r\n\r\n2、推荐算法技术专家； \r\n\r\n3、图像处理算法工程师 /专家； \r\n\r\n4、广告算法工程师 /专家（策略方向）； \r\n\r\n5、OCR 图像识别资深工程师； \r\n\r\n6、自然语言处理、语音助手算法工程师； \r\n\r\n7、数据开发工程师（数据仓库方向）； \r\n\r\n8、资深数据挖掘工程师 /专家； \r\n\r\n9、广告架构-高级研发工程师 /技术专家； \r\n\r\n10、推荐系统高级工程师 /技术专家； \r\n\r\n11、高级 JAVA 工程师。 \r\n\r\n\r\n\r\nBase：北京（部分上海职位） \r\n\r\n欢迎大家自荐或者推荐哈~ \r\n\r\n简历请扔给 jiangya@meituan.com，谢谢，比心~~", "title": "[美团-直招] 算法、图像、大数据、ＪＡＶＡ、ＮＬＰ 等岗位招人啦", "reply": 0, "click": 1132, "user_id": 225432, "user_name": "jiangyamissya"}