{"id": 204029, "create_time": 1436270208, "create_datetime": "2015-07-07 19:56:48+08:00", "content": "#### 住百家是？\r\n\r\n先谈谈我们吧，住百家是一家专注国人境外短租预定及自由行一站式服务。帮助中国出境自由行用户入住海外的短租公寓、民宿、度假别墅。目前拥有覆盖全球近60个热门旅行城市的数百万套精品房源...(这不是广告@_@)。\r\n\r\n#### 住百家可以为您提供什么？\r\n\r\n* 五险一金\r\n* 五菜一汤+水果的自助午餐，各种零食\r\n* 13寸 Retina MacBook Pro 和外接大号显示器\r\n* 4k+的人体工程学座椅\r\n* 轻松愉（dou）快（bi）的团队氛围\r\n* 自由的上下班时间，弹性的工作制\r\n* 节日福利、团建福利、培训福利等..\r\n* 娱乐及休闲设施（吧台、健身器材、乒乓球、台球）及特种兵出身的专业健身指导教练\r\n* 漂亮的前台和同事\r\n* 站立、躺卧的办公区\r\n* 每周四提供免费专业的功夫熊按摩服务\r\n* 扁平的团队架构；宽敞的休息环境；足够的成长空间\r\n* ...\r\n\r\n\r\n#### 住百家需要？\r\n\r\n##### Android 开发工程师 （12-20K）\r\n\r\n* 两年以上 Android 平台开发经验，三年以上 Java 开发经验； \r\n* 熟悉 Android 开发架构和API调用、掌握APP适配不同型号手机屏幕开发技巧； \r\n* 熟练掌握自定义控件；熟悉 Android 下网络通信机制； \r\n* 熟练设计模式，具有扎实的 Java 基础和良好的编程习惯； \r\n* 有在应用市场发布过作品的优先考虑。\r\n\r\n##### iOS 开发工程师 （12-20K）\r\n\r\n* 熟练掌握 Objective-C、C/C++ 语言，熟悉 iOS SDK、Xcode开发环境，以及 iOS 界面和交互开发； \r\n* 了解iOS APP 性能、内存优化，熟练掌握代码调试、调优技术； \r\n* 掌握 iOS 数据并发、存储、工作流以及线程控制等技巧； \r\n* 参与过开源项目或者具备 App Store 成功作品者优先。\r\n\r\n##### 前端开发工程师 （10-20K）\r\n\r\n* 精通 HTML/CSS/JavaScript 等 Web 开发技术； \r\n* 熟悉但不依赖 JavaScript 框架； \r\n* 熟悉各种 Web 浏览器的技术特点，并能快速定位和解决问题； \r\n* 了解至少一门非前端开发语言（如 Ruby/ PHP/ Java/ Python 等）； \r\n* 关注前端技术发展，有良好的技术视野，对技术钻研有强烈的兴趣； \r\n* 工作认真，责任心强，有良好的沟通、表达能力和团队合作精神。\r\n\r\n \r\n##### Ruby 开发工程师 （12-20K）\r\n\r\n* 熟悉 Ruby/Ruby on Rails 开发；\r\n* 熟悉 HTML/CSS/JavaScript；\r\n* 熟悉 MySQL/Linux/Git；\r\n* 具有一定的英文读写能力；\r\n* 对新技术充满好奇心，学习能力强，代码清晰整洁。\r\n\r\n#### 初级软件测试工程师(4-6K)\r\n\r\n* 负责基本功能测试用例设计和测试执行;\r\n* 熟悉软件测试流程和理论;\r\n* 能够使用简单的SQL和Linux命令辅助测试;\r\n* 热爱软件测试工作，思维敏锐，勤于学习、善于沟通，有独立工作能力。\r\n\r\n#### 软件测试工程师(8-12K)\r\n\r\n* 有2年以上实际软件测试经验；\r\n* 熟悉软件测试流程和理论；\r\n* 熟悉SQL语言、Linux系统；\r\n* 热爱软件测试工作，思维敏锐，勤于学习、善于沟通，有独立工作能力。\r\n\r\n\r\n##### 我们也有加分项\r\n\r\n* 个人博客\r\n* 拥有或参与过开源项目（GitHub）\r\n* 足够叼，足够 Geek\r\n* 长的像我前男友\r\n* 有缘人\r\n* \"English very ok\"\r\n* 处女座，双鱼座（其他星座不减分）\r\n\r\n\r\n\r\n##### 请将您的简历发送到: lonre@zhubaijia.com \r\n\r\n\r\n##### 公司地址：北京朝阳来广营西路荣达广场2层 \r\n\r\n\r\n##### 公司网址： http://www.zhubaijia.com", "title": "「北京/招聘」住百家新一轮招人，骚年，你的工作掉了。", "reply": 12, "click": 4955, "user_id": 125990, "user_name": "kvwror"}