{"id": 362631, "create_time": 1495258937, "create_datetime": "2017-05-20 13:42:17+08:00", "content": "[联系方式] xuyuting@myhexin.com、qq：623844355\r\n\r\n[公司介绍] 浙江核新同花顺网络信息股份有限公司，是专业从事金融大数据处理、金融信息云服务的高新技术企业。 公司成立于 1995 年，并于 2009 年在深交所上市(股票代码：300033)，是国内第一家互联网金融信息服务行业上市公司，公司规模已超过 3000 人。\r\n\r\n[项目描述] 同花顺人工智能投资项目利用自然语言解析、大数据、机器学习等人工智能技术，建立开放高效的投资研究平台。这个平台将满足投资者在证券投资研究过程中高效处理信息、快速寻找投资机会的强烈需求。平台同时拥有自然语言解析（ i 问财回测）和 Python （ MindGo ）两种策略回测工具，极大的降低了投资者的学习门槛，提高了研究效率。 同花顺拥有证券投资领域最完整的金融数据、资讯信息和最大投资用户群体。我们用最先进的技术打造最完善的投研平台和交易工具，配置最强大的计算能力。投资研究平台和同花顺行情软件、交易工具完美配合。聪明的投资者可以利用同花顺投资研究平台，尽情去实验自己的想法，找到适合自己的最高效、最安全的投资方法，在风云变幻的证券市场中稳定获利，实现自己的财务自由之梦。\r\n\r\n工作内容 \r\n参与公司投顾领域智能机器人后端模块、架构开发及维护。涉及到高性能服务开发、机器学习算法、数据挖掘、个性化推荐、架构设计多个方向。\r\n\r\n岗位要求 \r\n1.本科及以上学历，计算机相关专业。\r\n2.熟练掌握 C、C++、java 任何一门语言，掌握常见的算法和数据结构, 有 Linux 相关平台应用程序开发经验。\r\n3.有大型高性能服务设计实现经验更佳。\r\n4.对常见的开源系统原理如 zookeeper、redis、hbase、hadoop、store 等之一了解更佳。5.优秀的分析和解决问题的能力，对挑战性问题充满激情。\r\n\r\n目前希望是两年以上工作经验，实习生暂时没有需求~\r\n\r\n\r\nwe have everything before us we have nothing before us", "title": "杭州-金融大数据行业对话机器人-寻找优秀的主力 C++/ Java 开发 这里有完整的金融数据，最大投资用户群体~~~~~", "reply": 1, "click": 1408, "user_id": 144009, "user_name": "xytsky"}