{"id": 668073, "create_time": 1588403743, "create_datetime": "2020-05-02 15:15:43+08:00", "content": "总部位于美国硅谷的医疗科技公司，国内在北京、天津、上海都有办公室。\r\n\r\n我们现在的产品包括网页产品（ React ）、客户端产品（ React Native ）还有 IoT 相关的设备，围绕健康医疗推出了一系列在全球 范围内有声誉的硬件产品。如果你对医疗行业感兴趣，现在就是加入我们的好机会！\r\n\r\n作为我们技术团队的一员，你需要参与设计、创造、维护我们的系统，为我们的持续增长提供支持。\r\n\r\n现有如下两个职位，年薪均在 9 万-12 万美金左右，需要前往美国本部。\r\n我们会提供 H1B 工作签证支持，签证生效前，可选择在国内任一分公司（北京、天津、上海）办公。 \r\n*需要良好的英文沟通能力\r\n\r\n\r\n职位 1: 软件工程师\r\n\r\n\r\n\r\n• Design and implement products and applications using React and GraphQL\r\n\r\n• Solve problems to improve patient outcomes, make data actionable for our medical team and the doctors we are working with, and scaling the system\r\n\r\n• Drive engineering efforts and partner with product owners to create technical requirements\r\n\r\n• Help the team define and maintain development practices that let us iterate quickly while maintaining quality — including writing tests and documenting key implementations\r\n\r\n• Work in agile programming environment\r\n\r\n• Learn about new tools and technologies to solve problems and move our goals forward\r\n\r\n• 2+ years of experience building consumer web applications or B2B services in a team setting\r\n\r\n• Strong JavaScript development experience\r\n\r\n• Solid React skills or deep experience with other web frameworks\r\n\r\n• Database experience (we use MongoDB)\r\n\r\n• Strong troubleshooting skills\r\n\r\n• Full stack experience is a plus\r\n\r\n• Positive attitude and excitement to influence the products we being built\r\n\r\n\r\n\r\n职位 2: Node / React JS Developer\r\n\r\n\r\n• Design and implement products and applications using React and GraphQL\r\n\r\n• Solve problems to improve patient outcomes, make data actionable for our medical team\r\n\r\nand the doctors we are working with, and scaling the system\r\n\r\n• Drive engineering efforts and partner with product owners to create technical requirements\r\n\r\n• Help the team define and maintain development practices that let us iterate quickly while maintaining quality — including writing tests and documenting key implementations\r\n\r\n• Work in agile programming environment\r\n\r\n• Learn about new tools and technologies to solve problems and move our goals forward\r\n\r\n• 2+ years of experience building consumer web applications or B2B services in a team setting\r\n\r\n• Strong JavaScript development experience\r\n\r\n• Solid React skills or deep experience with other web frameworks\r\n\r\n• Database experience (we use MongoDB)\r\n\r\n• Strong troubleshooting skills\r\n\r\n• Full stack experience is a plus\r\n\r\n• Positive attitude and excitement to influence the products we being built\r\n\r\n我们使用的技术栈：React, React Native, GraphQL, Redux, Redis, MongoDB, Terraform, Ansible, Git, AWS Infrastructure\r\n\r\n\r\n联系方式：请加微信「 lizlatte 」咨询", "title": "硅谷医疗科技公司招全栈 + Node / React JS，提供 h1b 签证赴美，签证生效前可在国内分公司办公，年薪 9-12 万美金", "reply": 19, "click": 4035, "user_id": 461805, "user_name": "lizsays"}