{"id": 203631, "create_time": 1436157208, "create_datetime": "2015-07-06 12:33:28+08:00", "content": "招了一个月前端和iOS了，招不到，所以现在，没有要求了。。。只要你是个前端就行！\r\n\r\n先说公司：\r\n坐标：北京 - 望京SOHO \r\n公司半年前新三板上市，官网太丑，我就不贴了 \r\n\r\n再说待遇： \r\n朝九晚五点半，五点半！弹性上班工作制，而且不加班 ，不加班！\r\n五险一金按最高额度上+商业保险 \r\n15K左右的薪酬～视你经验和水平来定，我们是新三板上市公司，送的直接就是股票，不是期权 \r\n公司是老公司新方向，老板很nice，所以工作很稳定，同时兼具创业公司的激情。 \r\n会有很多自我学习进步的空间和时间\r\n\r\n要求：\r\n没有要求了！实在招不到人，没有要求了！只要你认为自己是个真正的前端就行！\r\n学历不限，性别不限，年龄不限，应届生也可以，前提是研究学习前端一年或以上\r\n唯一重要的要求是：对前端的工作充满热情，有很强的自我学习的意愿。\r\niOS的要求是能干活，即可\r\n\r\n简历投递：\r\ninsubtemp#126.com , 每信必回！", "title": "[北京] 苦苦地招前端和 iOS，新三板上市公司，待遇好福利高，对水平没有要求了！是个前端就行！", "reply": 39, "click": 4093, "user_id": 6046, "user_name": "insub"}