{"id": 201883, "create_time": 1435550366, "create_datetime": "2015-06-29 11:59:26+08:00", "content": "企业2.0（Enterprise 2.0）管理软件，通过市场调研，分析中小企业的管理痛点，通过以移动技术为代表的云计算、物联网等新一代信息技术工具和SNS、社交媒体为代表的社会工具应用，实现用户创新、大众创新、开放创新、协同创新，完成企业形态从生产范式向服务范式的转变。\r\n\r\n前这项目在上海研发过半年多时间，现在刚移到了成都来研发和运营，已经上线1.0 版本。\r\n市场不缺钱，缺的是好的团队和好的项目。现在，好的项目有了，技术已经成型，就等待你的加入！\r\n召唤：后台大牛，ios端大牛，web端大牛合伙人，市场（招商）合伙人\r\n\r\n创业项目：企业2.0管理软件，2B的市场\r\n创业地点：成都市孵化园地铁站奥克斯广场\r\n创业观点：2B是最适合创业的市场，这个市场需求很多，BAT也很少涉及。\r\n如果你对我的项目也感兴趣，有一起创业的想法，请留下联系方式，我们一起交流：\r\nQQ: 26472481\r\nEmail:veteranyu@163.com", "title": "寻找 IOS ,server 端， web 端合伙人，目标地点：成都", "reply": 2, "click": 1417, "user_id": 124701, "user_name": "veteranyu"}