{"id": 360837, "create_time": 1494561955, "create_datetime": "2017-05-12 12:05:55+08:00", "content": "## 我们是谁\r\n\r\n**MOOV**是专注于运动健身领域，给用户提供最佳运动体验的科技公司。2014 年成立于美国硅谷，2016 年底完成 1200 万美元的 B 轮融资。\r\n\r\n目前在美国硅谷和北京拥有办公室。\r\n\r\n我们自主研发的硬件软件产品在全球上百个国家正式销售，并进驻所有英语国家的苹果直营店，荣获红点和 IF 设计奖等多个奖项。 近期已正式进入中国市场，在京东商城有售。\r\n\r\n其中 Moov Now 上市后国外知名科技媒体 PCWorld 的评价为\r\n> Moov Now is a $100 fitness wearable that does what Apple Watch and Fitbit cannot\r\n\r\n我们持续推动软件、硬件和商业极限，给全球用户带来最棒，最新颖的运动健身体验。期待你的加入！\r\n\r\n全球官网： https://welcome.moov.cc\r\n中国官网： http://www.moovfit.cn\r\n\r\n## 我们提供的职位\r\n\r\n**软件研发工程师**\r\n\r\n负责移动客户端（**iOS & Android**）产品研发与实现，产品架构的改进及性能优化，新技术的学习、研究和应用\r\n\r\n**技术栈**\r\n\r\n- 使用 C++ 11/14 实现跨平台部分功能，从底层的日志、内存管理到上层的业务逻辑\r\n- 使用 Native 代码(**Java, Objective C**)实现大部分 UI 交互及动画\r\n- 使用 Git, Bitbucket, Jenkins, Fastlane 等工具进行日常开发，使用 Slack, Zoom 进行日常沟通\r\n- 使用 Google Cloud Platform 提供后端服务\r\n\r\n**办公地点**：北京东城区东四十条甲 25 号嘉诚有树\r\n\r\n## 我们需要的你\r\n\r\n- 编程功底扎实，能流利书写 C/C++、Java、Objective-C 或者其他常见语言， 能在实践中灵活运用常见的数据结构和算法\r\n- 有团队协作经验，熟悉 Git 以及 Git 的协作，对代码质量有“洁癖”，能够接受严格的 Code Review\r\n- 快速学习的能力，对于未知的领域能够快速了解并给出问题的解决方案\r\n- 知道如何在中国观看 YouTube 上的技术视频 *（当然入职后公司也会提供相应解决方案）*\r\n- 可以使用英语进行日常的沟通交流\r\n\r\n**加分项**\r\n\r\n- 对知名开源项目有过代码贡献\r\n- 在 Github 上有项目并且有一定数量 stars 或者 forks\r\n- 熟悉 C++11/14，Android / NDK，iOS （任一），有丰富的开发经验\r\n- 有独立完成／已上架 App\r\n\r\n## 我们可以提供\r\n\r\n- 具有竞争力的薪资及期权奖励，国家标准五险一金以及补充医疗保险，每年定期体检\r\n- Macbook Pro 及外接显示器，免费的零食和饮料，每周团队聚餐，生日聚会等等\r\n- 灵活的工作时间，在条件允许的情况下部分时间可在家办公，每年 10 天带薪年假，不提倡加班\r\n- 提供前往美国硅谷总部培训和工作的机会\r\n- 提供正版工作软件，以及参加技术交流活动费用报销\r\n\r\n**请将简历并附上一封简短的自我介绍（中英文皆可）以及代码片段（或 Github 地址）到： jobs@moov.cc，我们会及时联系你。**\r\n\r\n也欢迎推荐你认识的人，推荐奖 iPhone 7 一台或其他等值礼品。", "title": "[北京] Moov 智能运动教练中国公司招聘移动端开发", "reply": 0, "click": 1600, "user_id": 136738, "user_name": "Thomashu"}