{"id": 363431, "create_time": 1495596735, "create_datetime": "2017-05-24 11:32:15+08:00", "content": "**来就享受：**\r\n\r\n- 人体工学椅   \r\n- Macbook Pro Retina （再配一个 Dell 显示器）   \r\n- 机械键盘（自己选啊）  \r\n- 周末双休\r\n- 带薪年假\r\n- 入职即买五险一金\r\n- 弹性工作   \r\n- 饮料不限量  \r\n- 其他配置需求你来提\r\n\r\n**工作内容：**\r\n\r\n- 负责设计和搭建软件系统架构；\r\n- 全权参与软件产品的开发和维护；\r\n- 对于产品和技术的结合有独到见解。\r\n\r\n\r\n**职位要求：**\r\n\r\n- 精通一种或几种后端语言：PHP/Python/Ruby/Golang/Java ；\r\n- 精通 Javascript，Html5，CSS3，能熟练使用 Grunt，Gulp，Webpack，Sass，Less 等技术进行前端开发，熟悉页面架构和布局，对表现与数据分离、Web 语义化有深刻理解；\r\n- 对前沿前端框架有一定了解：ReactJS，Vue.js，AngularJS ；\r\n- 能独立分析和解决技术难题；\r\n- 优秀的逻辑思维能力、学习能力，良好的沟通能力、团队协作精神，充满激情。\r\n\r\n**如果你符合以下条件,则予优先考虑：**\r\n\r\n- 对大数据，Docker，人工智能等技术有浓厚兴趣；\r\n- 对客户端的 Native 或 Hybird 开发有一定了解；\r\n- 有突出的发现和解决问题能力；\r\n- 社区活跃分子，开源达人。\r\n\r\n关于公司及职位的更多信息，来拉勾看看吧~\r\n\r\nhttps://www.lagou.com/jobs/3085734.html\r\n\r\n或者直接把简历发至： hym@yc.ai\r\n邮件标题 copy：**应聘全栈工程师-V2EX**\r\n这样我可以很快就处理哟~~", "title": "[深圳.南山区.科技园][耘财科技（小米系）]招募棒棒哒全栈工程师（(✿◡‿◡)， 15K-25K， 15 薪", "reply": 27, "click": 4289, "user_id": 231047, "user_name": "palefox"}