{"id": 824247, "create_time": 1640333416, "create_datetime": "2021-12-24 16:10:16+08:00", "content": " [杭州] 小影科技持续内推中🚀，各种技术岗位（ java ，前端，客户端，算法，音视频等等），产品、设计、运营均有 hc ，点击后面的链接可查看所有开放职位]（ https://quvideo.jobs.feishu.cn/s/8Fx9avp ），有意向请将 [简历] + [岗位] 发至 yuewen.wu@quvideo.com ，24 小时提供进度查询。福利待遇：\r\n\r\n1 、全额公积金\r\n2 、午餐补贴 25 ，晚餐补贴 25 。下午茶、周五水果。\r\n3 、可申领苹果 MacBook Pro 或者电脑补贴 200/月\r\n4 、年终奖分 2 次发放，年中也能感受到巨额奖金的温暖！\r\n5 、晚间打车企业支付\r\n6 、年度体检\r\n7 、补充医疗保险\r\n8 、每年带薪年假+外省路程假等等", "title": "[杭州] 小影科技持续内推中🚀", "reply": 14, "click": 1173, "user_id": 555093, "user_name": "yvanww"}