{"id": 660195, "create_time": 1586256821, "create_datetime": "2020-04-07 18:53:41+08:00", "content": "面向 2021 毕业的同学们。\r\n\r\n我们是 MaxCompute 大数据平台，阿里数据中台的核心技术团队。我们不在开源代码上做小修小补，我们做全面领先于开源的自研大数据平台，是会被财报直接点名的品牌 https://usstock.jrj.com.cn/2019/11/06015728356632.shtml \r\n\r\n欢迎了解大数据基本原理，追求能够做一些不一样的大数据开发工作的同学。\r\n\r\n技术方向上，有调度，有引擎（ SQL 、优化），有安全（隔离、容器），有生态（面向开源引擎，面向异构计算等等）。\r\n\r\n简历发我 ruibo.lirb [at] alibaba-inc [dot] com 期待和优秀的你共事，成为这个支撑时代的中坚力量", "title": "阿里大数据平台开发实习招聘", "reply": 1, "click": 863, "user_id": 16700, "user_name": "lyman"}