{"id": 820635, "create_time": 1638862304, "create_datetime": "2021-12-07 15:31:44+08:00", "content": "帮同事转发个招聘信息，有兴趣联系  senliezheng#tencent.com (#换成 @)\r\n\r\n职位：微信 ABtest 实验平台大数据开发工程师（深圳、北京、广州）\r\n\r\n职位描述\r\n1 、负责微信实验平台指标数据计算系统的开发与重构\r\n2 、设计并实现可靠，高效地针对海量数据的分布式数据计算流程\r\n3 、负责实验平台相关算法的工程化落地\r\n\r\n\r\n职位要求\r\n1 、对大数据领域感兴趣，熟悉或使用过大数据处理平台(e.g. hadoop/spark/flink/clickhouse)\r\n2 、熟悉分布式系统原理，参与开发过大规模分布式系统\r\n3 、编程能力扎实，熟悉至少一门常用的后台开发语言和相关技术\r\n4 、工作认真细致踏实，强大的抗压能力，较强的学习能力、分析解决问题能力\r\n5 、熟悉 Flink 、Spark 、Clickhouse 等主流大数据计算系统原理及源码优先", "title": "微信 ABtest 实验平台大数据开发工程师（深圳、北京、广州）", "reply": 2, "click": 523, "user_id": 59720, "user_name": "zhsenl"}