{"id": 206219, "create_time": 1437050061, "create_datetime": "2015-07-16 20:34:21+08:00", "content": "java开发工程师\r\n\r\n岗位职责：\r\n1、系统框架和核心代码的实现；\r\n2、项目的详细设计、开发计划等的编制并实施；\r\n3、解决开发过程中的技术问题；\r\n4、参与代码维护与备份。\r\n \r\n岗位要求：\r\n1、2年以上JAVA开发经验，熟练掌握MVC编程思想及SSH架构；\r\n2、熟练掌握软件开发流程，具备良好的系统分析和设计能力；\r\n3、丰富的Web开发经验，熟悉掌握各种Web应用开发模式，具有丰富的高并发、大数据系统的设计、研发、调优经验；\r\n4、熟悉MySQL数据库应用开发；精通WebSphere/WebLogic/JBoss/Tomcat/Resin等主流J2EE应用服务器，至少其中两项；\r\n5、对缓存技术（Redis/Memcached等）有较深入的应用级研究，有开发经验者优先；\r\n6、熟悉Linux环境开发，熟悉常用SHELL命令；\r\n7、具备较强的责任心，良好的职业道德，良好的抗压能力。\r\n\r\n\r\n\r\n前端开发 \r\n\r\n岗位职责： \r\n负责公司HTML5项目的开发。 \r\n\r\n任职要求： \r\n1、熟悉html/html5.CSS/CSS3，javascript； \r\n2、熟悉jQuery或者Zepto等前端类库； \r\n3、对模块化、less或者sass有了解； \r\n4、重视前端规范，代码质量，性能优化； \r\n5、有自我驱动力，喜欢前端，愿意琢磨前端技术； \r\n6、能够独立写前端组件； \r\n7、三年以上工作经验。 \r\n\r\n加分项：有自己的个人技术博客或者是github开源项目 \r\n\r\n\r\n\r\n\r\nAndroid开发工程师 \r\n岗位职责： \r\n1、负责公司安卓客户端应用软件的开发与维护； \r\n2、负责按照项目计划，按时提交高质量的代码，完成开发任务； \r\n3、负责开发文档的编写、维护和规范； \r\n4、对android平台开发技术进行研究，根据开发过程中的体验对产品提出改进建议； \r\n5、参与软件产品项目规划工作，协助制定具体项目实施方案，参与软件系统的设计和分析。 \r\n\r\n岗位要求： \r\n1、3年以上android/J2ME开发经验，有良好的算法基础，了解andriod开发平台及框架原理； \r\n2、对android UI设计有丰富的经验，熟悉自定义控件，有UI优化实践更佳； \r\n3、熟悉android网络开发，熟悉网络协议，熟悉Sqlite数据库； \r\n4、具备良好的文档维护能力，可以使用SVN或CVS管理代码； \r\n5、有独立开发APP的经验（有成功上线产品者优先）； \r\n6、具有练好的沟通能力、团队合作能力。 \r\n\r\n\r\n\r\n\r\niOS开发工程师 \r\n岗位职责： \r\n1、负责wecash iOS平台客户端的开发和维护； \r\n2、主动发现产品不足，并不断地进行维护优化； \r\n3、手机软件开发技术方面以及可行性方面的分析和探索。 \r\n\r\n岗位要求： \r\n1、3年以上iOS开发经验，有良好的算法基础； \r\n2、熟练掌握Objective-C，以及iOS SDK中UI、网络、数据库、XML/JSON解析等开发技巧，熟悉Mac OS X、Xcode开发环境； \r\n3、熟悉iOS环境下的多线程、App运行生命周期、内存管理等； \r\n4、对终端产品的UI/UE有独到的见解与认识，追求良好的用户体验； \r\n5、负责客户端项目的开发和迭代，有成功发布App者优先； \r\n6、熟悉HTTP协议，有客户端网络编程经验； \r\n7、熟悉iOS常用的设计模式、数据结构； \r\n8、对软件产品有强烈的责任心，具备良好的沟通协作能力，自学能力强，能承担工作压力。 \r\n\r\n\r\n\r\n全员期权+六险一金+补充医疗+提供自助午餐+年度体检+各种技术交流培训+丰厚奖金+各种活动....\r\n\r\n简历请飞至： hr@wecash.net\r\n\r\n工作地址：朝阳区农展馆南路13号瑞辰国际中心8层801室\r\n                （地铁10号线团结湖站B口出，步行5分钟即可到达）\r\n\r\nHR电话：010-57265470\r\n\r\n公司介绍：\r\n成立于2014年4月，是中国第一家互联网信用评估公司。其开发的“闪银”（产品于2013年底上线）是国内最先进的大数据信用评估系统。截止到2015年5月份，累计有超过1500万用户。\r\n\r\n    Wecash闪银致力于用大数据消除信息不对称，提供更快、更精准的信用决策。依托数据挖掘分析和机器学习技术，对申请者提交的信息进行识别，并结合个人社交行为及海量互联网信息，对个人信用进行在线评分。基于强大的数据点基础，3分钟即可完成评估，得到信用额度，额度可以用来提现、分期消费，还会在将来享受租车、租房等非金融服务。\r\n\r\n    闪银的合作伙伴覆盖银行、p2p、消费金融、小贷公司等金融领域，也包括租车、租房、招聘、社交等非金融领域。对于闪银和机构合作者而言，Wecash闪银助力合作伙伴大大简化了审批流程，降低人力成本，同时降低了违约风险，大幅降低了资金交易成本。\r\n\r\n    公司CEO支正春毕业于北大物理系，是一位85后创业者，他的终极梦想是“人人都有信用，人人的信用都可以转化成资产。”Wecash闪银未来还将以先驱者的姿态，继续朝着这个目标稳扎稳打，创造更大的价值。\r\n\r\nWecash闪银的发展历程：\r\n\r\n2013年11月，Wecash闪银业务开始\r\n2014年1月，Wecash闪银微信服务号上线\r\n2014年4月，Wecash闪银IOS版客户端上线，公司正式成立\r\n2014年4月，闪银与北京资信合作，致力于网络信用透明化\r\n2014年7月，闪银获得IDG的660万美金融资\r\n2014年9月，Wecash闪银安卓客户端上线\r\n2014年9月，推出91白条\r\n2014年9月，成为内地唯一入围“2014埃森哲亚太区金融技术创新实验室”的公司\r\n2014年10月，闪银与宝驾租车合作，成功研发租车征信系统\r\n2014年11月，闪银红包上线\r\n2014年12月，闪银入选全球金融科技创新50强\r\n2014年12月，闪银与北银消费合作，大数据助力北银消费降低人工成本、降低信用风险、并提升用户体验\r\n2014年12月，与广盛行达成合作协议\r\n2014年12月，获得中关村科技园雏鹰计划专项拨款\r\n2015年1月，世界银行IFC官员考察闪银\r\n2015年2月，闪银获得SIG的2000万美金的B轮融资\r\n    是目前国内最先进的大数据信用评估系统。截止到2015年5月份，已经有超过1500万用户，公司估值过亿美金。", "title": "[朝阳团结湖 B 轮高颜值 大数据公司] wecash 闪银 诚求 java/前端/android/ios 攻城狮哥哥", "reply": 2, "click": 1513, "user_id": 96545, "user_name": "liuyuanyuan"}