{"id": 824617, "create_time": 1640571748, "create_datetime": "2021-12-27 10:22:28+08:00", "content": "关于我们\r\n=====\r\n太极图形 (Taichi Graphics, 北京格拉飞可斯科技有限公司) 主导开发开源基础设施 Taichi 编程语言 ( https://github.com/taichi-dev/taichi, 18K stars, ~150 contributors, ~1M downloads) 及相关云计算基础设施，专注计算机图形学、编译器、高性能计算、云计算相关技术，拥有世界领先的技术积累。\r\n\r\n﻿公司 80% 为研发人员。**团队成员均来自 MIT 、哈佛、宾大、清华、北大、Google 、微软、Facebook 等顶尖学府和企业，一半以上成员拥有海外留学或工作经历。**公司已获得红杉资本数百万美元投资，提供极具竞争力的现金、期权回报与福利。\r\n\r\n相关产品已在快手等知名互联网企业落地，被百万用户使用。公司被硅谷权威科技媒体 The Information 评为 \"全球 50 家最具发展潜力初创公司\"（中国地区仅 7 家企业上榜），入围福布斯中国 2021 年企业科技 50 强榜单，并在北京市主办的 HiCool 全球创业大赛中获得一等奖（在 5000 支参赛队伍中共 6 支队伍获得一等奖）。\r\n\r\n我们的价值观\r\n========\r\n\r\n**l 使命：**解放创造力 \r\n\r\n**l 愿景：**打造世界级的开源图形计算基础设施与云平台，让图形计算惠及每一人\r\n\r\n**l 价值观：**激情 同理心 务实 专注 谦逊\r\n\r\n联合创始人\r\n=======\r\n**CEO 胡渊鸣** 是麻省理工学院计算机科学博士。主要研究方向为计算机图形学与编译器。胡渊鸣博士 2017 年 7 月本科毕业于清华大学姚班。\r\n\r\n**CTO 匡冶** 是前 Google 软件工程师。匡冶先生拥有哈佛大学计算机科学硕士学位、清华大学学士学位。\r\n\r\n热招职位\r\n=====\r\n## 技术类\r\n\r\n[Python 软件工程师]( https://app.mokahr.com/apply/taichi/41024?hash=%23%2Fjob%2Fbbbfd94f-d885-40b7-bca2-2930ca48f3d4%3Ffrom%3Dqrcode%26isRecommendation%3Dfalse)\r\n\r\n[C++软件工程师]( https://app.mokahr.com/apply/taichi/41024?hash=%23%2Fjob%2F63f7f1ba-5426-4f27-9cb2-c86d6fa0c641%3Ffrom%3Dqrcode%26isRecommendation%3Dfalse)\r\n\r\n[分布式系统工程师]( https://app.mokahr.com/apply/taichi/41024?hash=%23%2Fjob%2F9bb07726-6d0c-449a-83c7-f19c5999773a%3Ffrom%3Dqrcode%26isRecommendation%3Dfalse)\r\n\r\n[流媒体研发工程师]( https://app.mokahr.com/apply/taichi/41024?hash=%23%2Fjob%2Fe1b8b21f-30f8-494e-9a98-e2b9449582f5%3Ffrom%3Dqrcode%26isRecommendation%3Dfalse)\r\n\r\n[服务器后端开发工程师]( https://app.mokahr.com/apply/taichi/41024?hash=%23%2Fjob%2F2097133a-a596-411b-abdb-1e6d6170db4a%3Ffrom%3Dqrcode%26isRecommendation%3Dfalse)\r\n\r\n[云原生工程师]( https://app.mokahr.com/apply/taichi/41024?hash=%23%2Fjob%2F41b04de8-0398-4802-904b-5a31f0f92fc0%3Ffrom%3Dqrcode%26isRecommendation%3Dfalse)\r\n\r\n[前端工程师]( https://app.mokahr.com/apply/taichi/41024?hash=%23%2Fjob%2Fddc2922f-f2ef-4b3d-9758-612019a4971a%3Ffrom%3Dqrcode%26isRecommendation%3Dfalse)\r\n\r\n[编译器研发工程师]( https://app.mokahr.com/apply/taichi/41024?hash=%23%2Fjob%2F5601b06a-35b7-4700-96af-3111ac885454%3Ffrom%3Dqrcode%26isRecommendation%3Dfalse)\r\n\r\n[GPU/HPC 研发工程师]( https://app.mokahr.com/apply/taichi/41024?hash=%23%2Fjob%2F4ed134a5-0702-4df6-b5fc-4dd50629ca1f%3Ffrom%3Dqrcode%26isRecommendation%3Dfalse)\r\n\r\n[DevOps 工程师]( https://app.mokahr.com/apply/taichi/41024?hash=%23%2Fjob%2F1e91de8b-268d-4f70-904b-f8456a9f6b09%3Ffrom%3Dqrcode%26isRecommendation%3Dfalse)\r\n\r\n[Technical Writer]( https://app.mokahr.com/apply/taichi/41024?hash=%23%2Fjob%2F382ec0b2-ce06-4e7e-9703-954116633f96%3Ffrom%3Dqrcode%26isRecommendation%3Dfalse)\r\n\r\n\r\n同时也欢迎有兴趣的大四、研二同学来太极图形实习（可提供转正）\r\n\r\n另外还有设计、产品、美术、职能类岗位，欢迎大家扫下方二维码了解更多~\r\n\r\n\r\n## 工作地点\r\n北京 海淀中关村、上海 张江\r\n\r\n***\r\n\r\n公司福利\r\n======\r\n\r\n五险一金、高端补充医疗保险、定期体检、年终奖、股票期权、带薪年假、餐补、节日福利、零食下午茶、不定期团建等等~\r\n\r\n***\r\n\r\n**↓↓↓太极图形公众号↓↓↓**\r\n\r\n![太极图形公众号二维码.jpg]( https://s2.loli.net/2021/12/24/vsHNiXWEzJY8Ur6.jpg)\r\n\r\n**↓↓↓招聘官网↓↓↓**\r\n\r\n![招聘官网二维码.png]( https://s2.loli.net/2021/12/24/lYoBm54Hcexrbi2.png)\r\n\r\n\r\n\r\n## 投递方式\r\n\r\n1. 点击以上职位名称，进入官方招聘网站投递\r\n2. 扫二维码进入官方招聘网站投递\r\n3. 发送简历至 xiaoyingzhang@taichi.graphics ，并注明“姓名+岗位+来自 v2ex”", "title": "[北京/上海] 太极图形技术职位热招~！ DevOps/前端/后端（ Python C++ Golang）/流媒体/编译器/分布式系统工程师看过来！~ 提供极具竞争力的现金、期权回报与福利~", "reply": 2, "click": 822, "user_id": 176345, "user_name": "cindyzhang"}