{"id": 199108, "create_time": 1434462362, "create_datetime": "2015-06-16 21:46:02+08:00", "content": "互联网不断侵袭着传统行业，而娱乐圈正在成为BAT的下一个目标。与其坐以待毙，不如先发制人！\r\n我们是一只拥有几十年线下经验的娱乐圈团队，正在迈出自己进军互联网的第一步。我们拥有充足的线下资源，包括歌手、电影、杂志等等，以及专业的运营团队。我们的目标是打造一个能够与BAT竞争的专业娱乐平台。我们的优势就是专业！\r\n公司将会从演唱会直播做起（快速积累用户），再针对行业中的具体问题做一些增值的业务，打造一个集聚粉丝、艺人、经纪公司、品牌方和供应商的专业平台。\r\n我们的IT部门刚刚成立不久，非常希望能够招到一位前端开发的高手，一起创造属于我们的未来！\r\n\r\n\r\n我是公司的CTO, 欢迎大家私信我，或者kevin@soundlifetv.com，公司待遇也不错，工资都可以谈。", "title": "[上海] 娱乐圈互联网初创公司招前端开发高手", "reply": 2, "click": 1672, "user_id": 121932, "user_name": "kevinwang"}