{"id": 660204, "create_time": 1586259431, "create_datetime": "2020-04-07 19:37:11+08:00", "content": "灰产、黑产就不要问我要简历了！  \r\n\r\n中年程序员，发了几次帖子了，回应者寥寥，但是我还是不想放弃，战斗力正是巅峰的时候我相信自己的价值。  \r\n\r\n我会什么？\r\n---\r\n\r\n每次想到这个问题，其实挺头疼，因为会的东西还挺多，但是都停留在应用的层面，有一些也不成体系。不过战斗力确实不错，可能不入大神法眼，但是能很快出成果。\r\n\r\n- PHP，8 年经验，使用过 Yii2 和 Laravel 框架，做过的项目涉及智能硬件、支付、彩票、CMS 、各种 APP 的 API 等；\r\n- JavaScript，包括 Node.js 和 TypeScript，大部分情况下都 Node.js 做长连接的服务（原生和 Socket.io ），用 ts 主要做前端界面，打包手机 APP 或者桌面应用；\r\n- Python，主要用来做量化和爬虫；\r\n- Docker，使用 docker-compose 做开发环境，阿里云的 docker-swarm 或者 aws 的 ecs 部署生产环境；当然还有 jenkins 一条龙。\r\n- PMP 项目经理；\r\n- 其他，太细的也不知道怎么写。\r\n\r\n我干过什么？\r\n---\r\n\r\n挑几个印象深刻的说说吧。  \r\n\r\n- 代码覆盖率统计平台  \r\n 这个是刚入行的时候进了腾讯的外包，在电脑管家的测试开发组开发各种测试需要的工具（ web 方面），之所以印象深刻，是因为当时确实遇到了很多问题，首先是框架，后台用的叫 qphp，当时一头懵逼，文档都找不到，前端用的 extjs，当时也不知道这个框架，只感觉跟学过的 js 比怪怪的，腾讯的伙伴也比较忙没人交接，天知道当时刚从培训班出来的我怎么搞定的；后来收集测试数据、入库、队列分析数据，还搞了代码段评论和注释，现在看来其实都很小儿科，当时确实成就感满满，因为还得了内部奖项\r\n \r\n- 上运车智能轮胎喷胶平台  \r\n 工业风满满，的确是工业设备，超过一个立方的体积，摆在汽车修理店，为轮胎喷涂防爆胶。客户通过小程序或者 APP 在线下单，然后到店享受服务。  \r\n 我作为技术 leader，除了负责小程序、APP 和服务器的开发外，也会经常和工厂的开发沟通，优化操作流程和协议细节，增强鲁棒性。这是我第一个智能设备的项目，也因此会走上外包的不归路。  \r\n \r\n- 外包  \r\n 17 年 12 月，腾讯的朋友给我介绍了一个项目，金额 20 多万，当时的工资其实不低（交完税 22-23 ），但依然没能顶住诱惑，误以为外包能更快赚钱，为了对得起甲方和公司，我辞职了。  \r\n 18 年其实过的挺滋润，朋友们都很照顾介绍了好几个项目，大的接近 40 万，小的几万块，我找了几个小伙伴一起干，干不完的找兼职，还是赚了不少。智能咖啡机、儿童机器人、网约车、网络设备管理系统等等，有上市公司，也有一两个人的小团队。  \r\n 然而人有悲欢离合，月有阴晴圆缺，19 年开始就不行了，慢慢开始接不到项目了，后来还玩起了量化，终究是赌博，计划 20 年好好工作的，却被疫情无情打乱。  \r\n \r\n- 专线猫  \r\n 如果翻一下帖子的历史就知道，我最近刚刚上线了自己的产品，比我的第一次还要激动。  \r\n 这些年其实我有很多想法，有的甚至都开干了，但是都在自我怀疑中流产了，只有这一个顺利降生！  \r\n 这个产品上线的时机很不对，服务于跨境电商，却遭遇国外疫情大爆发，估计几个月都难有几个用户。毕竟大家暂时都没法扩展业务了，也就不会用我的产品。  \r\n 这个项目用 Laravel6 做 API 和管理后台，Vue 全家桶做界面，Electron 全家桶打包桌面应用和自动更新；最骄傲的是做了自己的 chrome 浏览器（虽然是站在巨人的肩膀上）。  \r\n \r\n \r\n想找什么样的工作？\r\n---\r\n\r\n咸鱼也有梦想，期望有优先级\r\n1. 技术 leader\r\n2. PHP 开发\r\n3. Vue or React 前端开发\r\n\r\n期望薪资：到手 20k，这两年脱离求职市场了，不知道这个期望咋样。  \r\n\r\n有什么兴趣？\r\n---\r\n\r\n- 运动健身，健身已经坚持两年了，在老家买了乒乓球桌，几乎每天都会跟伙伴们打个五局三胜，直到最近（大家都走了）；\r\n- 户外，什么东西冲穿越、海岛露营已经玩了很多次了，老伙计们结婚的结婚，回老家的回老家，道一句物是人非；\r\n- 美食，爱吃也爱做，不过任何美食在我嘴里，我只会说一句“还行”\r\n\r\n大家如果有兴趣，请邮箱联系我吧，thrall.chen at gmail.com  \r\n\r\n最后，祝大家好运！", "title": "[深圳求职] 全干大龄程序员又来求职了[笑哭]", "reply": 22, "click": 2645, "user_id": 138217, "user_name": "cszchen"}