{"id": 355978, "create_time": 1492599029, "create_datetime": "2017-04-19 18:50:29+08:00", "content": "简历发送至 huhuadong@didichuxing.com (注明岗位编号)\r\n------\r\n（一）后端开发（ Passport /PHP/Golang/C/C++/Java ）\r\nPassport 高级工程师 /架构师（公共平台）--平台技术部(J13257)\r\nPHP 开发工程师 /架构师（业务平台）--平台技术部(J10400)\r\nPHP 开发工程师（公共平台）--平台技术部(J13929)\r\nPHP 开发工程师（运营系统）--平台技术部(J13929)\r\n高级 PHP 开发工程师 /架构师（智能客服）-平台技术(J13876)\r\nGolang 开发工程师(公共平台)---平台技术部(J13932)\r\n引擎架构工程师 /架构师（ 引擎技术）— 平台技术(J14312)\r\n引擎数据工程师 （引擎技术）— 平台技术(J14314)\r\n高可用架构工程师 /架构师（引擎技术）--平台技术部(J13145)\r\nJava 开发工程师 /架构师（公共平台）--平台技术部(J13930)\r\nJava 开发工程师 /架构师（运营系统）--平台技术部(J13930)\r\nJava 开发工程师--增长团队(J14258)\r\nJava 开发工程师（智能客服）-平台技术(J13875)\r\n后端 Java 开发工程师 /架构师-平台技术（专车）(J14262)（杭州+北京）\r\n \r\n(二)前端类职位\r\n前端开发工程师 /架构师（业务平台）--平台技术部(J10396)\r\n前端开发工程师 /架构师（品质出行业务）--平台技术部(J10396)（杭州+北京）\r\n前端开发工程师（智能客服）-平台技术(J13873)\r\n \r\n（三）客户端类职位（ Ios &Android ）\r\niOS 开发工程师 /架构师（终端技术）--平台技术部(J13153)        \r\nAndroid 开发工程师 /架构师（终端技术）--平台技术部(J13154)    \r\niOS 资深软件开发工程师（杭州）（品质出行业务）-平台技术(J14492)\r\n \r\n（四）算法类职位\r\n引擎算法工程师 /专家( 引擎技术 )—平台技术(J14313)\r\n数据算法工程师（公共平台）--平台技术部(J13897)\r\n数据算法工程师（运营系统）--平台技术部(J13897)\r\nNLP 算法工程师（智能客服）-平台技术(J13877)\r\n \r\n（五）产品类职位\r\n高级产品经理（智能客服）-平台技术部(J14713)\r\n \r\n（六）数据分析类职位\r\n资深数据分析工程师（品质出行）-平台技术(J14264)（杭州）", "title": "[杭州+北京]滴滴出行招聘 Passport / PHP /Golang/C/C++/ Java /前端/Ios &Android/算法/产品/数据分析", "reply": 11, "click": 2163, "user_id": 223423, "user_name": "huadonghu"}