{"id": 499687, "create_time": 1540172803, "create_datetime": "2018-10-22 09:46:43+08:00", "content": "2018 年已接近尾声，我们滴滴一些职位高薪开放。  \r\n  \r\n### **一、主要招聘职位**\r\n前端 /Go/Java/Php/C++/算法 /Android/iOS/大数据 /数分等等职位大量招聘。  \r\n业务包括国际化 /后市场 /单车 /外卖 /专车 /快车 /金融 /智慧交通 /大数据 /地图等。\r\n  \r\n### **二、主要待遇**\r\n① **月 20k-55k，一定级别另有期权**  \r\n② 六险一金，父母及子女的商业保险  \r\n③ 全员 Mac，免费下午茶、免费晚餐  \r\n④ 有孩子或者怀孕的女性员工有每周一天的在家办公机会  \r\n  \r\n### **三、职位描述及要求**\r\n技术岗位主要在北京、杭州、上海。所有职位详情可见： http://talent.didiglobal.com/social/list/1   \r\n\r\n### **四、内推方式**\r\n**欢迎简历直接发送到 <trinea.cn@gmail.com>** 或微信联系我([trinea 点击扫码]( http://codekk.com/images/weixin-trinea-256.jpeg))内推。 \r\n任何问题或疑惑欢迎留言，有关系好的小伙伴也可以给我们推荐。  \r\n  \r\n![]( http://www.trinea.cn/wp-content/uploads/2016/10/mengdian3.jpg)", "title": "[滴滴出行-北京、杭州] 前端/Android/iOS/Go/ Java / PHP /算法 等各类职位大量招聘，月 20k-55k，优秀另有期权", "reply": 3, "click": 1588, "user_id": 48095, "user_name": "Trinea"}