{"id": 655783, "create_time": 1585045062, "create_datetime": "2020-03-24 18:17:42+08:00", "content": "像素偏移（ PixelShift.AI ）由一群来自 MIT 与 Google AI 的科技引领者创立，在上海和硅谷均设有研发中心，致力于开发人工智能、生成模型等前沿科技。以深度生成模型为核心，在内容创作领域实现突破性进展，不断朝向“逼真”这个点往前推进，提供 AR 增强的工具化能力以及 VR 虚拟形象的应用成果，展开在视频编辑、图像处理、营销创意、特效这些领域的产品落地和商业化解决方案，为图像与视频内容的创作拓展边界，提供新的方向和可能。通过拓展人工智能在视觉创新领域的应用边界，改变人们创作、娱乐和审美方式，开启科幻级数字未来。\r\n\r\n海量的数据处理，坚实的平台基础，机器学习平台的独特性挑战，大规模批处理的结构化实现，是像素偏移的基建工程，打好根基，才能让算法落地，才能实现“成为 CV 技术声誉最领先的创业团队”、“证明 CV 于创作领域的巨大价值，每天影响数千万境内外用户”的三年目标。\r\n\r\n如果你热爱前沿技术，对人工智能充满信心，喜欢和聪明人一起共事，享受不确定性，爱探索未来，崇尚技术导向、工程师文化，向往坦诚沟通、透明信息、科学决策、无社交压力的工作环境，极度欣赏对事及对人有尊重感的管理风格，那来像素偏移吧。来场美丽的邂逅，开始一段科技炫酷的人生旅行。\r\n\r\n---\r\n上海研发中心:\r\n\r\n**计算视觉算法工程师 （ 20k-40k/14 薪）**\r\n\r\n岗位职责：\r\n\r\n基于深度学习的图像识别、图像分割、图像分类等技术研发 计算机视觉模型在手机端的产品化以及落地\r\n\r\n任职要求：\r\n\r\n本科及以上学历，两年及以上相关工作经验 熟悉深度学习与计算机视觉等相关知识 具有丰富的视频处理、图像处理等领域开发经验 熟悉以下一种或多种深度学习开发框架：Tensorflow, PyTorch 熟悉图像算法库 OpenCV 熟悉 C/C++开发，扎实的数学功底和论文阅读与复现能力。 「本职位有实习机会，欢迎在校学生申请。」\r\n\r\n**数据平台研发工程师（ 15k-25k/14 薪）**\r\n\r\n岗位职责：\r\n\r\n负责设计和开发分布式网络爬虫系统，进行多平台信息的抓取和分析工作 负责网页信息和 APP 数据抽取、清洗、消重等工作，提升平台的抓取效率 参与爬虫核心算法和策略优化 实时监控爬虫的进度和警报反馈\r\n\r\n任职要求：\r\n\r\n本科及以上学历，两年及以上相关工作经验 熟悉采集系统的调度策略 熟悉 linux 平台开发，掌握 Python/C++/Java 三种编程语言中的至少一种 有网络爬虫、网页去重、网页信息抽取等相关经验\r\n\r\n**云平台研发工程师（ 20k-35k/14 薪）**\r\n\r\n岗位职责：\r\n\r\n负责搭建基于 Kubernetes 的机器学习云平台\r\n\r\n任职要求：\r\n\r\n本科及以上学历，有三年以上基础设施开发经验，如云计算，分布式系统等 有 Kubernetes CRD / Operator 的开发经验 熟悉 Python/Go 等一种及以上编程语言 熟悉以下云平台工具链：Terraform, Consul 熟练使用 Linux 和 Docker 容器 加分项：\r\n\r\n为 Docker/Kubernetes 等容器相关知名开源项目贡献过代码 自己手动部署过 Kubernetes 集群\r\n\r\n**后端研发工程师 （ 15k-30k/14 薪）**\r\n\r\n岗位职责：\r\n\r\n负责搭建公司机器学习平台 与技术团队合作共同完成其他基础设施的开发工作\r\n\r\n任职要求：\r\n\r\n具有计算机及相关专业的本科及以上学历 有三年以上大规模系统开发经验，如云计算，分布式系统等 掌握 C/C++/Go/Python 等一种以上编程语言 熟悉深度学习训练及部署流程 \r\n\r\n工作地点：上海市杨浦区大学路 322 号\r\n\r\n微信联系：13433284485\r\n\r\n注明：「 V2EX 招聘」姓名", "title": "[上海] 像素偏移（PixelShift.AI）招聘云平台、图像算法、大数据、后台工程师", "reply": 1, "click": 1337, "user_id": 469137, "user_name": "KongGo"}