{"id": 662983, "create_time": 1587003946, "create_datetime": "2020-04-16 10:25:46+08:00", "content": " [统一要求] \r\n国内 211 本科以上学历，特别优秀可酌情放宽\r\n年龄不超过 35 岁优先\r\n工作经验 1 年以上均可，博士应届生也可\r\n\r\nC++开发：偏高性能研究方向，做过低延迟系统开发，博士加分\r\n数据岗：做过债券或股票相关系统数仓建设，设计，数据挖掘等相关工作\r\n\r\n数学或统计专业加分\r\n\r\n欢迎大家自荐和推荐合适的朋友\r\n微信：18611891016\r\n邮箱： katherine.liu@falcontalent.com", "title": "国内头部量化私募基金招 c++/数据岗位，薪资可谈", "reply": 0, "click": 620, "user_id": 475647, "user_name": "61ly1016"}