{"id": 360163, "create_time": 1494318897, "create_datetime": "2017-05-09 16:34:57+08:00", "content": "目前招聘岗位列表（具体岗位 JD，请看下面详细介绍）：\r\n\r\n1.\t无线架构师 \r\n\r\n2.\t平台架构师\r\n\r\n3.\t架构师（爬虫方向或数据分析方向）\r\n\r\n我们的优势：\r\n\r\n星级办公楼 -- 公司地址：杭州市江干区近江时代大厦 A 座 12 楼 \r\n\r\n毗邻地铁口 -- 1 号线 & 4 号线：近江地铁口\r\n\r\n员工福利多 -- 16 月薪资+股票期权+全额公积金+餐补+交通补贴+团建活动+下午茶+带薪年假+团建活动+节日福利\r\n\r\n团队大牛带 -- 100 人的技术团队，管理层和大部分核心员工均为来自网易、阿里华为、玛氏、亚马逊、宅急送、首旅集团、中粮等公司的大咖。\r\n\r\n集团背景 -- 无需融资。\r\n \r\n联系方式：\r\n\r\n1)联系人：HR，王小姐\r\n\r\n2)邮箱： wangjingsi@xinguangnet.com （请备注‘ V2EX 论坛+岗位+姓名’，谢谢）\r\n\r\n3)联系电话：0571-28252603\r\n\r\n4)如有其他不明事宜请与我们联系\r\n      \r\n下面是关于公司的简要介绍和具体岗位信息，请参考。\r\n\r\n公司官网： http://www.neoglory.cn/\r\n\r\n新光控股集团集投资、商贸、地产于一体的民营企业集团，是浙商群体中迅速崛起、令人瞩目的一支新锐力量。新光集团始建于 1995 年，截至目前拥有 40 家全资子公司及控股公司，总资产超百亿元。集团是上市公司，旗下也有多个上市的子公司。新光控股在全球华人胡润排行榜财富排名是 407 位，在浙江排名第 6 位，所以资金实力是很雄厚的，目前资产约 600 个亿。\r\n\r\n新光互联投资管理有限公司（以下简称“新光互联”）是由中国品牌 500 强的上市公司新光控股集团有限公司巨资打造的创新型企业。秉承了新光集团勇于拼搏的浙商精神，在依托互联网新态势下，整合“金融、地产、物流、饰品垂直平台、产业投资等”产业生态，致力打造“物联天下，品质中国”的理念。目前业务平台包含原生态农产品（天下农品公司）、农产品生鲜仓储（天下农仓公司）、旅游购物（游购中国公司）、社区 O2O 配送（极配科技公司）、公寓（未来域项目）及产业园开发运营（新辰控股产业园管理公司）等一系列产业互联的经济生态圈。新光控股集团在线下积累了很多年资源，目前成立了新光互联事业群，就是为了把线下的资源整合起来，做一个互联网化的平台。\r\n\r\n我们一直坚持——   \r\n\r\n“上善若水 竞和天下” 20 年来始终不变的企业理念；\r\n\r\n“中国一流企业 世界知名品牌”的企业目标；\r\n\r\n“同舟共济 惜福惜缘”的家园文化。\r\n\r\n未来，我们希望能——\r\n\r\n与你携手共进\r\n\r\n一起实现“物联天下，品质中国”的创业梦想。\r\n\r\n与你共同成长\r\n\r\n我们以人为本，视员工为第一资源，员工是我们的创造者、战略的实践者、未来的开拓者。\r\n\r\n二、团队成员：\r\n\r\n管理层和大部分核心员工均为来自网易、阿里、华为、玛氏、亚马逊、宅急送、首旅集团、中粮等公司的大咖。部分成员介绍：\r\n\r\n新光集团副总裁兼新光产业互联 CTO：刘波\r\n\r\n在近二十年的职业生涯中，是一名从事电商领域工作的多年老兵。从当当网信息系统项目开始，经历五洲在线的电商代运营，电商第三方物流服务的历程，在阿里巴巴、菜鸟网络的技术管理，网易印像科技的时尚电商摸索，最后在新光集团探索产业互联网和物联城市，十几年来持之以恒的专注于互联网、技术在电商领域的应用。\r\n\r\n曾担任：五洲在线副总裁；   \r\n\r\n阿里巴巴技术总监 、物流宝负责人；  \r\n\r\n菜鸟网络首任技术负责人；  \r\n\r\n网易技术副总裁 ；   \r\n\r\n现任：新光集团副总裁兼 cto\r\n\r\n杭州技术负责人：陈勇\r\n\r\n工作十几年来，致力于企业内部信息化、社会化的供应链平台、消费者端电商平台等全程业务流程系统架构的研究与开发实施。于 2002 年加入金蝶（中国）软件有限公司，任面大型集团的金蝶 EAS 产品供应链架构师，拥有十年的企业信息化及供应链的相关工作经验，曾参与过厦门银鹭集团，中国南车，北京华和堂，四川泸天化，传化集团等大型的企业的供应链系统开发与实施，11 年末加入阿里巴巴集团，任技术专家，前期负责天猫商家供销平台，招商等商家相关运营平台，后期负责手淘店铺及无线运营中心等面向无线消费者及卖家端的平台开发，对互联网化的电商平台拥有丰富的工作经验。16 年中加入网易，任技术总监，负责网易印象科技整体技术团队。\r\n\r\n南京技术团队 TL：吴爱华\r\n\r\n在电信行业十年的经历，参与中国电信行业 OSS 产品技术标准制定。曾就职去全球知名通信厂商 AsiaInfo （亚信），HUAWEI （华为），为全球电信运营商提供产品咨询和解决方案。曾负责德国、荷兰、沙特、越南、缅甸、伊拉克等众多海外国家的电信运营支撑解决方案架构设计。系统服务于数十亿客户，全球三分之一以上人口。\r\n此后加入阿里巴巴集团，服务于菜鸟网络，担任快递业务架构负责人。以改变传统物流服务效率为已任，致力于物流分拔及末端派送服务的智能化提升。在职期间基于大数据，机器学习，空间数据成功研发智能分单系统，将快递业务人工分拣效率提升 3 倍，为分拣全面智能化，自动化奠定了基础。对物流行业分拣带来革命性的变化。\r\n\r\n具体岗位介绍：\r\n\r\n一、无线架构师\r\n\r\n岗位职责：\r\n\r\n1.负责线上线下全渠道各体系产品需求分析和研发工作。\r\n\r\n2.负责系统方案设计、开发、调优；并解决各种疑难杂症，帮助系统架构完善。\r\n\r\n3.分析梳理业务场景，帮助业务方解决各种业务问题。\r\n\r\n4.分析线上系统性能优化点，提升系统响应时间和吞吐率，提高系统利用率。\r\n\r\n5.负责研发团队的管理，任务分解，以及周边业务团队之间的工作协同。\r\n\r\n任职条件：\r\n\r\n1.计算机相关专业，本科及以上学历；\r\n\r\n2.编程基础扎实，熟悉 io、多线程、集合等基础框架；五年以上使用 java 及 WEB 应用软件开发经验，两年以上系统设计经验，并熟知软件开发流程；\r\n\r\n3.熟练使用 spring、iBatis、MVC 等框架。精通 jsp，servlet，java bean，JMS，Jdbc，Flex 开发，对 SOA 的模式有较深的理解。\r\n\r\n4.熟练使用关系型数据库，如 mysql。对数据库有较强的设计能力，同时对数据库连接池的使用，线程池技术等较为熟悉者优先考虑；\r\n\r\n5.熟悉分布式、缓存、消息、搜索、数据分析等工作机制；\r\n\r\n6.熟悉常用设计模式，有大型分布式、高并发、高负载、高可用性系统设计开发经验\r\n\r\n7.具有出色的抽象设计能力，思路清晰，善于思考，能独立分析和解决问题\r\n\r\n8.学习能力强，适应能力好；良好的团队合作精神和承受压力的能力\r\n\r\n9.电商系统或 O2O 垂直电商领域电商系统架构设计经验优先\r\n\r\n二、平台架构师\r\n\r\n岗位职责：\r\n\r\n1.\t负责基础平台的系统分析和架构设计，并完成核心架构的实现\r\n\r\n2.\t指导相关技术团队实现设计，规划平台未来技术架构方向； \r\n\r\n3.\t进行全局性和前瞻性的架构设计，以及技术细节的实现，推动周边系统和相关团队完成\r\n\r\n4.\t系统架构落地，解决业务发展遇到的架构问题，持续提升系统平台稳定性； \r\n\r\n4.\t新技术探索、跟进，并结合实际推进到研发体系\r\n\r\n5.\t促进研发团队技能的提升，完成技术分享，指导和培训\r\n\r\n\r\n任职条件:\r\n\r\n1.\t5 年以上 Java 研发和软件设计经验优先 \r\n\r\n2.\t3 年以上互联网高并发大系统设计与研发经验； \r\n\r\n3.\t熟练掌握主流应用服务器架构体系、数据库以及各种中间件技术，如 tomcat、nigix、redis、HTTP、Ajax、Mysql、RabbitMQ 等； \r\n\r\n4.\t熟悉大规模系统的负载均衡、缓存、网络存储、网络安全、数据库高可用设计及性能评估机制； \r\n\r\n\r\n5.\t具备良好的系统分析能力，良好的抽象思维和逻辑思维能力，独立分析问题解决问题的能力； \r\n\r\n6. 可承受较大压力，有责任感，较强的沟通协调能力，具有团队合作精神,能带领团队进行主要平台产品的研发和平台升级优化。\r\n\r\n三、架构师（爬虫方向）\r\n\r\n岗位职责：\r\n\r\n1. 负责网络爬虫的开发； \r\n\r\n2.网络爬虫架构设计、功能开发及更新优化； \r\n\r\n3.网站登陆，网页信息抽取等核心算法的研究和更新优化； \r\n\r\n4.研究网站安全的新技术等。 \r\n\r\n岗位要求：\r\n\r\n1.精通网页抓取原理及技术，从结构化和非结构化数据中获取信息；\r\n\r\n2.熟悉 HttpClient、HtmlParser、Jsoup 中的一种或多种开源技术；\r\n\r\n3.熟悉文本检索、英文分词相关技术，具备一定的数据挖掘能力；\r\n\r\n4.精通抓包工具至少一种。\r\n\r\n5.JAVA 基础扎实，熟悉 io、多线程、集合等基础框架，熟悉分布式、缓存、消息、搜索等机制优先；\r\n\r\n6.2 年以上 web 开发的经验，熟悉 web 开发的相关技术：html、javascript、ajax、xml 等，了解 AOP、MVC 等框架都优先；\r\n\r\n四、架构师（数据分析方向）\r\n\r\n岗位职责：\r\n\r\n1.负责大数据平台的设计和开发，负责 Hadoop、Spark 等平台的开发和优化；\r\n\r\n2.负责数据基础架构和数据处理体系的升级和优化，不断提升系统的稳定性和效率，为公司的业务提供大数据底层平台的支持和保证；\r\n\r\n3.研究未来数据模型和计算框架的创新与落地；\r\n\r\n岗位要求：\r\n\r\n1.5 年以上工作经验，具有大数据平台分析经验；\r\n\r\n2.熟悉 Hadoop(MR/Hbase/Hive/Impala 等)、Spark(SparkStream/SparkSQL 等)、Storm 等大数据相关技术；\r\n\r\n3.熟悉机器学习算法，搜索引擎技术，或分布式计算技术，对基于内存的多维计算与分析，对多核多进程 /线程、内存数据库分式有深入理解与实践；\r\n\r\n4.熟悉大规模系统的负载均衡、缓存、网络存储、网络安全、数据库高可用设计及性能评估机制；\r\n\r\n5.有推荐系统、自然语言分析、机器学习、用户行为分析项目工作经验者优先；\r\n\r\n\r\nJOIN US：\r\n\r\n\r\n你想要的，我们统统满足你！\r\n\r\n这里将给你一个全新的工作环境，让你做乐于并善于的事！", "title": "[杭州]2017 浙江新光互联招聘--新出发 光耀眼 寻找发光的你！ [架构师篇]", "reply": 0, "click": 4097, "user_id": 214065, "user_name": "Aimeekim"}