{"id": 198758, "create_time": 1434366374, "create_datetime": "2015-06-15 19:06:14+08:00", "content": "手头上有上海的工作哦！感兴趣的小伙伴看过来~\r\nDeep Focus是一家有中英背景的广告公司，公司里会有不少歪果仁，如果感兴趣的话可以给我投简历到alex_huang@hotmail.com，有问题欢迎随时邮箱打扰哦！(*^__^*) \r\n\r\nJava Front-End任职能力要求：\r\n1.1年以上Web前端开发经验，能够独立完成前端页面开发工作；\r\n2.有良好的JS、CSS以及HTML代码风格；\r\n3.熟练使用jQuery等主流库，会原生JavaScript优先考虑；\r\n4.精通HTML、CSS+Div布局，能熟练使用CSS3；\r\n5.如果有响应式及移动WEB开发经验再好不过；\r\n6.了解至少一种后台开发语言（PHP），了解前台端配合的流程.\r\n\r\nPHP Programmer任职能力要求：\r\n3年以上相关工作及开发经验；\r\n精通PHP编程，熟悉zend framework，CI, ThinkPHP 等框架（有任意一种框架开发经验）；\r\n能够使用Drupal 进行二次开发者优先；\r\n熟悉MySQL, 有MySQL优化能力；\r\n熟悉Linux编程，熟悉Shell脚本编程；\r\n熟悉面向对象的编程，熟悉软件开发规范，具有很好的代码编写能力和良好的代码编程习惯；\r\n良好的沟通能力和团队精神，工作严谨，有责任心。", "title": "[上海] [PHP/Java] [deep focus] 中英合资公司", "reply": 1, "click": 1520, "user_id": 122402, "user_name": "alexhuang23333"}