{"id": 200744, "create_time": 1435115615, "create_datetime": "2015-06-24 11:13:35+08:00", "content": "职位名称：Android 应用开发工程师\r\n  工作职责：\r\n1. 负责 Android 播放框架项目开发\r\n2. 负责 Android 与其他各个应用对接\r\n3. 参与播放框家相关的功能设计文档编写\r\n  任职要求：\r\n1.\t一年或以上工作经验；\r\n2.\t熟悉 Android 平台应用开发；\r\n3.\t熟悉 Android 平台播放应用开发；\r\n4.\t具有良好的沟通能力，和良好的团队合作精神；\r\n5.\t优秀的分析和解决问题的能力，敏锐的洞察力。\r\n\r\n职位名称：iOS应用开发工程师\r\n  工作职责：\r\n1. 负责 iOS 播放框架项目开发\r\n2. 负责 iOS 与其他各个应用对接\r\n3. 参与播放框家相关的功能设计文档编写\r\n  任职要求：\r\n1.\t一年或以上工作经验；\r\n2.\t熟悉 iOS 平台应用开发；\r\n3.\t熟悉 iOS 平台播放应用开发；\r\n4.\t具有良好的沟通能力，和良好的团队合作精神；\r\n5.\t优秀的分析和解决问题的能力，敏锐的洞察力。\r\n\r\n简历投递邮箱： yuqing@letv.com，并在邮件主题中注明应聘职位以及是在V2EX上看到的。\r\n期待您的加入。", "title": "[北京，乐视] iOS、Android 应用开发", "reply": 3, "click": 1710, "user_id": 123091, "user_name": "yuq03"}