{"id": 195740, "create_time": 1433301815, "create_datetime": "2015-06-03 11:23:35+08:00", "content": "Python开发工程师（中高级）（2人）\r\n\r\n岗位职责：\r\n负责乐视云通用云平台基础设施平台的设计与开发\r\n\r\n基本要求：\r\n1. 2年以上Python语言为主的软件开发经验。\r\n2. 熟悉后端开发，基于开源web基础框架（如 Flask，Tornado，Django等）开发web后端。\r\n3. 熟悉Linux系统及基本的Linux命令，能在Linux环境下进行开发工作。\r\n4. 对技术有激情，喜欢钻研，能快速接受和掌握新技术。\r\n5. 热爱python，云计算，互联网。\r\n\r\n具备以下条件者优先：\r\n\r\n1. 互联网背景\r\n2. 熟悉Docker/Git/Jenkins/CoreOS rkt\r\n3. 热衷于开源项目\r\n\r\n如果你是高手，Geek，那么只要你青睐乐视，也请过来聊聊，我们有大平台供你施展，薪水不是问题。\r\n\r\n简历投递： fengxingqiang@letv.com", "title": "[北京] [乐视云计算] 通用云平台招聘 Python 开发工程师", "reply": 1, "click": 1863, "user_id": 63951, "user_name": "pysrx"}