{"id": 361621, "create_time": 1494904026, "create_datetime": "2017-05-16 11:07:06+08:00", "content": "# 招聘部门\r\n\r\n腾讯地图平台部\r\n\r\n百亿位置大数据等你来处理！\r\n\r\n# 后台研发工程师\r\n\r\n**技术要求**\r\n1. 计算机及相关专业毕业，熟练掌握操作系统相关知识。\r\n2. 熟练掌握 C/C++程序语言，具有一定的项目经验。\r\n3. 熟练掌握 SQL，能够独立对后台数据库进行维护。\r\n4. 熟悉 Python 等脚本语言。\r\n5. 了解前端工作原理，具有较强的团队协作能力。\r\n6. 学习能力，责任心强，喜欢钻研技术，乐于分享知识，有地图数据处理相关经验者优先。\r\n\r\n# 数据挖掘工程师\r\n\r\n**技术要求**\r\n1. 计算机及相关专业毕业，熟练掌握操作系统相关知识。\r\n2. 具有机器学习，人工智能相关科研工作经验。\r\n3. 能够对大规模并行计算系统进行设计与优化。\r\n4. 熟悉 Shell，Python 等一门以上脚本语言，并灵活运用到实际工作中及解决技术问题；\r\n5. 逻辑思维能力强，对数据敏感，有较强的学习能力和创新思维；\r\n6. 喜欢钻研技术，乐于分享知识，有地图数据处理相关经验者优先。\r\n\r\n# 算法设计工程师\r\n\r\n**技术要求**\r\n1. 具有良好的逻辑分析能力，能将复杂问题形式化表达。\r\n2. 具有优秀的解决问题的能力，能把握问题的核心，对解决问题充满激情。\r\n3. 熟悉 C/C++语言编程，对数据结构和算法设计有较为深刻的理解。\r\n4. 具备良好的团队合作精神，较强的沟通能力，具备良好的技术领导能力。\r\n5. 具有路径规划算法、图像内容识别、语义分割、目标检测和跟踪相关科研工作经验者优先。\r\n\r\n# 数据产品经理\r\n\r\n**职位要求**\r\n1. 具有互联网地图数据相关工作经验\r\n2. 熟知地图数据生产流程\r\n3. 精通地图数据标准和规划设计\r\n4. 热爱学习、热爱产品和技术创新\r\n\r\n# 简历投递\r\n\r\n简历请以“学历_毕业院校_姓名_投递岗位”格式命名。\r\n请将简历发送至 yck0208©sina.com\r\n\r\n\r\n# 工作环境\r\n\r\n公司地址位于中关村中国技术交易大厦，各类生活娱乐设施丰富，交通便利。预计明年启用新大楼，自带泳池！上班时时间 965。7 点后提供免费晚餐，可有多种选择。此外公司还提供各种二外福利，不排除还有机会成为腾讯股东。\r\n\r\n\r\n* 休息区免费饮料、咖啡、牛奶、豆浆等\r\n![休息区]( http://i1.piimg.com/1949/870252fe751dac21.png)\r\n\r\n* 健身房\r\n![健身房]( http://i1.piimg.com/1949/e9bd377fb40a79ce.png)\r\n\r\n* 休息区\r\n![休息区]( http://i1.piimg.com/1949/870252fe751dac21.png)\r\n\r\n* 会议室\r\n![会议室]( http://i1.piimg.com/1949/243e27c43dd42e2c.png)\r\n\r\n* 自动售货机\r\n![自动售货机]( http://i1.piimg.com/1949/ea3c217b81a58f25.png)\r\n\r\n* 淋浴间\r\n![淋浴间]( http://i1.piimg.com/1949/5bacb84ac851c80e.png)", "title": "[北京]腾讯招聘后端研发工程师|优秀的职位留给优秀的你~", "reply": 14, "click": 2559, "user_id": 158649, "user_name": "araneid"}