{"id": 504297, "create_time": 1541309526, "create_datetime": "2018-11-04 13:32:06+08:00", "content": "前端职位描述:\r\n\r\n负责拼多多微信商城前端产品的开发工作\r\n负责产品架构的改进及性能优化\r\n参与产品的设计和改进，致力于通过技术改善用户体验 职位要求:\r\n计算机相关专业本科以上学历，一年以上前端开发经验\r\n精通 HTML5、CSS3、Javascript\r\n精通 React/AngularJS/Vue 等主流框架\r\n精通浏览器调试工具的各种功能及利用它的调试方法\r\n对算法、数据结构有一定了解\r\n热爱前端技术、有高度的技术敏感度、广阔的技术视野\r\n沟通能力强，良好的团队合作意识\r\n具有较强的进取心和求知欲，热爱学习，勇于挑战\r\n这里有靠谱的小伙伴，有开放的工作环境，有足够大的平台任你成长。期待你的加入！\r\n\r\nHC 充足 简历请发送至 fshipei@163.com", "title": "拼多多招人啦~~~~上海，广州两地均可~~前端，后端，测试 HC 充足~~薪资 open(你懂得)", "reply": 61, "click": 7762, "user_id": 297688, "user_name": "yiluo"}