{"id": 361457, "create_time": 1494836102, "create_datetime": "2017-05-15 16:15:02+08:00", "content": "你是否期望着能在业余时间分享经验并获得回报？你是否热爱着帮助他人达成目标？麻瓜编程 & Python 网易微专业正在寻找这样的你来担任一对一编程导师。\r\n\r\n## 需要你做的事情：\r\n成为 Python Web 网易微专业的导师，为学生提供在线一对一辅导，每次辅导课 1 小时，在每次辅导课程中，你需要做的是：\r\n![]( http://o9b3plsb8.bkt.clouddn.com/mentor2.png)\r\n* 通过 QQ 视频和共享屏幕的方式解答学生在作业项目中的困惑、为他的代码做 code review、或者与他结对编程。\r\n* 分享你的经验和方法，帮学生更快的掌握技能。\r\n按时计薪。\r\n* 如果可以辅导更多学生，酬劳更多。\r\n\r\n## 我们需要什么样的人：\r\n* 两年以上 Python web 开发经验，有知名互联网公司正式技术岗的工作经历。\r\n* 熟悉 Django 框架, RESTful API 规范; 了解基本的前端知识，包括：HTML, CSS, Semantic UI, Vue.js.\r\n* 愿意帮助他人实现目标，是一个好的倾听者。\r\n* 每周至少能抽出 1 小时时间来作为辅导时间，你可以根据你的日程安排自由增加辅导时间。\r\n* 有较好的网络环境，能流畅的进行 QQ 视频通话。\r\n\r\n## 如何申请加入\r\n请加微信发送简历，微信号是：794498950\r\n\r\n## 一个小故事：为什么需要编程导师\r\n开始做麻瓜编程之后，我们教过的学生已经接近 2500 名。在这个过程中，发现成年人的学习是一件很个性化的事情。\r\n\r\n拿我自己来讲，我在学习新技能的时候，只要条件允许，都会尽量选择一对一的学习方式。前段时间我参加了一门设计课程，我的导师是一个从事 UX 设计师的印度人。虽然和他 Skype 沟通时有一些语言上的障碍（印度人的英语发音会有点大舌头），但是他总是热心又耐心的指出我的作品在交互方面的一些不足，认真程度有时候让我以为我们是在讨论工作中的项目。当我提到我在实际工作中做图太慢的问题时，他说了一句 “ let me show you ”，然后就大大方方打开了他工作项目的设计源文件，让我了解他是如何在 22 小时内完成全部交互稿的。这些原汁原味的工作经验分享让我特别受益。\r\n\r\n![我和导师的辅导过程]( http://o9b3plsb8.bkt.clouddn.com/mentor1.png)\r\n\r\n我是个耐心不足的人，但这门设计课程是我近一年唯一全部完成的课程，如果没有导师的鼓励和引导，我肯定又会半途而废。那种师徒关系的连接感，每次课前的期待感，很奇妙，没办法用语言传达，只能亲自去感受。\r\n\r\n我也知道，这种感受并不是我一个人才有。在我们的学生中，有人会拿着自己业余做的项目问老师；有人会希望老师远程帮他解决问题；有人想学习课程之外的原理和最佳实践……\r\n\r\n我们也一直在思考，对于学习者提出的这些个性化需求，应该怎样最大程度去满足？应该怎样让学生的学习效率是最高的？在 Elon Musk 开发出植入大脑的 AI 之前，一对一导师可能是最能回归教与学本质关系的学习形式。这种学习方式可以让人获得认可、鼓励、关注、成长。这种人与人之间的师徒关系，是很难被某种技术而替代的。\r\n\r\n经过长时间的准备，我们决定在这期的 Python Web 微专业课程中增加一对一编程导师 beta 版的服务。目前已经有今日头条、UC 等公司的工程师加入，希望能找到更多合适的编程导师一起共事。感兴趣的话，请加我的微信发送简历，微信号是：794498950", "title": "[远程兼职] 寻找 Python Web 一对一辅导导师", "reply": 5, "click": 3277, "user_id": 122271, "user_name": "linqianqian"}