{"id": 657566, "create_time": 1585550501, "create_datetime": "2020-03-30 14:41:41+08:00", "content": "岗位职责：\r\n\r\n负责先进网络技术的研究和落地，包括但不局限于：\r\n\r\n(1) 网络协议栈优化\r\n\r\n(2) 国际化网络调度、传输路径规划、链路优化，传输层加速\r\n\r\n(3) 公共互联网上的传输 QoS 保证\r\n\r\n技能需求：\r\n\r\n1. 计算机、软件工程、网络相关专业博士学位，能熟练阅读国际期刊会议论文\r\n\r\n2. 扎实的网络知识，熟悉 TCP/IP/BGP/OSPF/MPLS/VPN 等网络协议；\r\n\r\n3. 熟悉公有云数据中心 /VPC/专线 /VPN/云连接 /SDWAN/CDN 等网络的工作原理；\r\n\r\n4. 熟悉 Overlay/underlay 网络方案，熟悉 SDN，熟悉新一代大规模数据中心网络架构\r\n\r\n加分项：\r\n\r\n1. 有网络管控规模 /吞吐量 /时延 /可靠性 /易用性等 QoS 方面性能调优工作经验者优先； \r\n\r\n2. 有大规模分布式系统架构设计与性能调优工作经验者优先;\r\n\r\n任职资格：\r\n\r\n1 、知名学校博士学位，3 年以上相关领域研究工作经验\r\n\r\n2 、在快节奏和高增长的环境中快速学习的能力\r\n\r\n3 、优秀的书面&口头沟通能力\r\n\r\n4 、优秀的团队协作能力\r\n\r\n我的微信：18621580540", "title": "上海靠谱职位：实时传输网络研究员，不加班，薪水 OPEN", "reply": 9, "click": 1599, "user_id": 221578, "user_name": "fancyfrees"}