{"id": 667715, "create_time": 1588242270, "create_datetime": "2020-04-30 18:24:30+08:00", "content": "滴滴 Rlab 部门直招 PHP/GO 工程师\r\n\r\n部门业务为外卖业务, 主要做国际化方向, 目前处于发展期. 期待有趣的小伙伴一起来~~~\r\n\r\n抄一下 JD..\r\n\r\n职位描述\r\n我们的业务服务采用 PHP 和 Go 开发，已经实现微服务化，并且随着业务不断扩张还在持续产生新的服务和需求，未来还会遇到各种有意思的技术挑战，需要在性能、稳定性、可扩展性和数据正确性等方面持续演进。\r\n\r\n职责：\r\n1 、负责滴滴外卖营销业务的需求开发，在充分理解营销活动的基础上进行需求分析、设计、开发、上线等工作；\r\n2 、负责一个或多个核心数据微服务的设计和实现，充分理解业务的发展方向和未来的技术挑战，并作出提前的设计和规划；\r\n3 、学习研究业界先进技术，保持技术进步。\r\n\r\n任职要求\r\n1 、本科及以上学历，计算机相关专业，两年以上服务端研发经验；\r\n2 、深入理解计算机原理，有扎实的数据结构和算法基础；\r\n3 、深入理解 linux 系统及其原理，熟悉 TCP/IP 、HTTP 协议以及网络编程；\r\n4 、良好的编码和文档习惯，注重代码风格，熟悉各种设计模式和原则，能持续的关注和优化自己做的项目；\r\n5 、熟悉 Go 、PHP 、Java 等至少一门语言，有 PHP/Go 开发经验者优先；\r\n6 、熟悉常用的互联网技术，包括但不限于 MySQL 、NoSQL 、RPC 、MQ 、缓存技术、微服务架构等；\r\n7 、具有分布式系统设计和开发经验者优先。\r\n\r\n\r\n对我司其他部门有兴趣的小伙伴也可以找我内推~~\r\n有问题或者意愿请发预见  aduo@outlook.com", "title": "[北京][滴滴][部门直招] PHP /GO 工程师", "reply": 0, "click": 942, "user_id": 344715, "user_name": "aduo"}