{"id": 198892, "create_time": 1434422513, "create_datetime": "2015-06-16 10:41:53+08:00", "content": "技术宅呢，他肯定是热爱研究，对不懂的东西会去学。\r\n\r\n要做到这点首先肯定是要有一定的基础的：\r\n\r\n1：至少熟悉两种计算机语言C啊或者java什么的，编码思维清晰。\r\n2：HTML/CSS/Javascript最好也懂。\r\n\r\n我们的项目多，目前在做lua语言脚本开发，不会可以边做边学。\r\n技术团队分干股，月入3W以上。\r\n\r\n\r\n坐标在福建，没有所谓的上班时间，带你装逼带你飞！\r\n\r\n欢迎应届生！！！\r\n\r\n私信电话沟通了解详情。", "title": "[福建]我们招募没其他要求，只要是技术宅", "reply": 38, "click": 5071, "user_id": 100341, "user_name": "hzs75"}