{"id": 354580, "create_time": 1492061486, "create_datetime": "2017-04-13 13:31:26+08:00", "content": "### 美库是谁\r\n* **美库**的前身是红妆传媒 -- 一家成立数十年，国内发行量最大的美业杂志之一\r\n* 我们深耕在美容行业数十年，拥有从厂商到美容店，再到从业者一套完整的生态链\r\n* 美库不是一家互联网+公司，而是一家+互联网公司 -- 我们已经有了成功的线下商业模式，想借互联网让这种模式更加高效。\r\n* 我们希望美库能帮助到美业生态圈里面的不同角色，所以我们并不是一家 O2O 的美业服务公司，[*河狸家*]( http://www.helijia.com/)\r\n* 虽然我们有外部投资注入，但我们并不依赖外部资本\r\n&nbsp;\r\n&nbsp;\r\n### 我们的工作环境\r\n* **位置**    \r\n龙江区域，石榴财智创业园，南邻石头城遗址公园，西临秦淮河，东侧环走古城墙，北面南京艺术学院（*研发同学最爱活动就是午饭后去学校看妹子，嘻嘻*）\r\n* **工作环境**  \r\n除了自由还是自由。\r\n我们是及其扁平，[CTO]( https://www.linkedin.com/in/richyan/)可能会经常拉着你讨论问题。  \r\n我们有稳定的 VPN, 可以流畅的观看[vimeo]( https://vimeo.com/)   \r\n我们重度使用 slack ，作为内部沟通工具和 notification hub 。  \r\n新员工可以自由选择自己的家伙，目前我们是台式机， thinkpad ， iMAC, mbp 并存的状态。  \r\n至于团建，年假，社保这种基本福利肯定都是配齐的， 我们希望你来工作不要有后顾之忧      \r\n* **图**  \r\n![qian1]( http://i.imgur.com/xyBOzEw.jpg)  \r\n![qian2]( http://i.imgur.com/tKFB6Fg.jpg)  \r\n![office1]( http://i.imgur.com/afnH4hf.jpg)\r\n![river]( http://i.imgur.com/FSYqHIz.jpg)\r\n![reception]( http://i.imgur.com/4NNVyVf.jpg)\r\n![building]( http://i.imgur.com/oQd8qPC.jpg)\r\n### We're hiring\r\n* **后端工程师／全栈**  15k+  \r\n不管是哪一种语言，只要你能独立搞定一个系统，那么[请砸我简历](mailto:rd-hr@mrrck.com) \r\n---\r\n* **移动端工程师**  15k+  \r\n不管你有多少年工作经验，只要曾经有过商业产品上线，无论是 android 还是 iOS, 那么[请砸我简历](mailto:rd-hr@mrrck.com)\r\n---\r\n* **前端工程师**  15k+  \r\n不管你是汉子还是女汉子， 只要 JS,CSS 有一套，那么[请砸我简历](mailto:rd-hr@mrrck.com)\r\n---\r\n* **产品经理**   10k+  \r\n不管你是初出茅庐，还是久经考验，只要能合理分析需求，有效推动项目，那么[请砸我简历](mailto:rd-hr@mrrck.com)\r\n---\r\n### 我们的[Joel Test]( https://www.joelonsoftware.com/2000/08/09/the-joel-test-12-steps-to-better-code/)\r\n* Do you use source control?   \r\n    Yes, 我们使用 Github   \r\n    \r\n ---\r\n* Can you make a build in one step?   \r\n    Yes ， `build_all.sh & deploy.sh`  \r\n    \r\n---   \r\n* Do you make daily builds?   \r\n    Yes, 我们的移动端代码每天会通过 GreenHouse 编译，下载链接会发给相关内测人员\r\n---\r\n* Do you have a bug database?   \r\n    Yes, 我们使用 Github 的 issue 功能\r\n---\r\n* Do you fix bugs before writing new code?     \r\nNo, 会通过组织 bug scrum 评定优先级。不一定每个 bug 都 critical\r\n---\r\n* Do you have an up-to-date schedule?   \r\n  Yes, 我们跑 agile ，每天 stand up meeting 会做 schedule updating\r\n---\r\n* Do you have a spec?   \r\nYes, 同上。有 user story ，有设计评审\r\n---\r\n* Do programmers have quiet working conditions?   \r\nYes, 研发团队在一块独立区域，不和市场，销售，客服等*噪音制造者*共享办公区域\r\n---\r\n* Do you use the best tools money can buy?   \r\nYes. 更准确说，我们使用最合适我们的工具\r\n---\r\n* Do you have testers?     \r\nYes ，有一个，主要负责测试协调和关键 feature 测试。 Daily build 会发给全公司，所有人都可以下载测试\r\n---\r\n* Do new candidates write code during their interview?   \r\nYes. 必须的\r\n---\r\n* Do you do hallway usability testing?   \r\nYes, 我们有红妆传媒遍布全国的发行团队去扫店，直接收集第一线使用者的反馈", "title": "[南京] 美库网招聘 - 感谢 v2ex, 让我们遇见了不少优秀的同学， 目前我们还缺 Android dev 和前端职位，请砸我简历", "reply": 7, "click": 1882, "user_id": 173744, "user_name": "xxqq1020"}