{"id": 500450, "create_time": 1540313679, "create_datetime": "2018-10-24 00:54:39+08:00", "content": "北京某 211 大学博士点，拟邀请计算机软件相关专业毕业生（往届，具编程经验）报考药学研究相关博士。攻读博士学位期间主要从事“药靶结合与新药开发”相关算法与软件的研究设计，其他从事药学实验的研究生小组对此软件研究设计工作提供药学实验及数据支持。学生读博期间，时间自由分配，只以完成课题达到博士毕业水平为考核指标，不机械限制在实验室工作的具体时间，薪金补助优厚。\r\n        博士毕业后，可推荐至上海某科学院下设药物研究机构或导师投资的相关新药研发企业做博士后或工作。对于博士期间与导师团队共同开发的软件产品，除用于博士毕业的学术内容外，可产品化部分可由金融投资方面导师与学生一起签订股权分配协议，共同在导师团队成员企业中作为内部孵化创业项目进行销售和产业化。\r\n        希望学生跨专业自学能力强、钻研探索精神足、文献分析习惯好、算法和代码水平高，且具备开源软件开发经验和创新创业工作意愿。指导老师团队中，既有药学相关工作经验的实验导师，也有计算机软件开发工作经验的软件导师，还有金融投资行业和创业顾问导师，导师组成员目前已经投资和创业多家企业，希望与计算机专业学生一起继续孵化新的药学 IT 创业项目。\r\n        简历请投递至以下邮箱： netug@126.com", "title": "欢迎计算机软件相关专业往届硕士毕业生报考药学专业博士的邀请函", "reply": 1, "click": 679, "user_id": 358007, "user_name": "pitt1111"}