{"id": 655384, "create_time": 1584947416, "create_datetime": "2020-03-23 15:10:16+08:00", "content": "招聘公司：深圳南山私募量化对冲基金公司\r\n\r\n薪资：15-25K+年终（资深可谈）\r\n\r\n岗位职责：\r\n\r\n公司内部交易系统的开发优化，以及内部管理平台前端公共组件的设计开发及优化；\r\n\r\n任职要求：\r\n\r\n1 、211 本科及以上学历, 计算机相关专业，1 年以上开发相关工作经验；\r\n\r\n2 、熟练使用 Golang/Python/JS/CSS/HTML, 具有一定的前后端开发项目经验；\r\n\r\n3 、有以下技能或内容经验优先考虑：C/C++，GoEx(GitHub), Vue, Django, DjangoRestful Framework\r\n\r\n希望可以快速到岗\r\n\r\n微信：626097611\r\n\r\n邮箱： anmy.wu@jiujianhr\r\n\r\n感谢关注，欢迎有偿推荐！", "title": "[深圳南山] golang 开发工程师", "reply": 2, "click": 870, "user_id": 277214, "user_name": "1202"}