{"id": 369591, "create_time": 1497862973, "create_datetime": "2017-06-19 17:02:53+08:00", "content": "注：\r\n上周推 4 个小伙伴\r\n根据大家反馈 HR 面试如下 Java 天猫事业部面 2 个 前端 1 个 /托腮\r\n\r\n现在推一下集团事业部 下面是 HR 给到的事业部亮点\r\n具体职位要求写在下面有意愿可以看看\r\n邮箱： yuyongjie0613@outlook.com  来信请注明来自 V2EX/目前薪资 /期望薪资\r\n \r\n部门介绍：\r\n\r\n一．\t保障阿里业务全链路的安全，包括上游企业和下游企业，主要是针对应用层的安全，产生的数据量级大，以阿里的业务宽度，广度，复杂度，候选人能见识到不同的场景（电商，视频，金融，各种），所遇到的问题也有挑战性，候选人在这里可以提升技术，提高解决问题的能力，以及和团队内部技术大牛共事，总体来说技术吸引力很强。\r\n二．\t和政府部门的合作，打击网络黑灰产，线上线下联合打击犯罪，做的事情非常有意义，也希望找到具有同样价值观的人，有正义感，有责任感。所做事情意义重大。\r\n三．\t技术输出，随着各国对网络安全的重视，以及安全技术的门槛要求，很多公司达不到要求，阿里会凭借自己的先进技术或者开发产品对外输出。\r\n\r\n学历要求：\r\n\r\n本科及以上 （硕士工作年限适当放宽 专升本也 OK ）\r\n\r\n工作经验：\r\n\r\n3 年以上\r\n\r\n工作职责：\r\n\r\n1.负责具体业务功能的开发，深入发掘业务需求，独当一面，包括需求分析、架构设计和代码实现； \r\n2.持续优化系统架构，提高系统在高并发、大流量下的容灾容错能力，保证系统的高可用性（性能、安全、容量）；\r\n3.通过梳理和抽象，沉淀通用性的平台或服务能力，发现和解决存在的技术问题，并在具体的业务场景中进行验证推广；\r\n\r\n任职资格：\r\n\r\n1. 本科及以上学历，计算机软件或相关专业；\r\n2. 3 年及以上使用 JAVA 开发的经验，JAVA 基础扎实，理解 io、多线程、集合等基础框架，对 JVM 原理有一定的了解，对 Spring,ibatis,struts 等开源框架熟悉；\r\n3. 熟悉分布式系统的设计和应用，熟悉分布式、缓存、消息等机制；能对分布式常用技术进行合理应用，解决问题；\r\n4. 掌握多线程及高性能的设计与编码及性能调优；有高并发应用开发经验； \r\n5. 掌握 Linux 操作系统和大型数据库（ Oracle、MySql ）；对 sql 优化有丰富的经验；\r\n6. 学习能力强，适应能力好，有强烈的责任心，具备耐心 /细心的品质。", "title": "[北京|阿里望京中心] Java 研发工程师 集团安全部 Linux Java 预计发 20 个 offer", "reply": 42, "click": 3482, "user_id": 233288, "user_name": "Euniceyu"}