{"id": 659016, "create_time": 1585894703, "create_datetime": "2020-04-03 14:18:23+08:00", "content": "岗位描述\r\n\r\n• 依据产品需求完成 Web 前端开发和优化，维护等工作\r\n• 与产品、设计、后端紧密配合，按时高质量完成开发任务\r\n• 参与前端基础架构建设和研发\r\n• 学习、理解业务，持续优化前端系统的体验、性能\r\n\r\n职责要求：\r\n\r\n• 本科或以上学历，计算机相关专业\r\n• 热爱前端，热爱设计，对新鲜事物充满好奇心，有折腾的想法和精力，喜欢捣鼓各种互联网应用\r\n• 熟悉 W3C 网页标准、了解 WEB 标准化、性能优化方法，了解可用性、可访问性和安全性\r\n• 精通 JS 、HTML 、CSS 等 Web 前端技术，对 JS 异步编程有较深刻理解\r\n• 熟悉 Webpack 、Gulp 等打包工具，熟悉 git 开发流程\r\n• 熟悉 vue 、react 、angular 等主流前端框架和相关技术栈，并且有至少一种实战经验\r\n• 熟悉 Web 前端组件化、模块化开发和前端构建等工程化\r\n• 了解至少一种 Server 端语言（ NodeJS 、PHP 、Python 、Java 等）\r\n• 良好的学习能力及较强的团队精神\r\n\r\n其他：\r\n\r\n• 有通信类项目或产品如 saas 等平台开发经验者优先\r\n• 对 nodejs 相关技术和框架如 express egg 等有丰富实战经验者优先\r\n• 熟悉 h5 css3 动画，对 canvas 或相关框架有开发经验者优先\r\n• 有过 Webrtc 研究或者相关音视频通信软件开发经验者优先\r\n\r\n简历请投递至邮箱：\r\nc2FpbHN4cUBnbWFpbC5jb20=\r\n公司坐标：北京中关村\r\n公司：新东方在线", "title": "[北京] 教育行业招前端（中高级）", "reply": 0, "click": 1064, "user_id": 174698, "user_name": "ceflib"}