{"id": 828209, "create_time": 1642135481, "create_datetime": "2022-01-14 12:44:41+08:00", "content": "基本要求：\r\n对技术有追求，喜欢挑战性工作。\r\n主要职责：\r\n- 负责 aPaaS Infra 的架构设计和实现。aPaaS Infra 是探索新兴业务的重要基础设施，目的是通过打造一个统一的技术框架和技术规范，针对垂直行业提供灵活易用的实时互动解决方案，快速构建实时互动业务。\r\n工作内容：\r\n- 作为核心架构师，深入理解业务，设计和实现 aPaaS Infra 架构，指定技术路线图，驱动团队交付有挑战性的目标。\r\n- 建设工程规范，对开发过程、工程质量把关，持续交付出高质量的软件产品。\r\n要求：\r\n- 有 3 年以上架构师经验，热爱软件开发技术。\r\n- 精通 iOS 、Android 、Web 、Windows 等任一主流平台开发技术。\r\n- 熟悉后端开发技术。\r\n- 熟悉软件工程理论，并有工程管理实战经验。\r\n- 擅长跨团队协调，能跟各领域技术专家进行有深度的沟通。\r\n- 技术视野宽广，了解大前端和后端开发领域，并至少对某一技术领域有深入的理解和实战经验。\r\n\r\n\r\n微信：18621580540", "title": "上海：（aPaaS Infra）应用开发架构师，-iOS、Android、Web、Windows", "reply": 0, "click": 726, "user_id": 221578, "user_name": "fancyfrees"}