{"id": 206215, "create_time": 1437049283, "create_datetime": "2015-07-16 20:21:23+08:00", "content": "岗位职责：\r\n1、系统框架和核心代码的实现；\r\n2、项目的详细设计、开发计划等的编制并实施；\r\n3、解决开发过程中的技术问题；\r\n4、参与代码维护与备份。\r\n \r\n岗位要求：\r\n1、3年以上JAVA开发经验，熟练掌握MVC编程思想及SSH架构；\r\n2、熟练掌握软件开发流程，具备良好的系统分析和设计能力；\r\n3、丰富的Web开发经验，熟悉掌握各种Web应用开发模式，具有丰富的高并发、大数据系统的设计、研发、调优经验；\r\n4、熟悉MySQL数据库应用开发；精通WebSphere/WebLogic/JBoss/Tomcat/Resin等主流J2EE应用服务器，至少其中两项；\r\n5、对缓存技术（Redis/Memcached等）有较深入的应用级研究，有开发经验者优先；\r\n6、熟悉Linux环境开发，熟悉常用SHELL命令；\r\n7、具备较强的责任心，良好的职业道德，良好的抗压能力。", "title": "[朝阳团结湖] B 轮融资 wecash 闪银诚聘中高级 java 开发工程师，全员配期权。", "reply": 1, "click": 1361, "user_id": 96545, "user_name": "liuyuanyuan"}