{"id": 203735, "create_time": 1436176634, "create_datetime": "2015-07-06 17:57:14+08:00", "content": "Android高级工程师：\r\n\r\n [工作职责] \r\n1.负责无线客户端基础技术框架开发和维护，拟定开发流程；\r\n2.独立完成手机软件设计、编码和测试工作，确保开发质量；\r\n3.参与产品需求的沟通、讨论和协调。\r\n\r\n [任职要求] \r\n1.扎实的Java基础，具有3年以上Java开发经验，至少2年以上Android实际开发经验；\r\n2.有较强的架构能力，能独立负责产品的架构规划和架构演进；\r\n3.熟悉Android系统工作原理，具备较强的开发、调试、性能优化能力；\r\n4.对移动产品有较强的敏感度和热情，具备较强的沟通协调能力，良好的职业素质和团队合作精神，对工作认真负责；\r\n5.熟悉Android系统源码者优先，有NDK环境下C/C++开发经验者优先；\r\n6.熟悉Android安全（MDM、Root、Hook、Inject等）、软件加固、移动保护有经验者优先；\r\n7.有主导完成优秀应用或大型Android SDK项目开发经验者优先。\r\n\r\niOS高级开发工程师：\r\n\r\n [工作职责] \r\n1.负责无线客户端基础技术框架开发和维护，拟定开发流程；\r\n2.独立完成手机软件设计、编码和测试工作，确保开发质量；\r\n3.参与产品需求的沟通、讨论和协调。\r\n\r\n [任职要求] \r\n1.扎实的Objective-C语言基础，对Objective-C语言有深入的理解，至少2年以上iOS实际开发经验；\r\n2.有较强的架构能力，能独立负责产品的架构规划和架构演进；\r\n3.熟悉常用的framework，对内存管理、对象生命周期有清晰的认识，具备较强的开发、调试、性能优化能力；\r\n4.对移动产品有较强的敏感度和热情，具备较强的沟通协调能力，良好的职业素质和团队合作精神，对工作认真负责；\r\n5.有C/C++开发经验或大型iOS SDK项目开发经验优先；\r\n6.熟悉iOS应用安全或有越狱相关开发经验者优先；\r\n7.有Hybrid开发框架或自动化测试项目经验者优先。  \r\n\r\n前端开发工程师：\r\n\r\n [工作职责] \r\n1.Web 应用的设计与开发；\r\n2.复杂用户界面与交互应用开发；\r\n3.现有产品的持续改进。\r\n\r\n [任职要求] \r\n1.熟悉或精通以上技术栈，且愿深入学习；\r\n2.三年以上前端开发经验，对 H5 页面性能有深入研究和尝试；\r\n3.成就感来自于精益求精的用户体验；\r\n4.对软件产品有强烈的责任心，良好的沟通能力和优秀的团队协作能力。\r\n\r\n [加分项] \r\n1.github 有相关的开源项目；\r\n2.独立博客或网站；\r\n3.了解一门后端语言；\r\n4.一个能展示你的编程热情的作品。\r\n\r\n以上简历请投递到yuki.cheng [AT] healthbok.com，或者加我Q：1210935916也可以哒。\r\n\r\n————————想了解更多的请往下看^_^————————\r\n我们是一家专注医疗健康行业的新兴高科技企业，团队相当多元化，有阿里巴巴、百度等互联网企业的早期员工，也有三甲医院的医学硕士；高层均来自世界500强，具备医学、金融、互联网、媒体多重背景。\r\n\r\n公司三观正确崇尚正版开源自由平等,Trello / Telegram / Dropbox / GitHub 都是必备,办公室绿色上网Google通行无阻, 待遇架构参考BAT, 弹性工作不搞996.员工子女免费商保, 下次团队旅行筹划安达曼海滩看鱼去……\r\n\r\n已处于开发测试阶段的产品——扑咚健康：为广大慢病患者提供完备的健康管理方案，将个人医疗信息进行数据化管理，通过云端数据平台提供个性化健康监测和医疗服务。 \r\n目前B端app已在局部地区试点推广运营中。", "title": "[杭州] 招募 Android&iOS&前端工程师，医疗健康行业，年薪 15w 起上不封顶，具体面谈视能力而定，公司三观正确崇尚正版开源自由平等，靠谱的工程师请进来看一眼这个靠谱的公司:-)", "reply": 1, "click": 1064, "user_id": 125691, "user_name": "sillyspider"}