{"id": 822034, "create_time": 1639446262, "create_datetime": "2021-12-14 09:44:22+08:00", "content": "迫于上个安卓开发直接不干了（可能是对对象存储的文件如何获取链接有不同意见？），再来找一个安卓开发。\r\n\r\n为人平和、经验丰富、时间充足的安卓开发，3 年以上，对视频和 ffmpeg 在安卓上使用熟悉，开发过手机和平板的适配。\r\n\r\n自由工作者优先，在深圳最好，持续时间一个月左右。\r\n\r\n微信：MzE0MjgyMzI4", "title": "外包项目找安卓", "reply": 3, "click": 939, "user_id": 115168, "user_name": "mazyi"}