{"id": 198467, "create_time": 1434270579, "create_datetime": "2015-06-14 16:29:39+08:00", "content": "广州点将科技，点兵点将，打造手机神器。招募神队友，参加探险队，发现新大陆。\r\n\r\n主要职责和要求：\r\n负责协助公司移动平台开发，专注高并发、高可用性系统设计、研发，让平台用户得以享受高效而便捷的服务。\r\n资格要求：\r\n诚实、正直、有责任感；\r\n2015年应届毕业生，本科以上学历，计算机相关专业优先；\r\n扎实的计算机专业基础，熟悉常用的数据结构与算法；\r\n熟悉面向对象的程序设计方法，至少熟悉python、java、Objective-C或Swift其中一门编程语言；\r\n对web或APP开发充满兴趣，热爱编程，有一定开发经验，有Android/iOS开发经验优先；\r\n熟悉MySQL等数据库系统使用；\r\n具有优秀的学习能力，良好的逻辑分析能力，良好的沟通能力和团队合作精神，乐于分享；\r\n\r\n薪资待遇：基本工资10k起＋绩效奖金（期权），年底双薪，五险一金\r\n\r\n- 实习工作时间，每周3天及以上全班，随公司正常工作作息时间。\r\n上班地点：天河区科韵路天河软件园\r\n\r\n简历请发送至： ync@163.com", "title": "［广州］点将科技诚聘软件开发工程师 or 实习生", "reply": 2, "click": 1605, "user_id": 122242, "user_name": "TylerHu"}