{"id": 196855, "create_time": 1433731327, "create_datetime": "2015-06-08 10:42:07+08:00", "content": "该公司大致情况：\r\n－湖南地区零食连锁店，现在大约100家左右的规模。\r\n－组建团队开发手机App，主要是线上自有产品销售。\r\n－找项目负责人，架构、PHP等方向。\r\n－工作地点，长沙市。\r\n－薪水可谈，1.5w/月左右（对比其他城市有差距，但在长沙还算不错）。\r\n－有兴趣加我QQ：6⃣️0⃣️2⃣️五0五", "title": "帮朋友寻项目负责人－ PHP 方向，地点长沙。", "reply": 1, "click": 1277, "user_id": 90802, "user_name": "babyname"}