{"id": 497772, "create_time": 1539587632, "create_datetime": "2018-10-15 15:13:52+08:00", "content": "各位有意向的小伙伴们~~~~\r\n蚂蚁金服-行业技术部开始新一轮的招聘啦~~~\r\n\r\n具体招聘职位有\r\n1、资深解决方案工程师／专家（前端方向）\r\n2、资深行业技术工程师 /专家\r\n\r\n岗位要求以及详细内容：\r\n\r\n [资深解决方案工程师／专家（前端方向）] ：\r\n1. 官网 JD 链接： https://job.alibaba.com/zhaopin/position_detail.htm?spm=a2obv.11410903.0.0&positionId=59206\r\n\r\n岗位描述：\r\n支付宝小程序是一种全新的开放模式，我们主要职责是把蚂蚁的开放能力通过小程序在行业场景中（如：出行、医疗、快消、民生等）落地。我们与合作伙伴一起打造我们行业的标杆，通过创新去打造一个全新的行业模式，为用户带来更便捷的支付宝服务和极致的用户体验。在这里，你不仅仅可以学到最前端的技术，还可以更深度的了解行业模式，甚至成为改变行业现状的推动者。\r\n1. 支撑 KA 行业小程序的开发、架构设计、行业解决方案落地。\r\n2. 支撑合作伙伴业务稳定快速上线。\r\n3. 技术难题攻关，提高小程序共建效率，以及提升小程序在行业的快速覆盖。\r\n技术方向\r\n1. 小程序行业组件库开发。\r\n2. 行业小程序生态建设。\r\n3. 小程序框架开发。\r\n4. 自动化平台搭建。\r\n\r\n岗位要求：\r\n1. 前端基础知识扎实，熟练掌握原生 JS、CSS、HTML。\r\n2. 精通 javascript 面向对象机制，能用原生 javascript 进行 DOM 编程 ，熟悉业界常用 Javascript 库或框架（如 prototype、YUI、mootools、React, Vue 等），熟悉前端工程化本地化开发解决方案 。\r\n3. 拥有良好的编程习惯，有优秀的开源项目优先。\r\n4. 了解一门后端语言，java、node.js 、php 等。\r\n5. 了解通讯协议相关知识。\r\n6. 热爱前端开发，有良好的学习能力，能够主动学习所需知识，而不是等到用的时候才学习，够快速学习一门新技术并实践。\r\n7. 具有英文文档阅读能力。\r\n8. 积极乐观，敢于担当，勇于创新，做事靠谱\r\n\r\n\r\n [资深行业技术工程师 /专家] ：\r\n1. 官网 JD： https://job.alibaba.com/zhaopin/position_detail.htm?spm=a2obv.11410903.0.0&positionId=51505\r\n\r\n岗位描述：\r\n采用蚂蚁金服领先的产品及移动互联网、大数据、云计算等先进技术，为各行业客户（包括：餐饮、商超、B2C、医疗、数娱、教育等线上线下商户，以及系统集成商和 ISV 等合作伙伴），提供方案架构设计、系统研发、项目实施、技术共建等专业服务。\r\n\r\n工作内容包括：\r\n1、负责蚂蚁金服行业产品技术方案、售前咨询、系统研发、项目实施、技术共建等工作；\r\n2、参与技术方案和系统设计评审；把握复杂系统的设计，确保系统的架构质量；\r\n3、发掘客户需求和行业痛点，并形成建议报告，推动构建新行业产品或产品完善和优化。\r\n4. 对现存或未来系统进行宏观的思考，规划形成统一的框架、平台或组件；\r\n5. 为团队引入创新的技术、创新的解决方案，用创新的思路解决问题；\r\n6. 维护和升级现有软件产品和系统，快速定位并修复现有软件缺陷。\r\n\r\n岗位要求：\r\n职位描述\r\n1、Java 基础扎实，理解 io、多线程、集合等基础框架，对 JVM 原理有一定的了解；熟悉面向对象设计开发;\r\n2、四年以上使用 JAVA 开发的经验，理解所使用框架的原理和机制；\r\n3、熟悉分布式系统的设计和应用，熟悉分布式、缓存、消息等机制；能对分布式常用技术进行合理应用，解决问题；\r\n4、掌握 Linux 操作系统和大型数据库；熟悉 MySQL，对 SQL 查询性能优化有深刻了解，有较强的分析设计能力和方案整合能力；\r\n5、对应用安全攻防有深刻了解，熟悉 XSS，CSRF，SQL 注入漏洞原理及解决方案\r\n6、具备良好的项目管理、表达、沟通及协调能力；\r\n7、有良好的客户服务观念，工作责任心强，注重团队合作；\r\n\r\n优先录用条件：\r\n\r\n1、公交、地铁、零售、政务民生、金融，医疗行业项目实施集成工作经验；\r\n2、收银系统、金融 POS、人社系统，公安系统，公积金系统，医院 HIS 等设计开发和维护经验；\r\n3、NFC、指纹技术研发和技术支持经验。\r\n\r\n\r\n请有意向的小伙伴，发送  [意向岗位名称+姓名] 以及您的附件简历到邮箱 nancyjiang@live.cn ，可以加快您的面试进程哦~~~~~~", "title": "[蚂蚁金服] [杭州/上海/北京/成都/深圳] 招聘行业技术工程师/解决方案工程师啦啦啦啦啦~~~", "reply": 4, "click": 1227, "user_id": 156696, "user_name": "hotdog715801"}