{"id": 664027, "create_time": 1587291795, "create_datetime": "2020-04-19 18:23:15+08:00", "content": "### 岗位职责：\r\n1. 负责企业直播垂直行业平台的前端开发；\r\n2. 搭建及迭代内容服务、社区运营、商城平台，注重平台易用性；\r\n3. web 前沿技术研究调研；\r\n4. 探索总结前端开发模式和规范；\r\n5. 对改进开发流程、持续构建流程、发布流程有自己的见解；\r\n6. 在公司项目中应用合适的新技术；\r\n\r\n### 职位要求：\r\n1. 拥有扎实的 html, css, javascript 基础；\r\n2. 了解 vue, angular, react 至少一个前端框架，有实际开发经验\r\n3. 熟悉 webpack 等构建工具，了解前端工程化、模块化，前后端分离\r\n4. 了解 mobx，redux 等库原理\r\n5. 了解 kubernetes，docker，nginx 优先\r\n6. 做事积极主动，责任心强，逻辑性强，乐于团队合作\r\n7. 有个人博客 /github 优先\r\n\r\n**必备福利：**\r\n- 有竞争力的薪资水平和完善的福利体制！\r\n- 周末双休+六险一金（商业保险）+弹性工作\r\n- 每年 4 月和 10 月两次加薪机会！\r\n- 年终奖金+创新奖励+项目奖+等等。\r\n\r\n> 目睹是国内领先的企业级视频直播平台， 旗下目睹直播、目睹有课、目睹制播、目睹云及目睹 N+五大系列产品与服务为企业级客户提供安全稳定、智能高效的视频全周期运营服务。帮助企业打造自己的网络电视台、提供直播及视频内容运营方案，让企业通过直播提升内外沟通效率。同时目睹也通过提供广电级直播制作分发方案，赋能融媒建设，让直播更具商业价值。 \r\n> 目睹与华为、松下、用友、LIVEU 等知名企业建立合作，专向服务于 2B 企业、客户群覆盖媒体、教育、IT 科技、医疗、金融等行业，服务过省市电视台、CUTV 、CGTN 、戴尔、华为、阿里、万达、中国银行等。\r\n商务直播的场景：产品发布、众筹路演、项目推介、渠道招商、营销推广、峰会论坛、企业年会、互动培训、 远程教育、医疗直播......\r\n\r\n> 易用、开放、随心拓展是我们一贯秉承的产品理念。\r\n> 优秀的 A+团队：年轻、快乐、彼此尊重、鼓励每个人发挥创造力、有着广阔的晋升空间（纵向 /横向）！\r\n> 简单高效的管理：没有僵化的流程，没有复杂的人事，只有扁平高效的管理风格！\r\n\r\n\r\n#### 邮箱： difan@mudu.tv\r\n\r\n对没错我就是筛选你简历且以后会和你一起工作的前端一枚~\r\n\r\n简历直接发我邮箱，筛选过了会安排 HR 找你约聊天时间，邮件主题里记得备注上 **“v2ex-前端简历”**\r\n\r\n另外其他开发岗位也都在招，所有招聘岗位在 boss 上同步都有发：[ [ boss 传送门] ]( https://www.zhipin.com/job_detail/?query=%E6%9D%AD%E5%B7%9E%E9%9B%85%E9%A1%BE%E7%A7%91%E6%8A%80%E6%9C%89%E9%99%90%E5%85%AC%E5%8F%B8)", "title": "[杭州] 目睹直播 web 前端招聘 公司正处在上升期 大量招开发 杭州的小伙伴看过来~", "reply": 5, "click": 1662, "user_id": 247791, "user_name": "yeemeng0320"}