{"id": 190846, "create_time": 1431517324, "create_datetime": "2015-05-13 19:42:04+08:00", "content": "很多人在选择工作的时候会迷茫，但当你看到这样的办公环境的时候，你还会犹豫吗？\r\n\r\n![img1](http://ww2.sinaimg.cn/large/005T30xCgw1es2v8cjemij30hs0no79k.jpg)\r\n[很多人问我，你是在工作室工作吗?]\r\n\r\n![img2](http://ww2.sinaimg.cn/large/005T30xCgw1es2uana0ujj30m80got9k.jpg)\r\n[我们把咖啡厅搬进了办公室]\r\n\r\n吃的喝的不间断，不管你是不是个吃货，都把你当吃货来服侍。\r\n![img3](http://ww1.sinaimg.cn/large/005T30xCgw1es2uji9l2aj30go0m8mym.jpg)\r\n\r\n![img4](http://ww3.sinaimg.cn/large/005T30xCgw1es2ujsq739j30go0m83zu.jpg)\r\n\r\n当然还有一群可爱的同事，基本都是90后，各种搞怪各种嗨。\r\n![img5](http://ww4.sinaimg.cn/large/005T30xCgw1es2ufozzajj30zk0qodo7.jpg)\r\n\r\n其实我进公司是被妹子吸引的，每天见到心情都好了，思绪如泉涌。\r\n\r\n![img6](http://ww2.sinaimg.cn/large/005T30xCgw1es2uk7q774j31kw23uqul.jpg)\r\n[福利哦]\r\n\r\n![img7](http://ww3.sinaimg.cn/large/005T30xCgw1es2ukrulh9j30zk0qok0y.jpg)\r\n[绝对文艺范，可萌可嗲可御姐，典型的江南妹子]\r\n\r\n---------------\r\n好了，回归正题。我们公司：杭州云造科技有限公司，是一家设计驱动型的科技创新公司，是2014年《快公司》评选的中国50佳创新公司之一。 云造已于2014年获得千万元天使投资，资金来自雷军先生的顺为资本、阿里巴巴创始人的米仓资本等。2015年在云马X1智行车™量产前，云造获得富士康集团的投资与产业支持。\r\n\r\n----------------\r\n#现诚挚招聘\r\n\r\n## iOS攻城狮：\r\n\r\n### 职位描述:\r\n> 1.负责公司App产品应用程序设计、开发、维护 \r\n> 2.学习和研究新技术以满足产品的需求，根据开发过程中的体验对产品提出改进建议 \r\n\r\n## iOS 职位要求: \r\n>- 有2年以上iOS开发经验 \r\n- 有独立完成iOS应用设计开发并有上线作品 \r\n- 精通Object C/C/C++等开发语言 \r\n- 熟悉iOS应用框架,熟练掌握iOS SDK \r\n- 熟悉iOS开发工具和相关开发测试工具的使用 \r\n- 熟悉iOS框架下的UI和网络 \r\n- 具有较强的解决问题的能力和创新能力 \r\n\r\n\r\n## Android攻城狮：\r\n### 职位要求： \r\n>- 2-3年工作经验\r\n- 有独立开发多个应用的经验\r\n- 如果你没有2年以上经验，没关系，只要你觉得可以就尽情的把简历砸过来吧\r\n\r\n\r\n## PHP攻城狮：\r\n### 职位描述：\r\n>- 熟悉面向对象编程\r\n- 熟悉流行的框架如Yii、Spring等，熟悉消息队列、REST等\r\n- 有较多的后端架构经验\r\n- 有服务器运维经验为加分项\r\n\r\n----------------------------------------------------------------------------------------------\r\n\r\n##待遇：        \r\n>1. 10-20K/月\r\n2. 好多吃不完的零食；\r\n3. Mac装备；\r\n4. 每月团建、年度旅游，团队月度“腐败”活动和外出活动；\r\n5. 各种好玩的东西；\r\n6. 五险一金；\r\n7. 半年一次的晋级评估和加薪升职机会；\r\n8. 股票期权；\r\n9. 弹性工作制，不打卡\r\n\r\n-------------------\r\n最后放几张我们在做app，看到这样的界面你难道没有冲动想实现她吗？\r\n![img8](http://ww1.sinaimg.cn/large/005T30xCgw1es2uxe68y1j30u01hcdmh.jpg)\r\n![img9](http://ww2.sinaimg.cn/large/005T30xCgw1es2uxq9j3hj30u01hc7b0.jpg)\r\n\r\n如果你有意向就把简历砸过来吧。期待你的加入。\r\n\r\n#* 公司网站： http://yunzao.cn/\r\n#* 拉勾网地址: http://www.lagou.com/gongsi/37900.html \r\n#* 简历投递邮箱： danjianfei@yunzao.cn  \r\n#* 电话：18698576396(但但)", "title": "[杭州西湖区]换个工作环境，来点不一样！（全球通缉 iOS、Android、PHP 攻城狮加入我们！顺为、阿里、富士康共同投资，给你不一样的平台）", "reply": 48, "click": 3877, "user_id": 116689, "user_name": "Bresano"}