{"id": 495978, "create_time": 1539068550, "create_datetime": "2018-10-09 15:02:30+08:00", "content": "微软(亚洲) 互联网工程院是微软 OFFICE 及互联网核心产品和技术全球研发的中坚力量。研发方向涵盖多个关键产品以及核心技术，包括 Office、Office365 云平台，微软必应（ Bing ）搜索引擎与广告平台、人工智能机器人 Cortana 与微软小冰、大数据，机器学习，语音及自然语言处理技术，以及移动互联网等领域。工程院是微软最大的海外研发机构，目前拥有位于北京、苏州、台北和东京在内的千余名研发人员。 在作为一支高效的全球性开发团队的同时， 微软(亚洲)互联网工程院也肩负着推动微软在中国及亚太地区互联网服务市场发展的使命，负责规划并开发在中国，日本及韩国的相关互联网服务产品，同时与本地商业伙伴展开紧密合作。\r\n\r\n关于简历: 必须是英文版本 工作经历 ： 由于此次是社会招聘，针对至少 1 年以上全职工作经验。 校招需要参加网申，http://joinms.com/cn_c/index.html 关于薪酬： 基本工资 + 年终奖+ 股票 RSU +福利(饭贴，话费补贴，培训费，健身费，补充公积金等）+ 补充医疗保险 （配偶孩子全部也 100% 报销哦，包括专家特需！！！） 逢年过节福利就不说了，小家电基本不需要买，每次公司礼品选选就齐活了。一年两次绩效评估，涨薪\r\n\r\n投递方式： 英文简历至 daisy.gao@microsoft.com 或者微信 MSFTdaisy 咨询\r\n\r\n关于成长 /晋升 ：工程师 /管理线 平行，就算你不带人只做研发工程师，一样可以到 principle /partner 甚至更高级别，只要你是技术大牛！！！ 有去美国转岗机会！！！并且非常多，很正常。就连应届生，每年去美国出差学习机会都很多。\r\n\r\n关于面试流程: 一般都是第一轮远程+ 第二轮 美国面(因组而定，不是必须）+最终 F2F 面什么?? 必须是 code ,数据结构和算法，前几轮都要写。最终大 Boss 面，看心情而定随机，有时候你写不出来，大老板可能自己上手 ╮(╯▽╰)╭", "title": "#后端/ AI 招聘# 高速成长的 1.5 线城市，生活成本，世界一流的工作模式", "reply": 2, "click": 1330, "user_id": 226874, "user_name": "gddaisy"}