{"id": 202827, "create_time": 1435827793, "create_datetime": "2015-07-02 17:03:13+08:00", "content": "Glow 诚招Web 前端工程师\r\n\r\n工作职责：\r\n* Glow主站的设计与实现\r\n* Glow社区Web端的设计与实现\r\n* 响应式设计与移动端优化\r\n* 搜索引擎优化\r\n* 负责用户管理与用户分析工具（内部网站） \r\n\r\n要求：\r\n* 计算机相关专业本科以上学历\r\n* 熟悉HTML, CSS及Web页面的布局结构\r\n* 精通Javascript，熟悉至少一种前端的技术框架，包括且不限于AngularJS, Ember, Backbone等\r\n* 注重用户体验，具有一定的界面设计能力\r\n* 具有编写后端能力者优先\r\n* 熟悉Python语言者优先\r\n* 有较强的英文交流能力，尤其是读写能力 \r\n\r\n公司待遇： \r\n• 薪资丰厚：薪资待遇面议; \r\n• 扁平管理：让你不再为级别职称所「压迫」，告别烦闷的格子间，来 Glow 畅所欲言，轻松工作; \r\n• 餐费补助：公司为员工提供了健康，营养的午餐晚餐，减轻你的日常支出; \r\n• 带薪年假：15 天/年，探亲访友休闲度假都值得拥有; \r\n• 商业医疗保险：告别医院长队，健康工作生活; \r\n• 工作地点：上海市人民广场，地铁 1/2/8 号线出站 3 分钟可达; \r\n\r\n公司简介： \r\n• Glow 在 2013 年初由 Paypal 创始人 Max Levchin 与前 Google 高管 Mike Huang 联合创立； \r\n• Glow 选择了女性生育健康这一领域。2013 年 8 月，Glow 推出了首款应用，通过大数据以及机器学习的方法，对女性的生理周期做出准更确的预测，从而提高避孕或者怀孕的几率； \r\n• 2014 年 7 月，Glow 推出了 Glow Nurture，关注准妈妈的孕期呵护，降低生育过程中可能出现的风险，以及产后恢复和流产后的护理； \r\n• Glow 目前在中国有 28 人，美国有 10人，办公室设在中国上海与美国旧金山。我们有一个出色的团队，绝大部分成员有着良好的工作与教育背景，曾任职于谷歌，摩根斯坦利，IBM，腾讯以及大众点评等国内外知名企业。 \r\n\r\n有兴趣的朋友们，可以发送你的简历到 sophia@glowing.com.", "title": "上海 | [移动健康] Glow 招募 Web 前端工程师，上海硅谷两地精英团队，完成 B 轮融资，期待您的加入！", "reply": 0, "click": 1101, "user_id": 125201, "user_name": "Glowapp"}