{"id": 665817, "create_time": 1587730189, "create_datetime": "2020-04-24 20:09:49+08:00", "content": "公司简介：\r\n作业帮致力于为全国中小学生提供全学段的学习辅导服务，截至目前，作业帮用户量突破 3 亿，是中小学在线教育领军品牌。 作业帮自主研发 10 余项学习工具，包括拍照搜题、作业帮一课、一对一辅导、古文助手、作文搜索等。使用作业帮 APP，学生可以通过拍照、语音等方式可快速获取疑难问题的解析步骤、考点答案；可以通过作业帮一课直播课堂，与资深名师互动学习；可以针对自己学习的薄弱点，精准练习补充；也可以连线老师在线一对一答疑解惑；学习之余还能与全国同学一起交流，讨论学习生活中的趣事。 作业帮项目由百度孵化，2015 年 9 月正式独立运营，A 轮融资由红杉和君联资本领投。于 2016 年中完成 B 轮融资，由纪源资本和襄禾资本领投，A 轮投资人跟投。2017 年 8 月完成 1.5 亿美金 C 轮融资，由 H Capital 领投，老虎基金、红杉、君联、GGV 、襄禾跟投，是 K12 在线教育领域迄今为止最大规模的 C 轮单笔融资。\r\n\r\nbase：北京\r\n\r\n工作职责：\r\n-负责公司拉新相关产品的 Web 前端研发工作\r\n-抽象通用功能组件，开发基础工具，提高团队效率\r\n-与设计师、产品经理紧密配合，保证产品具有优质的用户体验\r\n-Web 前沿技术研究和新技术调研并用于实践\r\n-多产品与 WEB 方案架构，把握产品和技术发展的匹配度和未来变化\r\n\r\n任职资格：\r\n-本科或以上学历，计算机相关专业优先。\r\n-2 年以上 Web 前端研发经验，有 PC 端开发经验者优先。\r\n-精通各种前端技术（ HTML/CSS/Javascript 等）。\r\n-熟悉 less 或 sass，熟悉一种或多种前端框架 react 、vue 、angular，理解框架设计原理。\r\n-熟悉至少一种前端构建化工具 webpack 、gulp 等。\r\n-学习能力强，有较强的问题分析和处理能力，有较强的逻辑思维能力，具有团队合作精神。\r\n-有较强的产品理解，能从技术角度推动产品优化\r\n\r\n简历发送到发邮箱 gaoxuan01#zuoyebang.com", "title": "内推作业帮前端开发", "reply": 0, "click": 1357, "user_id": 197244, "user_name": "bonawu"}