{"id": 656855, "create_time": 1585299983, "create_datetime": "2020-03-27 17:06:23+08:00", "content": "天猫国际校招社招火爆进行中 ,想要用代码改变世界吗，快来吧！ yifeng.zh#alibaba-inc.com\r\n\r\n我们是一支国际化技术团队，致力于进口业务和出口业务的技术突破和创新。从阿里巴巴全球化战略的角度实施“全球买，全球卖”。进口业务为天猫国际，是中国消费升级的第一跨境平台，是阿里经济体 5 年 2000 亿美金进口承诺的主力军。出口业务是天猫海外，帮助全球中小企业通过电子商务技术实现全球卖，我们致力于连接世界各地的品牌和消费者。希望你加入我们，同我们一道引领电子商务、电子支付、供应链等全球化方向，建立一个让全球消费者喜爱，让全球商家受益的国际化技术体系\r\n团队介绍:\r\n1.作为团队核心开发，参与天猫进出口相关业务产品需求讨论，跨境技术体系方案确定（涉及海外网络、导购营销、交易链路、供应链体系等），以及技术研发和产品上线工作；\r\n\r\n2. 并解决各种疑难杂症,系统优化，并且完成整个团队相关业务产品平台和组件的沉淀。\r\n\r\n职位描述\r\n1. 高级 JAVA 工程师要求 3 年以上 JEE 开发经验； 架构师要求 5 年以上 JEE 开发经验，1 年以上架构设计经验\r\n\r\n2. 扎实的 Java 编程基础，熟悉各种设计模式\r\n\r\n3. 熟练掌握 Spring/Struts/Ibatis 或其他主流 JAVA 框架\r\n\r\n4. 熟悉 MySQL/PostgreSQL 数据库中的一种或多种，有数据库调优经验\r\n\r\n5. 熟悉整个软件过程，能够沟通需求、控制项目进度，有良好的文档能力\r\n\r\n6. 架构师要求有良好的组件级建模能力，熟悉 NoSQL 、MQ 、Cache 、TCP/IP 原理，能够设计复杂业务、高并发、大数据量的系统\r\n\r\n7.如果以上均不符合，也没关系，只要你确认自己是个技术人才，对技术有足够的热情，希望找到一个能发挥你能力的地方，也欢迎投递简历(yifeng.zh#alibaba-inc.com)", "title": "[阿里] [校招+设置] 阿里天猫国际校招社招火爆进行中", "reply": 0, "click": 618, "user_id": 74124, "user_name": "hunterzhang86"}