{"id": 832741, "create_time": 1644400034, "create_datetime": "2022-02-09 17:47:14+08:00", "content": "team 缺人，领导安排指标了，求 C++和 Java 简历。\r\n\r\nC++：\r\n工作内容：\r\n1. 负责公司云原生微服务平台（包括基于 SDK 的微服务体系和 Service Mesh 体系）的开发与架构设计和落地，参与开发过程管理、核心代码编写和组织技术攻关；\r\n2. 为业务团队提供微服务平台产品的使用规范和最佳实践，帮助业务团队解决相关技术问题；\r\n3. 负责规划和落地微服务平台的架构演进；\r\n4. 负责对开发团队进行技术培训，持续提升团队技术水平。\r\n\r\n任职要求：\r\n1. 计算机相关专业，硕士研究生及以上学历，3 年以上软件开发经验；\r\n2. 具有扎实的 C++/Golang 编程基础以及计算机基础理论知识；\r\n3. 熟悉 Kubernetes 、Istio 、Envoy 等云原生相关技术，并具有生产落地与微服务平滑演进经验者优先；\r\n4. 具备较强的学习能力和解决问题的能力，具备强烈的责任心和团队合作的精神。\r\n\r\n\r\nJava：\r\n暂时没有 jd ，加分点 Flink ，es ，ELK ，Skywalking 这些。\r\n硕士研究生及以上学历 或者 211 本科也行。\r\n\r\n年包不负责任推测 50w~70w\r\n\r\n邮箱：emh1aGFpeWFuZ0BodHNjLmNvbQ==\r\nwechat：emh1aGFpeWFuZzIwMzA=", "title": "[南京] [国企] [证券头部][30~60k] 求 C++和 Java 简历", "reply": 4, "click": 821, "user_id": 95214, "user_name": "diegozhu"}