{"id": 205248, "create_time": 1436753234, "create_datetime": "2015-07-13 10:07:14+08:00", "content": "[ 关于我们 ] \r\n上海云深网络技术有限公司是上海浦东新区张江高科技园区的一家移动互联网公司，2015年4月完成A轮融资，公司秉承“持续创造软件服务价值”的理念打造自主移动精品电商平台：云店家（www.yundianjia.com），为合作伙伴提供O2O整体解决方案。云深网络的创始团队有来自中欧国际商学院有丰富商业实践经验的EMBA们，有来自中美合资软件公司有十几年软件行业经验的it精英们，本着“云深出品，必属精品”的理念，营造一种“尊严，创造，收获，分享”的工作软环境，\r\n如果您：\r\n1，对技术和创新有执着的追求和兴趣，不仅仅满足于打一份工；\r\n2，对打造精品产品有独特的创意和想法；\r\n3，有志于通过发挥自己的创造力获得在自己所从事行业的领军地位；\r\n4，愿意与团队合作成长和分享劳动成果；\r\n\r\n我们虚席以待，诚邀您的加盟，共创云深网络的美好未来，共同分享云深网络成长的收获。\r\n\r\n[ 关于职位 ] \r\n\r\n因为公司业务快速发展，我们诚挚邀请优秀人才的加入，要求如下：\r\n移动电商平台云店家 - Web 前端开发工程师 3 人\r\n\r\n[ 岗位职责 ] \r\n负责 Web 前端界面设计和开发、整体视觉风格、UI 设计；\r\n\r\n[ 职位要求 ] \r\n1、具有 1 年以上 Web 前端开发与设计经验，有移动开发经验，熟悉响应式设计者优先；\r\n2、熟练掌握各种 Web 前端技术，包括 HTML, XML, CSS, Javascript 等，具备良好的代码编程习惯及较强的文档编写能力；\r\n3、对 Web 标准、可用性、可访问性、兼容性等相关知识有实际的了解和实践经验；\r\n\r\n[ 工作待遇 ] \r\n福利：交通、通讯、餐费和手机补贴，法定节假日、生日补贴，团队聚餐，免费零食，五险一金，享受国家法定福利，做五休二\r\n薪资范围： 底薪 7 K - 14 K，上不封顶，取决于您的能力和业绩\r\n入职标配： Apple 苹果电脑\r\n\r\n[ 工作地点 ] \r\n上海浦东张江高科技园区，靠近地铁2号线金科路站，交通便利\r\n\r\n[ 联系我们 ] \r\n电话：  021 - 61630301 \r\n地址：  上海市浦东新区张江高科技园区亮秀路112号Y1座508室\r\n邮编：  201203\r\n传真：  021 - 61630301\r\nEmail： jobs@yundianjia.com\r\nQQ ：   2022458288 \r\n\r\n另外，我们也在招聘 ruby、Java、iOS、Android 开发工程师和测试工程师。", "title": "[上海] 招聘 web 前端、ruby 开发小伙伴，入职有红包拿", "reply": 3, "click": 1401, "user_id": 85398, "user_name": "hratyun"}