{"id": 656273, "create_time": 1585188333, "create_datetime": "2020-03-26 10:05:33+08:00", "content": "### Base 地点: 上海、杭州\r\n\r\n### 职位介绍   \r\n我们是支付宝客户端小程序容器技术团队，在这里你可以深度参与国民级 App 支付宝的研发工作，影响几亿活跃用户，覆盖生活出行、理财金融、电商零售、政务服务等阿里集团、蚂蚁金服核心业务板块。主要工作:\r\n1. 负责支付宝小程序容器架构设计、开发及性能调优；\r\n2. 负责支付宝小程序能力的延展，如 UI 组件的开发，业务服务的开发，各种类型设备的支持等；\r\n3. 负责支付宝小程序，native 引擎的选型和开发；\r\n4. 负责支付宝客户端、iOT 端和服务端，云端结合的组件和工具的拓展；\r\n5. 负责阿里小程序生态中台的基础设施开发\r\n\r\n### 职位要求   \r\n1. 三年以上 Android 、iOS 客户端或者 C++ 开发经验；\r\n2. 精通至少一门编程语言，包括但不仅限于：Java 、C 、C++、Object C 、Kotlin 、Swift 、Dart 、JavaScript 等\r\n3. 熟练掌握计算机系统结构、操作系统原理、数据结构、算法，网络，数据库，计算机安全等知识;\r\n4. 了解移动客户端特性，了解 Android/iOS SDK Framework，熟悉软件设计模式、敏捷开发；\r\n5. 优秀的逻辑思维能力、分析能力、沟通能力，有强烈的责任感和良好的团队合作精神；\r\n\r\n### 欢迎联系！ \r\nqq: 793612483，邮箱 hua.lu#alipay.com    \r\n   \r\nHC 大量（ 10+），客户端 Android 、iOS 、C++ 都要，P6+ ~ P9 。如果有 Java 、前端、C++ 也可以给我。", "title": "支付宝招人招人！", "reply": 0, "click": 1336, "user_id": 18293, "user_name": "noahua"}