{"id": 834660, "create_time": 1645113728, "create_datetime": "2022-02-18 00:02:08+08:00", "content": "鉴于上次发了一次，发邮件内推的同学都能够及时安排面试。业务快速发展，还需要招人。\r\n\r\n感兴趣的同学麻烦再看一下这个帖子： https://v2ex.com/t/831655\r\n\r\n关键岗位： \r\n\r\n**K8S 技术专家、敏捷教练、虚拟化开发高级工程师、容器云开发工程师、go 语言工程师、linux 开发工程师、高级测试工程师、安全研发工程师、测试开发工程师**\r\n\r\n内部团队是一个有技术追求，开放的工作环境。 \r\n\r\n典型内部有部分写文档用 latex, orgmode, emacs workflow ，有更多兴趣爱好技术的氛围。\r\n\r\n感兴趣的同学，欢迎自荐或推荐\r\n\r\n邮箱: bGpwQHNhbmdmb3IuY29tLmNuCg==", "title": "[深圳、北京] RE: 内推大量工作岗位， k8s、测试开发等研发岗位", "reply": 1, "click": 567, "user_id": 13865, "user_name": "junstrix"}