{"id": 201913, "create_time": 1435557698, "create_datetime": "2015-06-29 14:01:38+08:00", "content": "第一次在V2招聘，尽量简洁一些\r\n\r\n---\r\n\r\n公司之前是做线下的儿童教育的，现在成立了线上团队，准备开始在在线教育上发力，线下部分我们已经做的非常好了，所以现在要做的就是offline-2-online，并且将线上进行扩展，互联网+是今年最火的话题，其中教育和医疗更是无法阻挡，我们也正好搭着这股春风来拼搏一把，所以我们其实是一个创业团队。\r\n\r\n---\r\n\r\n- 团队：现在骨架已成，技产运负责人都已到位；留洋博士、知名互联网公司大牛等\r\n- 氛围：开放、平等、快乐\r\n- title：PHP开发工程师\r\n- 职责：负责一切后端开发，当然偶尔也会有一些前端的工作（如果你懂前端的话）；如果懂Python 或者Java更好\r\n- 薪资：15-25K（我知道跟市价有差距，当然我们的要求也不会那么高）\r\n- 要求：了解YII2（我们基于这个框架开发），具有主动性和很好的学习能力，知识面要广，一些东西不懂没关系，要能迅速学会，并且可以理解\r\n- 版本管理：git（基于gitlab，方便composer）\r\n- 代码规范：PSR\r\n- 地点：东大桥\r\n\r\n---\r\n\r\n目前我们正在充实团队的各个板块，欢迎各位小伙伴带着github或者blog来聊天\r\n简历请投递到： qixiaopeng@ledoing.cn", "title": "[北京]互联网+教育-创业团队招聘 phper-15-25K-快乐教育-快乐工作", "reply": 1, "click": 1422, "user_id": 77823, "user_name": "qicfan"}