{"id": 347965, "create_time": 1489654783, "create_datetime": "2017-03-16 16:59:43+08:00", "content": "# 湾区独角兽公司 Airbnb 中国研发团队火热招募中\r\n\r\n## Airbnb 在北京招募职位：\r\n* [数据科学负责人 Data Science Manager China Growth]( https://zh.airbnb.com/careers/departments/position/477247)\r\n* [全栈工程师 Software Engineer - Full Stack]( https://zh.airbnb.com/careers/departments/position/265026)\r\n* [Android 工程师 Software Engineer - Android]( https://zh.airbnb.com/careers/departments/position/457275)\r\n* [iOS 工程师 Software Engineer - iOS]( https://zh.airbnb.com/careers/departments/position/457238)\r\n* [数据科学家 Data Scientist]( https://zh.airbnb.com/careers/departments/position/570744)\r\n* [数据分析师 Data Analyst]( https://zh.airbnb.com/careers/departments/position/580469)\r\n* [效果营销负责人 Performance Marketing Lead]( https://zh.airbnb.com/careers/departments/position/595238)\r\n* [效果营销主管 Performance Marketing Specialist]( https://zh.airbnb.com/careers/departments/position/595240) \r\n* [研发团队助理 Team Coordinator]( https://zh.airbnb.com/careers/departments/position/607262)（欢迎推荐你的妹子来！)\r\n\r\n申请邮箱： may.yang@plus.airbnb.com 请注明来自 V2EX\r\n\r\n>在 Airbnb 工作是怎样一番体验\r\nhttps://www.zhihu.com/question/24684319\r\n\r\n>我们的技术博客\r\nhttp://nerds.airbnb.com/\r\n\r\n>Airbnb 员工自己的公众号\r\n嘀嗒嘀嗒 - 微信号 AngelaTalk\r\n\r\n## Airbnb 的过去\r\n\r\nAirbnb 重塑了酒店行业，你可以从个人的手中租住一间房屋，而不是从一家酒店中租住。 Airbnb 改变了人们的租住意识，大家开始尝试把自己的开放给陌生人。\r\n2017 年 3 月，再次获得 10 亿美金融资，估值达到 310 亿美金。继续占据独角兽公司里最有希望 IPO 的公司前列。·\r\n\r\n\r\n对于 Airbnb 而言，我们的使命是为旅人们打造归属感。使得他们真正感受到 Belong Anywhere 。\r\nAibnb 讲求公司文化，希望给员工家的归属感。公司内部的各种活动和氛围都在坚持我们——好客、承担使命、勇于创新、勇往直前的公司文化。\r\n\r\n\r\n![]( http://i1.piimg.com/567571/14556be683a21c0a.jpg)\r\n\r\n\r\n## Airbnb 的现在\r\n\r\n2014 年在北京成立办公室，并于 2016 年下半年正式在北京组建研发团队。立足于本土，打造一个更好的全球性的产品。\r\n\r\n从硅谷回北京的工程师团队，都是经验丰富的工程师。大部分毕业于清华、北大、南大、浙大等高校。中国产品和技术团队由葛宏代领。此前，他在 Facebook 从 0 到 1 建立了 Facebook 的 News Feed ， 同时实现了从$0 到每天$50M 的增长，占当时 Facebook 总营收的 80%。\r\n\r\n\r\n![]( http://p1.bpimg.com/567571/ce1cfe2ded8d0a5d.jpg)\r\n\r\n\r\n新人入职后，会到 Airbnb 硅谷总部接受为期 3 周的 Bootcamp (新人培训)。每年有类似年会之类的全球性活动，能够拜访 Airbnb 在全球各地的办公室。\r\n\r\n我们员工提供，具有竞争力的薪水+美国 RSUs;一年 30 天的带薪年假；每年 2000 美金的旅行基金，鼓励你玩遍世界；额外的医疗保障（私立医院、高额生育保险）；志愿工作；联谊聚会等等。\r\n\r\n\r\n![]( http://p1.bqimg.com/567571/9d65910b9a16eef2.jpg)\r\n\r\n\r\n感兴趣的朋友们欢迎发送简历至 may.yang@plus.airbnb.com 请注明来自 V2EX ，同时欢迎大家踊跃推荐，推荐成功虽然没有外部奖金但是我可以给你寄 Airbnb 的小礼物。", "title": "[北京] 湾区独角兽公司 Airbnb 中国研发团队火热招募中", "reply": 69, "click": 11686, "user_id": 221207, "user_name": "petitemay16"}