{"id": 344152, "create_time": 1488368085, "create_datetime": "2017-03-01 19:34:45+08:00", "content": "ENJOY 是啥\r\n============\r\n\r\n我司是一个做消费升级的创业公司，官网是 https://enjoy.ricebook.com/ ，去年 C 轮融了近 4500 万实额美金，目前公司发展比较迅速，活多人少。\r\n\r\n好了公司介绍就到这里，没啥好说的，反正这个经济环境下还能融到资也算个证明，毕竟投资人不傻。\r\n\r\n平台组是做啥的\r\n============\r\n\r\nA. 容器化平台开发，恩我们没用 k8s 或者是 mesos，这是目前我司平台组工作的重心。就现在情况而言整个 ENJOY 的后端微服务全都是容器跑的，同时也包括部分有状态的基础服务如 redis 。\r\n\r\nB. 工具型基础服务开发，我司基础技术团队的人员主要来自于豆瓣，所用技术选型也比较类似。部分支撑我司的基础服务基本都是依托于比较前卫的开源技术构建而成，这一块也是我们平台组承当的。这没啥好介绍的，golang/C/lua 我们都有用，能兜底就行。\r\n\r\nC. sa/devops 相关，这也没啥好介绍的，真是愁……\r\n\r\nD. 离线计算。在我们自有的容器编排调度平台之上，我们今年会逐步整合之前在 airflow 这种 ETL 上干离线计算的活，完全由这个容器调度编排系统来调度到统一的资源池上进行运算，实现大一统平台和离线在线混布。包括 yarn 在内的一些后续二次开发都会是今年的重点。\r\n\r\n我们需要怎样的人\r\n==============\r\n\r\n其实以我自己来说，社招我肯定希望靠谱的能兜得住的，类似于豆瓣的风格我要打 10 个那是再好不过了，不过这个难度有点大，当然如果有这样的请一定要勾搭我。\r\n\r\n降低点难度的话\r\n\r\nA. 计算机基础好，能快速的使用合适的语言撸出原型或者架子。\r\n\r\nB. 责任心，自己的狗粮自己吃，负责了一件事就一定要把这件事做好，不要求 8 小时坐班，但出了问题一定负责到底。\r\n\r\nC. 学习能力，不要求你身经百战，但至少同样的错误不会犯第二次，善于总结和回顾，三天一 review 五天一重构那是最好不过了，能螺旋式提升自身。\r\n\r\nD. 态度，虽然大家都是打工的，但至少你要认识到做工程累积起来的经验最终受益者是自己，认真两字很简单，实践起来还是挺难的。\r\n\r\nE.准确的来说，如果有 Python 或者 Java 老司机那是再好不过了。\r\n\r\n我们会提供什么\r\n===============\r\n\r\n传统互联网企业吃吃喝喝我就不多说了，该有的都有，我也不觉得这个会是个加分项。\r\n\r\nA. 还算过得去的薪资，北京 20~50K/月是个传统的范围，当然更有诚意的说法是钱都可以谈，你足够牛逼我能开人来养你，有机会 relocation 到长沙来那就更是神仙日子了。\r\n\r\nB. 期权，多多少少这个饼还是有的。\r\n\r\nC. 你可以没啥经验，也不算什么大牛，但我司技术传承还是做得比较好的，一窝蜂的豆瓣百度新浪扫地僧给你传功对吧，你想学啥都有。\r\n\r\n怎么联系\r\n=================\r\n\r\n请发送邮件至 ilskdw@gmail.com\r\n\r\n最后，我司在三里屯 SOHO，欢迎来玩", "title": "[北京/长沙] ENJOY 平台组招人啦", "reply": 99, "click": 8865, "user_id": 1323, "user_name": "CMGS"}