{"id": 643179, "create_time": 1581223837, "create_datetime": "2020-02-09 12:50:37+08:00", "content": "ResumeJob ( https://resumejob.net/) 简历生成器帮助用户生成排版整齐的 Latex 排版的简历。\r\n\r\n![img]( https://raw.githubusercontent.com/resumejob/resumake.io/master/imgs/home.png)\r\n\r\n特点：\r\n1. 提供三个排版精美的免费模版。\r\n2. 提供在线预览简历，保存简历编辑进度等功能。\r\n3. 可以直接将简历下载为 **PDF** 或者 **JSON** 格式。\r\n\r\n\r\n* 这个应用基于 Saad Quadri 的 MIT 协议的 Resumake 项目二次修改， 我们增加了中文支持以及本地化的翻译。此项目获得的一部分利润我们也会捐献 给 Saad Quadri。谢谢他优秀的工作。", "title": "在线 Latex 简历生成器", "reply": 16, "click": 5382, "user_id": 235833, "user_name": "Windsooon"}