{"id": 507439, "create_time": 1542096311, "create_datetime": "2018-11-13 16:05:11+08:00", "content": "公司官网\r\nhttps://www.pingcap.com\r\n\r\n公司 github:\r\nhttps://github.com/pingcap\r\n\r\n岗位职责:\r\n1.构建自动化流程及工具，解决研发、测试与产品运维中遇到的各种效率问题\r\n2.负责 “薛定谔” 分布式测试平台的开发与维护\r\n3.负责公司内部 DevOps 平台的开发和维护\r\n4.负责操作系统内核调试、诊断工具的探索和研发\r\n\r\n岗位要求：\r\n1.具有探索精神，有强烈的责任感及合作精神，具备优秀的学习能力和创新能力\r\n2.有 2 年以上运维开发或内部工程效率工具开发相关领域经验\r\n3.熟悉 go 语言，熟悉 shell 和 linux 常用操作\r\n4.对 linux 操作系统参数及调优有较深入的了解\r\n5.对容器编排系统有较深入的理解及相关开发或使用经验\r\n6.对并发编程有较深入的理解\r\n7.熟悉 docker 原理及 docker 的常规操作\r\n\r\n加分项:\r\n1.有分布式系统的测试相关经验\r\n2.有云平台如 AWS/Azure 等的开发经验\r\n3.熟悉 k8s/docker 代码\r\n\r\n简历请投邮箱 zhouqiang@pingcap.com", "title": "[杭州/北京][PingCAP][TiDB]工程效率 - 研发工程师 20K - 40K + 期权", "reply": 0, "click": 1770, "user_id": 362750, "user_name": "thix"}