{"id": 206063, "create_time": 1437018800, "create_datetime": "2015-07-16 11:53:20+08:00", "content": "脆饼旅行汇聚了全球热门旅行目的地的本地达人（我们称其为发现者），旅行者通过脆饼旅行可以预定当地发现者的各种地道、个性的旅行服务，享受深度旅行体验。发现者通过脆饼旅行可以发布各种本地旅行服务，如向导、陪游、司机等，并接受来自全世界旅行者的咨询和预订。脆饼旅行为旅行者、发现者建立信用体系和安全机制，保障旅行体验。脆饼旅行，多一个朋友，多一种生活。\r\n        创始团队在旅游和互联网行业经验丰富，创业人兼CEO在TMT行业投资经验丰富，运营总监和产品总监分别来自国内知名旅游OTA产品和运营负责人，技术团队来自阿里，对在线旅游产品理解深刻。\r\n        由于公司人才急缺，现跪求前端开发工程师！\r\n\r\n        前端开发工程师\r\n1.精通各种Web前端技术，包括JavaScript/ html/ CSS/ xml/ velocity等，熟悉Jquery框架；\r\n2.至少精通一门非Web前端脚本的语言(如Java/Ruby/PHP/C++),并有项目经验；\r\n3.具有HTML5，NodeJS等开发经验者优先。\r\n4.对前端技术有持续的热情,个性乐观开朗,逻辑性强,善于和各种背景的人合作。\r\n\r\n        公司位于杭州市西湖区玉古路168号中国石油大厦副楼401，交通便捷。公司环境非常好，同事相处很愉快，都超级nice。\r\n        如果你也有一颗创业的心，那就赶紧把简历投给我们吧！\r\n        公司邮箱： hr@cuitrip.com       \r\n        电话：0571-86992999", "title": "前端工程师前端工程师前端工程师，重要的岗位要说三次，赶紧加入我们脆饼旅行吧！", "reply": 0, "click": 1481, "user_id": 126145, "user_name": "cuitrip"}