{"id": 362261, "create_time": 1495098652, "create_datetime": "2017-05-18 17:10:52+08:00", "content": "1、工科、计算机或其他相关专业本科以上学历； \r\n2、至少五年以上软件开发、自动化测试或白盒测试工作经验； \r\n3、精通 C/C++/Java 等至少一种编程语言； \r\n4、熟悉软件开发和测试流程； \r\n5、 具备广泛的技术视野和很强的技术前瞻性，了解测试技术的发展； \r\n6、很强的学习能力、分析能力和解决问题的能力； \r\n7、熟练的文档、沟通表达和辅导技巧。 \r\n8、熟悉物流业务或者供应链管理产品测试开发经验者优先； \r\n9、在某一测试领域比如性能、安全、自动化、无线或者数据测试等具备很强的专业技能者优先.\r\n如果有意向，可以随时联系我。\r\n工作邮箱： 3260086272@qq.com \r\n工作 QQ：3260086272\t\r\n微信：qingrenjieyytt1111", "title": "菜鸟-测试架构师/测试专家-杭州！！！！", "reply": 0, "click": 1438, "user_id": 228701, "user_name": "alibaba07"}