{"id": 667328, "create_time": 1588150293, "create_datetime": "2020-04-29 16:51:33+08:00", "content": "Base:\r\n深圳腾讯总部\r\n\r\n我们希望你：\r\n* 熟练运用 HTML5 、CSS3 、ES6+\r\n* 熟悉移动端 Web/Hybrid 开发\r\n* 理解 Web 标准和兼容性\r\n* 熟练运用至少一款主流的 JS 框架\r\n* 具有良好的代码风格、接口设计与程序架构能力\r\n* 掌握至少一门服务器端编程语言\r\n* 思路清晰，具备良好的沟通能力和团队协作精神\r\n\r\n工作职责：\r\n* 负责在线教育产品的 Web 全栈架构的设计和研发\r\n* 负责 IMWeb Team 的开源项目建设和工具研发\r\n\r\n团队官网： https://imweb.io\r\n\r\n目前业务成长较大，前景非常不错，是加入的好机会。\r\n\r\n简历投递： leonjiang1121@gmail.com\r\n\r\nps：腾讯全资子公司也有 HC!\r\n\r\n------\r\n\r\n欢迎大家一起来玩！", "title": "[腾讯社招] 腾讯 IMWEB 团队招聘前端、高级前端工程师！快速安排面试！", "reply": 0, "click": 1129, "user_id": 270477, "user_name": "benojiang"}