{"id": 501037, "create_time": 1540448863, "create_datetime": "2018-10-25 14:27:43+08:00", "content": "# 公司介绍\r\n\r\n247tickets.com 是国内优质的各类音乐演出、戏剧舞台、艺术展览、生活玩乐、旅行观光等优选活动平台，24 小时 7 天不间断带来各种好玩的国际化的活动和最新资讯！\r\n\r\n我们大多数同事有海外背景，三分之一同事是外国人，植根上海但皆具国际化视野。沟通以英文为主，中文辅助。扁平架构，弹性工作时间。加入我们，你可以以员工折扣购买各种活动门票。\r\n\r\n靠近静安寺、嘉里中心、南京西路和乌鲁木齐路。上海静安区延安西路 129 号华侨大厦。\r\n\r\n# 任职要求\r\n1. 3-5 年互联网行业产品经验，来自旅游、电商行业和有社交产品经验优先，能独立承担大型的产品项目。\r\n2. 具备良好的商业和数据敏感度，能够持续关注商业策略，以及各项产品的用户反馈和运营等数据，持续提升产品体验和挖掘新的。\r\n3. 优秀的沟通和跨团队合作能力，有技术和设计背景优先。\r\n4. 能用英文进行工作交流。\r\n\r\n# 产品职位：高级产品经理（ 15k- 25k ）\r\n1. 负责 247 票务和旅游业务的产品相关工作，包括网页、微信和 App。\r\n2. 能独立进行产品相关需求的收集、分析和优先级的安排。有效制作产品原型和撰写产品需求文档来推动产品的开展。\r\n3. 通过和设计、开发、测试等团队的紧密合作，保证产品的按时上线。并能通过和运营团队的有效合作，让产品被更多的人使用和喜爱。\r\n4. 对所负责的业务和产品进行综合的数据分析，不断优化和迭代产品。\r\n\r\n# 设计职位：高级视觉设计师（ 10k- 20k ）\r\n1. 经验丰富，品味一流，有自己独特的设计风格。\r\n2. 有丰富的响应式网页、微信小程序和 App 设计经验，熟悉各种规范。\r\n3. 如有原型图和动效经验优先。\r\n4. 简历请附带 Dribbble 或其他设计师平台的链接。\r\n\r\n# 研发职位：全栈工程师（面议）\r\n1. 良好的编码风格与注释习惯，对代码质量有严苛要求。\r\n2. 了解各种服务器端技术（ MQ、agents、caching、REST 等）。\r\n3. 精通 Node.js 。\r\n4. 扎实的 Javascript 功底，熟悉 Javascript 技术规范，并做过 JS 性能优化的工作。\r\n5. 精通 HTML5/CSS3/JavaScript(ES6/7)/React.js 。\r\n\r\n# 联系方式\r\n欢迎自荐或推荐，请直接发送到邮箱：ethan |at| 247tickets.com 。", "title": "[上海静安寺] 外企招聘产品、设计和技术，针对 Expats 的票务网站。", "reply": 0, "click": 1043, "user_id": 583, "user_name": "ethankw"}