{"id": 658781, "create_time": 1585830648, "create_datetime": "2020-04-02 20:30:48+08:00", "content": "1 、责任心和技术良好，对技术有追求，具有良好的沟通能力，具有创业精神；\r\n\r\n2 、精通 Unity 平台 SDK Plugin 开发流程和 Unity 平台开发逻辑 ， 擅长学习 Unity 新技术；\r\n\r\n3 、精通 C#/C++ 语言开发；\r\n\r\n4 、熟悉 Unity native 接口的开发流程 (Unity native low level interface 插件接口)；\r\n\r\n5 、熟悉 Java/JS/OC/Lua 等开发语言属于加分项；\r\n\r\n6 、熟悉 opengl/vulkan 等图形渲染相关技术属加分项；\r\n\r\n7 、熟悉 CocosCreator/Cocos2dx/Unreal 等游戏引擎属于加分项；\r\n\r\n8 、了解 Android/IOS/Windows/Mac 其中一个或多个平台，有相关平台开发经验属于加分项。\r\n\r\n微信：18621580540\r\ndaisyzhao@greatconsulting.club", "title": "上海互联网公司职位： Unity 开发工程师，不加班，薪水 OPEN", "reply": 0, "click": 976, "user_id": 221578, "user_name": "fancyfrees"}