{"id": 667492, "create_time": 1588211078, "create_datetime": "2020-04-30 09:44:38+08:00", "content": "招人是真的，急也是真的。大量部门年后就没进一个人，是一个部门！五一假期没事可以投个简历。\r\n\r\n跟 hr 沟通下来，候选人比往年少了超过一半，hr 和技术都方了！毕竟没新人入职，这工作量要加班到什么时候... 本来在家办公已经 24 在线了，到达极限了。\r\n\r\n\r\n如果公司不幸没在疫情期间挺过去，可以考虑到字节避下风头，毕竟一万多个坑，总有一个坑能满足的。\r\n\r\n整理了下各城市的急招招聘信息：[北京急招]( https:/job.toutiao.com/s/wCedsh)、[上海急招]( https://job.toutiao.com/s/wCeAnc)、[深圳急招]( https://job.toutiao.com/s/wCJ6tH)、[广州急招]( https://job.toutiao.com/s/wCJXJH)、[杭州急招]( https://job.toutiao.com/s/wQnt1N)。可以点开链接投个简历，反正多个机会试下。", "title": "疫情期间大部分企业都在裁员，而字节跳动却要招聘 1 万名员工", "reply": 104, "click": 14702, "user_id": 144623, "user_name": "wushuiyong"}