{"id": 502590, "create_time": 1540884563, "create_datetime": "2018-10-30 15:29:23+08:00", "content": "web 前端工程师\r\n\r\n岗位职责： -负责淘宝开放平台、微信小程序的前端开发；\r\n\r\n-主导前端 web app 的全面设计与开发；\r\n\r\n-实现与改善系统的各项功能；\r\n\r\n-web app 架构及数据流搭建；\r\n\r\n-用户界面及交互快速迭代\r\n\r\n职位要求：\r\n\r\n-两年以上前端 web app 开发经验；\r\n\r\n-精通 Javascript, HTML5 & CSS;\r\n\r\n-有移动端自适应布局实战经验；\r\n\r\n-具备前端工程、模块化、组件化的经验；\r\n\r\n-熟悉异步数据获取及相关界面实现；\r\n\r\n-有服务端部署经验；\r\n\r\n-有淘宝开放平台、微信小程序开发经验优先；\r\n\r\n-有 WebGL 开发经验优先。\r\n\r\nweb 图形工程师\r\n\r\n岗位职责：\r\n\r\n主导基于 WebGL 和 Javascript 的 Web 端图形应用开发；\r\n\r\n参与基于 unity 端的图形应用开发；\r\n\r\n参与需求、设计及测试工作；\r\n\r\n职位要求：\r\n\r\n两年以上三维图形，VR/AR 等开发经验；\r\n\r\n熟悉计算机图形学；\r\n\r\n熟悉 WebGL 以及 Three.js 等绘制引擎；\r\n\r\n熟悉 Javascript 设计模式；\r\n\r\n有移动端自适应布局经验。\r\n\r\n图形 /视觉算法实习生\r\n\r\n图形 /视觉算法实习生 岗位长期有效，参与核心项目研发，实习薪资上不封顶\r\n\r\n职位要求：\r\n\r\n1、计算机图形相关专业，本科及以上学历；\r\n\r\n2、扎实的数学功底，较好的算法设计能力；\r\n\r\n3、具备阅读和实现计算机图形学与视觉会议（ e.g. SIGGRAPH/ICCV/CVPR ）论文算法能力；\r\n\r\n4、有计算机视觉或图形相关研究经验者优先；\r\n\r\n岗位职责：\r\n\r\n从事物体、场景的几何与材质建模，增强现实核心技术研发。\r\n\r\n嵌入式硬件工程师\r\n\r\n岗位要求：\r\n\r\n1、了解 ARM 系列的工作原理；\r\n\r\n2、熟练使用 Python ；\r\n\r\n3、了解 Linux shell 中的常用命令；\r\n\r\n4、了解 Arduino 和 Raspberry Pi ；\r\n\r\n5、对 AR，全景摄像系统，计算机及其周边相关硬件有浓厚兴趣，具有较强的硬件动手能力和 hack 能力；可以独立购买元器件，并组装。\r\n\r\n6、对市场上相机，尤其全景摄像系统等硬件新技术有很强的研究。\r\n\r\n岗位职责：\r\n\r\n1、负责全新拍摄系统的硬件选型和结构设计；\r\n\r\n2、带领和负责公司拍摄系统的组装和逻辑编程；\r\n\r\n3、基于微软 Kinect 上的编程和调试；\r\n\r\n4、熟悉市场上的各种拍摄硬件。\r\n\r\n投递邮箱： jobs@oppentech.com （来件主题请写：职位+姓名+渠道来源） 工作地点：北京海淀区海淀大街 3 号鼎好电子大厦 A 座 3 层太库\r\n\r\n公司简介： 奥本未来作为 AR/MR 领域先行者，凭借开创性的技术突破，以及完善的 AR/MR 咨询服务，为新零售、商业地产、旅游文娱等多个领域推出了全新的虚实融合应用方案。\r\n\r\n已成为腾讯、京东、支付宝、百度数字互动技术的 AR/MR 战略合作伙伴，目前已与国内外多个行业的百余家领军企业建立合作，包括万科、王府井、华润、知名零售品牌以及各地文旅机构等。\r\n\r\n奥本未来汇集各领域顶尖人才，包括海归技术大牛与知名互联网公司前技术总监。期待你的加入，与我们一起开创未来的互动！奥本官网： https://www.oppenfuturetech.com/", "title": "[社招 or 校招] web 前端/图形工程师+图形/视觉算法工程师+嵌入式硬件工程师", "reply": 0, "click": 1216, "user_id": 188589, "user_name": "Oppentech"}