{"id": 827236, "create_time": 1641780994, "create_datetime": "2022-01-10 10:16:34+08:00", "content": "[公司名称] 英伟达\r\n\r\n[坐标] 上海 OR 北京\r\n\r\n[简历投递邮箱] xiaozhao@nvidia.com\r\n\r\n[邮件标题] 姓名+应聘岗位\r\n\r\n[面试流程] 2-3 轮视频面试\r\n\r\n[简历形式] 中英文简历\r\n\r\n\r\nNVIDIA Merlin 是一个开源框架，用于构建大规模深度学习推荐系统。Merlin HugeCTR 是其关键组件，可加速基于深度学习的推荐模型的训练和推理。NVIDIA Merlin HugeCTR 团队正在寻找优秀的的 DevOps 工程师来构建下一代产品。作为 HugeCTR 团队的 DevOps 工程师，您将使用现代 DevOps 工具简化框架的开发、构建、测试和发布。\r\n\r\n\r\n[您将要做的是] ：\r\n\r\n● 简化和自动化 NVIDIA Merlin HugeCTR 的构建、测试、集成和发布流程；\r\n\r\n● 管理和发布具有正确解决依赖关系的容器；\r\n\r\n● 相应地维护和同步分支；\r\n\r\n● 基于具体的测试用例，以端到端的方式跟踪和验证 HugeCTR 的性能和正确性；\r\n\r\n● 与 NVIDIA 的库、架构、工具和系统软件团队密切合作，构建和维护生产感知型开发和测试环境；\r\n\r\n● 实施和宣传构建、测试和发布推荐系统特定框架的最佳实践。\r\n\r\n\r\n[我们需要你] ：\r\n\r\n● 计算机科学学士学位或更高学位（或同等经验）；\r\n\r\n● 基于 GitLab CI/CD 和 Jenkins 等工具构建和自动化测试工作流和持续集成系统的丰富经验；\r\n\r\n● 在版本控制系统（例如 GitHub 和 GitLab ）以及构建系统（例如 CMake 和 Make ）方面具有丰富的经验；\r\n\r\n● Python 中的实用编程技能和类 UNIX 系统上的 Shell 脚本；\r\n\r\n● 在集群环境中使用 SLURM 等作业调度器的经验；\r\n\r\n● 了解编写 Dockerfile 并使用关键的 Docker 命令并了解容器化；\r\n\r\n● 对深度学习的理解，尤其是对其部署的理解。\r\n\r\n\r\n[如何在人群中脱颖而出] ：\r\n\r\n● 可以与 NVIDIA 的各个工程团队合作协调、讨论的良好沟通技巧；\r\n\r\n● 对现代推荐系统的理解；\r\n\r\n● 了解 C++语法及其现代（ C++11/14/17/20 ）特性；\r\n\r\n● 了解并行编程，尤其是 CUDA 和 MPI ；\r\n\r\n● 有 TensorFlow 、PyTorch 等深度学习框架经验；\r\n\r\n● 继续关注先进的 DevOps 工具和技术。", "title": "[英伟达 Nvidia] [上海/北京] [高级 Dev Ops 工程师]", "reply": 3, "click": 729, "user_id": 447597, "user_name": "zoe1016aaa"}