{"id": 358540, "create_time": 1493706708, "create_datetime": "2017-05-02 14:31:48+08:00", "content": "# Web 前端开发实习生\r\n## 团队简介\r\n\r\n- 致力于打造境外旅游第一中文消费指南！在这里你将有机会为两亿人次的出境体验代码！\r\n- 我们为你提供还算舒适的配置：MacBookPro、27 寸大屏显示器、咖啡机、Team Building 等等，当然还有漂亮的学姐和帅气的师兄。\r\n\r\n## 职位描述\r\n\r\n- 负责美团点评客户端 Hybrid H5、m 站开发\r\n- 负责技术优化及架构升级\r\n\r\n## 任职要求\r\n\r\n- 有扎实的前端技术基础，包括但不限于 HTML、CSS、JavaScript、DOM\r\n- 熟悉常见的前端框架、库、工具，例如：Node、vue、jQuery、AngularJS、Backbone.js、 = React、Grunt、Gulp 等\r\n- 有复杂用户界面与交互应用开发经验，细节控\r\n- 追求极致，有性能优化经验\r\n- CS 基础扎实，熟悉一种以上的服务端技术\r\n- 自我驱动，有良好的团队沟通协作能力\r\n- 每周能实习 4 天及以上\r\n\r\n## 加分项\r\n- 优秀的个人作品\r\n- 妥善经营的技术博客、开源项目\r\n- 技术控\r\n- 邮箱请投：`'duwanzhi_meituan-com'.replace('_', '@').replace('-', '.')`", "title": "美团点评求优秀前端实习生", "reply": 9, "click": 3026, "user_id": 106614, "user_name": "levin1001"}