{"id": 814022, "create_time": 1636406607, "create_datetime": "2021-11-09 05:23:27+08:00", "content": "Jerry.ai 是总部位于硅谷的明星人工智能金融互联网高科技公司, 聚焦万亿级市场，我们为数百万用户提供最佳人工智能金融产品选购平台。近来，公司完成了新一轮上亿元级别融资, 并被领英提名为全美创业公司 50 强。我们正在致力于大规模的团队扩建，希望寻找热爱技术，喜爱技术挑战的人才加入我们的团队。\r\n\r\n**我们的技术栈：**\r\n\r\n* Javascript (with Flow) codebase: NodeJS (Express), React, React Native\r\n* GraphQL API (no REST)\r\n* PostgreSQL DB (transactional)\r\n* Redshift (warehouse)\r\n* Redis (session storage, task queue management)\r\n* Sequelize ORM (exploring Prisma as a potential replacement)\r\n* Jest test runner\r\n* Infrastructure: Kubernetes cluster hosted on AWS EC2 nodes\r\n\r\n**工作职责：**\r\n\r\n* 参与产品设计、开发、测试、部署、维护，为改进产品提供反馈和建议\r\n* 合理安排各个项目的优先顺序，确保项目按期完成并实现目标成果\r\n\r\n**我们需要这样的你：**\r\n\r\n* 3 年+相关经验，本科及以上学历，计算机，软件工程相关专业，具备扎实的软件开发基础知识（数据结构，算法等等）\r\n熟悉现代 javascript (ES6+: Classes, modules, arrow functions, async/await, destructuring, etc.)\r\n* 熟悉 javascript 工具链以及常用的库\r\n* 熟悉 Web 前端框架，如 ReactJs, Vue.js 等\r\n* 了解服务器端渲染技术，以及 React Native 移动端开发\r\n* 了解 javascript 的最佳实践和一些常用的设计模式，具备编写高效简洁的 javascript 代码\r\n会编写和维护规范的测试集，有维护和管理大型代码 repo 的相关经验并且知道如何维护 repo 对代码的性能和可扩展性有深刻的理解\r\n* 乐于编写高质量的代码和测试集，并维护全面的代码覆盖测试\r\n\r\n**加分项目**\r\n\r\n* 熟练运用 React Native, GraphQL 以及 Apollo\r\n* 相关产品开发经验\r\n\r\n**薪资福利**\r\n\r\n* 匹配一线大厂的诱人薪资\r\n* 公司提供顶配笔记本和显示器\r\n* 四周带薪年假，补贴健身费用\r\n\r\n**面试流程**\r\n\r\n1.收到您的简历后，如果符合要求，我们会通过邮件与您联系第一轮 coding test 。\r\n\r\n2.您有两天时间完成 coding test 。通过之后 HR 会邀请您进行一次非技术面试，以了解您的更多信息，如薪资期待等 。\r\n\r\n3.HR 面试之后是三轮技术面试。第一，二轮面试和国内的技术负责人面试，第三轮和 VP Eng 或者 CTO 面试，全程中文友好。\r\n\r\n4.当完成了所有的面试，如果您对我们给出的 offer 感到满意，就可以通过第三方公证平台进行签约，期待与您共事 ：）\r\n\r\n如果您感兴趣，请把您的英文简历发至： annie@getjerry.com 邮件主题字段必须包含: Senior Software Engineer - V2EX ，我们会尽快和您取得联系。\r\n\r\n![]( http://ww1.sinaimg.cn/large/001UX2CNgy1grqfdhi04zj60u01s211202.jpg)", "title": "🔥🔥🔥 [硅谷小众宝藏 Startups] 100%远程+期权+双休+四周年假+各种福利补贴🌟🌟🌟", "reply": 2, "click": 1200, "user_id": 373519, "user_name": "JerryAi"}