{"id": 813071, "create_time": 1636014393, "create_datetime": "2021-11-04 16:26:33+08:00", "content": "**用音乐建立共鸣，用音乐激发表达**\r\n\r\n\r\n# 大的概念来说\r\n## 字节为什么要做音乐\r\n首先字节的公司使命是「激发创造，丰富生活」，作为信息内容平台来说，音乐是一个很重要的品类，用户对音乐有很强烈的需求，也会用很长时间。 \r\n\r\n其次从战略出发，音乐非常需要推荐，字节有很好的基础和能力做好音乐这块业务。 \r\n\r\n另外就是 TikTok 其实对用户发现音乐起了非常大的作用，那么只要能够更好的被发现，就有机会让更多创作者成长，这几点之间是互相串联的。 \r\n\r\n## 公司对音乐业务的期许\r\n\r\n做音乐不仅包含 Resso 和音乐中台，还包括看见音乐计划、包含西瓜里面的音乐视频，包含音乐的创作工具等等能够使用到音乐的产品和场景，他的版图是非常大的。在不断摸索的过程中，未来还可能是创作、分发、甚至音乐版权，改变市场的格局。 \r\n\r\n在这个未来愿景下，音乐和抖音、TikTok 会做更多深度的合作和协同，Resso 和中台所在的团队应该是连接公司其他的各部分音乐相关业务，对外，发现消费互动，连接用户和作者，对内，贯穿字节众多产品的音乐部分，提供下沉的资源和能力。 \r\n\r\n# 从个人视角来说\r\n\r\n## 业务发展快，有足够的挑战\r\n- Resso 在海外上线一年内突破千万日活（目前已远不止）\r\n- 抖音、TikTok 大量音乐场景、音乐人服务需要构建\r\n- 潜力巨大的保密项目快速迭代中\r\n\r\n招聘不分年限，客户端初中高级、Leader 都招，根据面试评估对应职位，都有合理可期的上升空间。\r\n\r\n## 团队氛围好\r\n- 团队每周分享，每月团建\r\n- 平时一起吃饭&打桌上足球，活动日一起狼人杀&阿瓦隆\r\n- 忙归忙，团结不卷\r\n\r\n\r\n**团队及面试信息附上详细介绍文档：**\r\n\r\n**https://bytedance.feishu.cn/docs/doccnLq0xnBduVqSsxYQg9hNJye#**\r\n\r\n\r\n# 联系方式\r\n\r\niOS 尤其紧缺，感兴趣的朋友欢迎扫二维码投递或微信搜索『**z-vving**』私聊\r\n\r\n![]( https://mmbiz.qpic.cn/mmbiz_jpg/IR14DG1ZjmgW4QZpTEDcHcxpGvS1MgC9BxloLIGibvbuINzHhCPeqhyCZ65wtyXnw6RCkoTNuOb7AzFmvHev7GQ/640?wx_fmt=jpeg&tp=webp&wxfrom=5&wx_lazy=1&wx_co=1)", "title": "[上海、北京、深圳、杭州] 字节跳动音乐团队客户端急招，参与抖音、Tiktok、Resso 等业务开发，共同成长", "reply": 0, "click": 665, "user_id": 148625, "user_name": "zvving"}