{"id": 496909, "create_time": 1539305854, "create_datetime": "2018-10-12 08:57:34+08:00", "content": "期望：\r\n\r\n1、具备很强的用户同理心\r\n2、至少有一款上线的 phaser 小游戏\r\n3、适应云 Team 的远程协作模式\r\n\r\n自信胜任请加 Jim 的 QQ 1930899398\r\n云 Team： https://team.links123.com/ \r\n关于我们： https://www.links123.com/About", "title": "云 Team 渴求 phaser 极客远程兼职", "reply": 8, "click": 1601, "user_id": 48764, "user_name": "links123cn"}