{"id": 656859, "create_time": 1585300556, "create_datetime": "2020-03-27 17:15:56+08:00", "content": "工作职责:\r\n1 、根据产品定义，完成各类开发文档的整理和编写；\r\n2 、根据开发进度和任务分配，完成相应模块软件的设计、开发、编程任务；\r\n3 、参与整体系统架构的设计、讨论与实现；解决疑难技术问题，提供技术解决方案；\r\n4 、保证底层系统的结构合理性，并能不断的优化结构、提高性能。\r\n \r\n任职要求:\r\n1. 计算机相关专业，本科及以上学历\r\n2 、熟悉 Java 语言编程，具备 3 年以上 Java 开发经验，掌握 JVM 和并发编程，理解 io 、多线程等基础框架，具备有大型企业应用系统开发相关经验；\r\n3 、熟悉 Sql Server 、MySQL 、Oracle 中至少一种数据库，有数据库设计和优化经验；\r\n4 、熟练掌握 Spring 、spring cloud 、spring boot 、zookeeper 、redis 、kafka 、mybatis 等框架；\r\n5 、具备 WEB 前端相关技术(html/css/javascript)和经验，熟悉 vue 、nodejs\r\n6 、精通 Resin/Jetty/Tomcat 其中两种以上主流应用服务器；\r\n7 、熟悉分布式系统的设计和应用，熟悉微服务架构模式，了解云原生应用；\r\n8 、具备系统架构能力，熟悉分布式容错、分布式缓存、高并发等主流技术；\r\n9 、熟悉工作流引擎优先。\r\n\r\n薪资待遇：\r\n30-45W\r\n​\r\n微信联系 ：15692415673 (请备注 v 站添加)", "title": "[广州 网易] 资深 Java 开发工程师", "reply": 1, "click": 984, "user_id": 156070, "user_name": "jenenliu"}