{"id": 366404, "create_time": 1496739187, "create_datetime": "2017-06-06 16:53:07+08:00", "content": "**武汉深之度科技有限公司**\r\n\r\n产品介绍： https://www.deepin.org/\r\n\r\n官方招聘： https://www.deepin.com/?page_id=681\r\n\r\n简历邮箱： hr@deepin.com\r\n\r\n微信可加：15972126112\r\n\r\n----------\r\n职位名称：桌面应用软件开发工程师\r\n\r\n工作地点：武汉\r\n\r\n岗位职责：\r\n\r\n1.开发 Linux 桌面应用程序；\r\n\r\n2.参与深度桌面环境的完善与维护。\r\n\r\n任职要求:\r\n\r\n1.熟练使用 Linux 操作系统；\r\n\r\n2.精通 C/C++、Python 等常用的程序开发语言；\r\n\r\n3.熟练使用 Vim （或 Emacs)、GDB、Git 等常用的开发工具；\r\n\r\n4.精通 Qt、Gtk+等 Linux 下流行的 UI 库进行应用界面开发；\r\n\r\n5.或者精通 HTML5/CSS3/JavaScript （ CoffeeScript ）进行 Web 桌面 UI 开发；\r\n\r\n6.深刻理解多线程图形编程；\r\n\r\n7.熟悉各种界面动画的原理及实现方式；\r\n\r\n8.很强的独立分析和解决问题的能力；\r\n\r\n9.有良好的团队合作精神，有责任感，有较好的沟通能力，主动性强。\r\n\r\n加分项（满足 1-2 条）:\r\n\r\n1. 熟悉 DBus 的概念与使用；\r\n\r\n2. 熟悉 Gnome/KDE 等桌面环境服务模块；\r\n\r\n3. 熟悉 Golang 开发；\r\n\r\n4. JavaScript 项目中惯用模块化开发；\r\n\r\n5. 熟悉 Deepin 操作系统。\r\n\r\n6.对技术痴迷，认为自己是个技术 Geek ；\r\n\r\n7.有独立开发 Linux 开源应用程序；\r\n\r\n8.做过 Qt （或者 Gtk+）的绑定工作；\r\n\r\n9.关注用户体验设计，并对应用的易用性有一定研究。\r\n\r\n\r\n-------------\r\n**福利待遇**\r\n\r\n季度奖+五险一金+双休+带薪年假\r\n\r\n户外旅游\r\n\r\n聚餐活动\r\n\r\n零食饮料（每天供应）\r\n\r\n舒适自由的办公环境\r\n\r\n工作时间:    9:00 ~ 17:30 （双休）\r\n\r\n娱乐设施:    台球, 桌上足球, 乒乓球，XBox360 体感游戏", "title": "招聘软件开发工程师，岗位可以接受实习生和应届生，坐标武汉", "reply": 0, "click": 1795, "user_id": 156417, "user_name": "hillary666"}