{"id": 196253, "create_time": 1433470463, "create_datetime": "2015-06-05 10:14:23+08:00", "content": "我们是海尔旗下的互联网金融创业团队，公司的创始团队来自于支付宝，微软和平安集团。我们的目标是依靠海尔以及传统企业强大的产业链资源打造一流的供应链金融平台。现在因为业务急速扩展，需要招聘Java牛人来加入我们的创业平台，共同发展。 \r\n\r\n我们能为你提供的：\r\n1. 极具竞争力的薪酬和期权；\r\n2. 一流的办公环境和设备（MacPro Retina 15'+额外显示器）；\r\n3. 互联网公司的开放，平等的工作氛围；\r\n4. 和技术高手一起学习和发展的广阔空间；\r\n\r\n职位要求：\r\n1. 5年以上软件开发工作经验（极其优秀者可以放宽到3年）。\r\n2. 精通Linux平台下Java或者C/C++开发，以及性能调优；\r\n3. 熟悉J2EE WEB编程技术，对各种开源的框架如Spring、Hibernate等有深入的应用和优化经验；\r\n4. 熟悉数据库（MySql，MS SQL Server）使用，设计，调优；\r\n5. 熟练掌握各类常用数据结构和相关算法 ；\r\n6. 熟悉分布式系统的设计和应用，熟悉分布式缓存、消息等机制；\r\n7. 有钻研精神，对技术充满热情，有团队合作精神；\r\n8. 本科及以上学历；\r\n\r\n职位职责:\r\n1. 深入理解业务需求，为携程旅游平台提供构架设计；\r\n2. 为移动和Web编写核心API；\r\n3. 指导和培训初级工程师；\r\n\r\n符合以下条件者优先:\r\n1. 互联网金融领域开发经验；\r\n2. 熟悉异步、事件驱动编程模型和框架（Akka，Netty，node.js）；\r\n3. 有开放源码作品；\r\n\r\n简历请发送至： simon@kjtpay.com.cn\r\n\r\n也欢迎优秀学生实习。", "title": "[上海-海尔互联网金融]Java 高级工程师/构架师（ 30K+/Month）", "reply": 4, "click": 2311, "user_id": 41174, "user_name": "geesimon"}