{"id": 362666, "create_time": 1495276612, "create_datetime": "2017-05-20 18:36:52+08:00", "content": "公司位于雨花区万谷移动互联科技园（原警官学院）。招聘 2 位 PHP 实习生，1 位 3D 设计师（实习、兼职都可）\r\nPHP 实习生要求：\r\n1.计算机相关专业本科学历，基础良好（数据结构、操作系统、数据库、计算机网络）\r\n2.熟悉至少一门网站后端语言（ C++／ Python ／ PHP ／ GO ），熟悉 Laravel 优先；\r\n3.熟练操作数据库 MySQL 或者 MongoDB ；\r\n4.熟悉 HTML、JavaScript、CSS、Linux，Git\r\n\r\n3D 设计师：\r\n1.熟悉 3D 场景下建模、灯光、渲染、材质、动画\r\n2.良好的色彩表现力和创造力(有美术基础优先考虑)\r\n3.配合 wengl 工程师调试\r\n4.互联网行业报有热情，充满激情\r\n实习薪资：150-250\r\n联系： iamwushichun@gmail.com  QQ：2910056373", "title": "[南京] 招聘 PHP （ Laravel）实习生、3D 设计师", "reply": 2, "click": 2246, "user_id": 67416, "user_name": "wushichun"}