{"id": 660455, "create_time": 1586329319, "create_datetime": "2020-04-08 15:01:59+08:00", "content": "岗位职责：\r\n负责公司对话系统设计、开发和优化; 构造下一代 AI 系统，并赋能多个业务\r\n职位要求：\r\n计算机或电子工程相关专业，硕士及以上学历，至少 2 年以上互联网后端开发经验；\r\n精通 Java, C++, Golang 中的一门编程语言，并熟练使用一种工程开发框架；\r\n熟悉并使用 Docker, Kubernetes 等容器技术，有部署、上线、Troubleshooting 经验；\r\n熟悉多线程编程；\r\n了解对话系统工作原理，包括对话管理、自然语言理解、强化学习等；\r\n有网络流媒体开发或直播系统服务器架构开发经验者优先;\r\n有高并发、高性能服务系统设计开发经验者优先。\r\n具备优秀的逻辑思维能力，善于分析问题、解决问题，对解决挑战性问题充满热情。\r\n\r\n\r\n微信：18621580540\r\n邮箱： daisyzhao@greatconsulting.club", "title": "后端工程师 (上海，互联网，美国上市公司，不加班)", "reply": 2, "click": 1145, "user_id": 221578, "user_name": "fancyfrees"}