{"id": 496227, "create_time": 1539140263, "create_datetime": "2018-10-10 10:57:43+08:00", "content": "# 资深前端工程师\r\n\r\n> 凭远 App-Ark 是一家为中国学生申请美国一流名校提供个性化量身定做咨询申请服务的公司。 \r\n> 我们诞生于 09 年，总部位于上海市徐家汇。 \r\n> 在 7 年的发展中，我们在全国 5 个城市开设了分公司，包括杭州，苏州，温州等。 \r\n> 与留学中介或传统的教育咨询机构最大的不同是：App-Ark 定位于申请美国前 50 名校的本科申请，坚持一对一的个性化申请订制。 \r\n> \r\n> 为更好地提升留学体验，凭远教育正在推出自己的留学系统，目前需要招聘 IT 工程师们：\r\n\r\n## 职位名称：\r\n\r\n> WEB 前端开发工程师 `15-30K/月`\r\n\r\n## 职位内容：\r\n\r\n- 参与公司的开发项目，快速理解公司业务\r\n- 参与需求讨论，并按照讨论结果实现需求\r\n- 能够独立完成页面 UI，优化用户体验，并进行一定程度上的美化\r\n- 解决在开发中遇到的技术问题, 按时完成任务\r\n- 与同事有效沟通, 共同进步       \r\n\r\n## 要求条件：\r\n\r\n- 3 年以上 Web 前端开发经验，精通主流前端技术，合理设计页面结构及样式结构，编写具有可维护性、灵活性较强的代码\r\n- 精通 AngularJS 框架，熟悉框架特性，并根据需要合理运用框架\r\n- 能够合理利用设计模式和模块化的组织方式对代码进行优化, 注重前端性能优化\r\n- 了解用户使用习惯, 促进产品易用性改进和界面技术优化，有一定的设计美感与设计能力\r\n- 有前后端分离开发的经验, 懂得如何与后端进行沟通和 api 对接\r\n- 有基于 Web 的管理系统开发经验，能够在考虑权限控制的前提下进行页面开发\r\n- 熟悉 Git 工具使用，熟悉版本控制，并有团队开发经验，\r\n- 有良好的编程习惯，注释清楚，命名有规律\r\n- 有一定的英语基础(4 级或以上), 能独立阅读英文文档, 查找英文资料\r\n- 有进取心, 自学能力强\r\n\r\n## 加入我们，你将获得：\r\n\r\n- 每年固定金额的培训费用；\r\n- 弹性的工作时间，灵活的调休政策，迅速的薪资成长；\r\n- 花式的员工福利，试用期工资不打折，入职即缴纳五险一金，超长带薪年假，年度健康体检，节日现金 or 礼品福利，不定期创意团队拓展（篮球羽毛球活动，K 歌德州等着你参与），以及年度全程五星级机酒旅游派对。\r\n\r\n## 工作地点：\r\n\r\n> 上海市徐家汇漕溪北路 45 号 base 20 楼 \r\n[![ditu]( https://image-static.segmentfault.com/851/403/851403086-5bbd6a4e2d2a9)]( https://www.google.cn/maps/place/%E8%88%AA%E7%A9%BA%E7%A7%91%E6%8A%80%E5%A4%A7%E5%8E%A6/@31.1917776,121.4377203,17z/data=!3m1!4b1!4m5!3m4!1s0x35b2653229af8391:0x71c74e8157a31378!8m2!3d31.191773!4d121.439909)\r\n\r\n**有意者请投递简历至：`xiaohui.lam#icloud.com`**\r\n \r\n> 若推荐好友入职，可拿千元推荐奖", "title": "[前端] 上海 7 年公司招聘资深前端工程师， laravel+angular 架构", "reply": 1, "click": 951, "user_id": 353178, "user_name": "illuminate"}