{"id": 496196, "create_time": 1539136364, "create_datetime": "2018-10-10 09:52:44+08:00", "content": "我们期望：\r\n\r\n1、具备很强的用户同理心\r\n2、至少有一款上线的 phaser 小游戏\r\n3、适应云 Team 的远程协作模式\r\n\r\n自信胜任请加 Jim 的 QQ 1930899398\r\n云 Team： https://team.links123.com/ \r\n关于我们： https://www.links123.com/About", "title": "云 Team 再求 phaser 远程兼职", "reply": 4, "click": 1020, "user_id": 48764, "user_name": "links123cn"}