{"id": 366107, "create_time": 1496652830, "create_datetime": "2017-06-05 16:53:50+08:00", "content": "你将负责：\r\n1. 参与问答和对话系统的算法设计与开发，包括但不限于自然语言处理，信息抽取，语义理解，知识图谱等 NLP 前沿技术；\r\n2. 追踪和落地相关前沿技术和学术论文(深度学习等)，对模型进行优化和性能提升；\r\n3. 参与和构建相关算法的 API 和工具包。\r\n\r\n我们希望你是：\r\n1. 计算机或相关专业的硕士或者博士；\r\n2. 熟悉自然语言处理、机器学习、深度学习、强化学习等相关算法，对自然语言处理方向有较深和全面的认识；\r\n3. 了解深度学习在自然语言处理方向的相关算法和框架，有 Tensorflow, Theano, Keras 项目实战经验的优先；\r\n4. 有智能问答、语义理解、知识图谱、推荐系统等相关方向实战经验的优先；\r\n5. 至少精通 C、C++、Python、Java 或者其他语言中的一种，有较强的编程能力；\r\n6. 具有科学探索精神和团队协作能力。\r\n\r\n我们的团队 ：\r\n首席运营及首席科学都是知名大学的博士，有丰富的 AI 项目经验，我们的队员都是来自北大、清华等名牌大学的硕士生；\r\n如果你也想在人工智能方面有自己的研究成果，如果你也想走在时代的前端，欢迎加入我们团队。\r\n\r\n我们的福利：\r\n保证充足、保证丰富的零食储备，\r\n各类好茶，咖啡随意喝；\r\n每周另有丰盛的下午茶；\r\n每周打羽毛球，跑步等活动，为健康加分；\r\n齐全的五险一金，补充医疗，意外保险，保障生活。\r\n\r\n关于智言：\r\nWebot 是一家专注于智能对话语义理解技术的创业公司，公司创始团队来自海内外名校毕业博士，在人工智能领域拥有多年的实战经验，已经获得国内顶级投资机构的投资。公司坐落在美丽的深圳南山，深圳没有雾霾哦。\r\n\r\nAbout Webot\r\n\r\nWebot's team powers a new era of artificial intelligence, and most of them hold a PhD degree in AI (NLP, NLU, KG etc.). We work on cutting-edge techniques for building task-oriented dialogue bots that learn to engage in natural conversations with human.\r\nWe are now looking for talents to join our research team and development team to help invent the future! Successful candidates will be required to productively contribute to a team and may have to solve research and engineering problems related to training / deployment of models. You will have the opportunity to test your knowledge in a challenging problem-solving environment. You will be encouraged to think out-of-the-box, innovate and find solutions to real-life problems. For you, and for us!\r\n\r\n欢迎联系，邮箱： xiaocuichen@webot.co", "title": "webot 诚聘自然语言处理算法研究员", "reply": 0, "click": 1207, "user_id": 162761, "user_name": "echo88"}