{"id": 364966, "create_time": 1496218820, "create_datetime": "2017-05-31 16:20:20+08:00", "content": "### 致力于成为中国第一，世界一流的中间件技术团队\r\n\r\n简历请发送至 base64:  enlwc2RzICMgZ21haWwuY29tCg==\r\n\r\n### 参考 JD\r\n\r\n#### 中间件-中间件技术-资深 Java 开发工程师 /技术专家\r\n\r\n1. 熟悉 java concurrent 包 ，熟悉高并发，分布式通信，存储等相关技术 \r\n2. 3 年以上相关工作经验 \r\n3. 熟悉 Linux 操作系统、熟悉开源的中间件软件 \r\n4. 有很强的分析和解决问题的能力，思路清晰，学习能力强，善于归纳、总结、推理 \r\n5. 熟悉数据库技术、消息中间件，RPC 框架，性能优化等相关技术经验者优先 \r\n6. 具有高并发相关工作经验优先。\r\n\r\n\r\n#### 中间件-云服务开发工程师 /专家-北京\r\n\r\n1. 精通 Java，熟悉 python，脚本编程，另外熟悉 C++，nodejs,go 更佳 \r\n2. 精通分布式软件的安装，部署和运维，在高并发，分布式通信，存储，底层网络（ vlan，vxlan，overlay ）等相关领域有实际经验； 精通 linux/unix 下性能调优，熟悉相关压测，网络监控等工具 \r\n3. 了解主流的 PaaS 平台和技术，对各 PaaS 平台和技术的优劣和适用场景有深入的理解，熟悉 Docker 技术和对应的 PaaS 体系架构者优先； \r\n4. 熟悉主流的网络框架 OpenVswitch,Flaanel,Calico，Weave 者优先； \r\n5. 熟悉分布式系统的设计和应用，熟悉分布式、缓存、消息等机制；能对分布式常用技术进行合理应用，解决问题； \r\n6. 熟悉系统高可用和稳定性方法和策略的优先，比如降级限流，LB ； \r\n7. 良好的团队协作能力，良好的沟通表达能力，具备优秀的文档能力，使用文字、图示清楚地表达架构意图，能够熟练编写各类技术文档。\r\n\r\n\r\n\r\n### 阿里中间件团队介绍\r\n阿里中间件团队，是国内为数不多的极具技术挑战性的团队之一，依托于全球规模最大的阿里巴巴电子商务平台所带来的巨大流量和海量数据，以及对于电子商务平台固有的稳定性要求，使得团队有机会去面对一个又一个技术难题，创造一个又一个技术奇迹。在刚刚过去的“ 2015 双十一网购狂欢节”中，912.17 亿元销售奇迹背后的每一笔交易订单都和阿里中间件团队的技术小二们息息相关。\r\n\r\n中间件团队致力于成为中国第一，世界一流的 Java 技术团队。自主研发的一系列产品始于 07 年底开始的淘宝架构 2.0 到 3.0 的变迁过程中，使淘宝网 从集中式的 Java 应用走向了分布式 Java 应用，涵盖了消息中间件、服务框架、数据层、应用服务器和大规模分布式稳定性平台等等。解决了淘宝网这个大型系统中的应用间以及应用到水平拆分后的数据库间的访问问题，通过消息中间件对应用进行了解耦并提供了最终一致性支持。目前广泛使用在大淘宝的各个 Java 应用中以及少部分的非 Java 应用中。而稳定性平台、性能优化平台是在淘宝系统分布式化后解决和稳定性、容量规划、降级管理、依赖告警以及性能丈量等方面的问题的利器。\r\n\r\n中间件团队的同学是一群不安于现状且喜欢折腾的人，未必很资深但是很执着，充满热情。大家来自五湖四海，到这里一起解决技术难题，提升系统性能，完成业务突破，构建新的应用，玩儿转技术、业务、数据、无线。\r\n\r\n如果你酷爱技术、喜欢钻研、愿意去帮助多个业务系统的发展，并且认为编程是别人不能剥夺的权利的话，欢迎加入我们，一起提升我们的技术产品，一起去支持业务更好的发展。\r\n如果你希望在淘宝的土壤上，用我们的技术去折腾一些新应用，新玩儿法出来，也欢迎和我们联系。\r\n\r\n如果上面的介绍，还没有让你非常了解我们的话，那么最好的方式是加入我们再深入去了解吧。", "title": "[北京/杭州] [社招] 阿里巴巴中间件团队 资深工程师/技术专家 内推", "reply": 5, "click": 1856, "user_id": 43741, "user_name": "yx1989"}