{"id": 833760, "create_time": 1644821345, "create_datetime": "2022-02-14 14:49:05+08:00", "content": "我们是谁？\r\n-----\r\n\r\n思码逸为软件研发团队提供数据分析工具及配套解决方案，基于深度代码分析与机器学习技术，服务于全球软件企业和开源社区。\r\n\r\n公司 2018 年成立于美国硅谷，连续完成由 **GGV**、**经纬**、**奇绩创坛**领投的三轮融资，目前正处于高速发展阶段，已为腾讯、滴滴出行、美团、贝壳、PingCAP 、商汤科技、有赞、工银瑞信、长亭科技、知道创宇、泰康人寿、Dell EMC 、第一财经等行业标杆客户提供服务。\r\n\r\n思码逸的团队，既有来自清华、北大、伯克利、斯坦福、香港科技大学等顶尖学府的学霸，也有曾供职于微软、BAT 、华为、字节、美团等知名公司的码神；有的同学在 GitHub 上拥有千星……我们的团队成员的经历非常多样化，**只要你觉得你能力够格，英雄不问出处**。\r\n\r\n![]( https://duckfiles.oss-cn-qingdao.aliyuncs.com/eleduck/image/dc84683c-d76b-4d0a-afcb-753e841be588.jpeg)\r\n\r\n我们**开源**了研发大数据平台 DevLake [( https://github.com/merico-dev/lake)]( https://github.com/merico-dev/lake)，被腾讯乐神称为研发效能领域快速发展的一个标志。今天 DevOps 工具链越来越长，但工具产生的数据没有很好的存留和分析。我们相信数据将重塑开发者生产力，DevLake 正是顺应软件工程从工具、流程到数据驱动的转变，希望成为研发团队新一代数据基础设施。DevLake 发布当天即登上 Product Hunt 每日最佳第二名，目前关注打星上千，fork 数过百，正在腾讯、PingCAP 等公司落地。项目正在向 Apache 基金会捐赠的进程中，欢迎志同道合的朋友们加入，一起打造有行业影响力的开源项目！\r\n\r\n长远来看，我们希望帮助程序员们更好地理解自己和团队，在日常工作中不只埋头干活也抬头看路，并在企业、开源社区等不同开发者生态内都获得应有的认可与回报，拥有更加透明、公正、自由的工作环境。对长期愿景的更多描述，参见我们在 MIT 和哈佛大学的演讲《[软件开发的下一个十年：程序员收复价值]( https://security.feishu.cn/link/safety?target=https://zhuanlan.zhihu.com/p/45210244&scene=ccm&logParams={\"location\":\"ccm_drive\"}&lang=zh-CN)》。\r\n\r\n作为技术导向的团队，我们对于开发者社群有着浓厚的归属感，对技术也有着超强的信念。服务于开发者群体，助力每一位个人、每一个团队创造更多价值，也许正是你也想做的事情。\r\n\r\n公司官⽹： [https://merico.cn]( https://security.feishu.cn/link/safety?target=https://merico.cn&scene=ccm&logParams={\"location\":\"ccm_drive\"}&lang=zh-CN)\r\n\r\n招聘官网：[加入我们]( https://merico.jobs.feishu.cn/index)\r\n\r\n我们提供什么？\r\n-------\r\n\r\n*   具有竞争力的薪资及优厚年终奖\r\n\r\n*   股票期权长期激励，与公司共同成长\r\n\r\n*   弹性办公无打卡，可按需远程办公\r\n\r\n*   前沿的技术环境和舒适的工作环境\r\n\r\n*   带薪年假、年度旅行、不定期节日福利及户外拓展\r\n\r\n*   高价值定制年度健康体检\r\n\r\n「 React 高级前端工程师（可远程）]\r\n( https://merico.feishu.cn/hire/job/7000623538639391006?activeTab=basicInfo 」开放招聘中\r\n------------------------------------------------------------------------------------------------\r\n\r\n### 岗位描述\r\n\r\n1. 在具体使用场景中理解用户使用方式和遇到的问题；\r\n2. 通过 Web 前端开发，解决上述问题，带给用户更好的使用体验；\r\n3. 创造自动化工具，帮助工作伙伴提升运营效率。\r\n\r\n### 任职要求\r\n\r\n1. 前端基础知识扎实，能独立完成工作，熟练掌握原生 JavaScript 、CSS 、HTML \r\n2. 能够熟练使用并持续学习 React\r\n3. 根据交互设计或视觉设计，完成高质量的前端交互\r\n4. 了解前端测试，懂得如何写出可测试的代码\r\n5. 了解 GitFlow 流程，HTTP 、TCP 、UDP 等常见协议\r\n6. 良好的学习能力，有责任心，愿意自我驱动，能够快速学习新技术并实践\r\n7. 具有英文文档阅读能力\r\n\r\n加分项：\r\n1. 了解一门后端语言，如 Node.js 、Java 、Go 等\r\n2. 了解或使用过 AWS 、腾讯云、阿里云等云服务\r\n3. 组件库开发经验\r\n4. 团队管理经验\r\n5. 英文沟通能力\r\n\r\n工作中涉及到的技术：\r\nReact 16+； Webpack ； Next.js ； WebSocket ； Cypress ； Storybook ； TypeScript\r\n\r\n### 我们的团队有良好的工程师文化，如果你是这样的，你应该来应聘：\r\n\r\n*   你是自我驱动的\r\n\r\n*   你注重承诺并会努力达成\r\n\r\n*   你开发高质量的产品\r\n\r\n*   你重视工作效率\r\n\r\n*   你喜欢使用、创造工具，喜欢一切自动化\r\n\r\n*   你热爱学习，热爱技术\r\n\r\n*   你乐于与其他人分享\r\n\r\n### 工作地点\r\n\r\n*   全职远程办公\r\n\r\n30K - 40K 人民币 /月，可根据候选人调整。\r\n\r\n投递请发简历到 [jinting.zhou@merico.dev](mailto:jinting.zhou@merico.dev) 并注明「 V2EX 」。", "title": "[全职远程] React 高级前端工程师/中美大牛团队/灵活办公", "reply": 0, "click": 817, "user_id": 26774, "user_name": "basicthinker"}