{"id": 368549, "create_time": 1497498566, "create_datetime": "2017-06-15 11:49:26+08:00", "content": "雪球是什么？请猛戳 https://xueqiu.com/about/what-is-xueqiu\r\n你是否希望参与打造下一代金融互联网产品？\r\n你是否希望每天折腾各种新奇好玩的技术和产品？\r\n你是否希望一起建设一支优秀的工程师团队？\r\n同时你是否希望慢慢的自由的快乐的去实现这这些目标？\r\n雪球工程师团队是实现这些目标最适合的地方\r\n我们会不断追求个人 /团队的生产力，我们会为每个人提供无上限的成长空间。购买技术书籍，内部技术交流，业界技术大会，电脑 /移动设备补贴，人体工学座椅样样俱全。当然还少不了不错的报酬以及各种人性化的福利。\r\n\r\n我们的坐标：北京-朝阳-望京 SOHO\r\n我们的邮箱： hr@xueqiu.com\r\n\r\n [后端开发工程师-基金交易] \r\n\r\n职位描述：\r\n基金销售业务后端开发、基金组合开发、销售活动支持、基金产品推荐\r\n\r\n职位要求：\r\n1、2 年以上 Java 开发经验，熟悉基于 Linux 的开发环境\r\n2、有大中型互联网支付、交易相关产品的服务器端开发经验或者有证券、基金等金融行情、交易相关产品的服务器端开发经验\r\n3、有公募基金业务相关经验优先\r\n4、积极主动，有较强的执行能力，有团队作战意识\r\n\r\n\r\n [后端开发工程师-证券交易] \r\n\r\n职位描述：\r\n1、深入理解业务需求\r\n2、负责证券交易核心系统研发\r\n\r\n职位要求：\r\n1、计算机相关专业，211 高校本科及以上学历；\r\n2、良好的英文读写能力；\r\n3、2 年以上知名互联网公司 Server 端开发经历；\r\n4、良好的系统设计和理解能力；\r\n5、熟悉常用的开源框架和开源服务(Spring，Netty，MySQL，Redis，Tomcat，Nginx 等)；\r\n6、熟悉 JVM，对 JVM 调优、性能优化有经验者优先；\r\n7、有大规模高并发在线系统或金融 IT 系统相关经验者优先。\r\n\r\n\r\n [后端开发工程师-安全和发垃圾方向] \r\n\r\n岗位职责：\r\n1. 开发和维护与帐户安全和反垃圾相关的系统\r\n2. 设计和开发反作弊策略\r\n3. 通过数据反析和设计算法，建立系统安全和反垃圾模型\r\n4. 关注业界最新动态，及时进行策略升级优化\r\n\r\n职位要求:\r\n1. 二年以上开发经验，有系统安全和反垃圾相关经验\r\n2. 基础知识扎实，熟悉 Java 及 Java 相关技术栈\r\n3. 有一定的算法基础，熟悉常见算法的原理\r\n4. 良好的系统设计和理解能力\r\n5. 做事积极主动，有较强的执行能力和和较好的沟通能力\r\n\r\n\r\n [ iOS 开发工程师] \r\n\r\n岗位职责：开发和维护雪球 iOS 移动客户端产品\r\n\r\n职位要求:\r\n1. 统招本科及以上学历； 2 年以上开发经验，1 年以上 iOS 开发经验；知名互联网公司经验优先。\r\n2. 经历过完整生命周期的移动产品开发\r\n3. 扎实的计算机基础，对技术有热情可以持续投入技术研究，有前瞻性的思维\r\n\r\n优先条件:\r\n1. 雪球用户\r\n2. 有其他移动平台（ Android/WP 等）开发经验\r\n3. 有服务器端开发经验\r\n4. 参与或发起过开源项目\r\n\r\n [运维开发工程师] \r\n\r\n岗位职责：\r\n1.参与设计、开发及维护公司的 PaaS 系统\r\n2.保障公司内各系统稳定性\r\n3.参与应用系统性能分析和优化，持续提高运行效率\r\n4.线上问题解决及线下复现排查\r\n\r\n职位要求：\r\n1.统招本科及以上学历；至少熟悉一种 Linux 发行版的服务器管理\r\n2.熟悉主流的开源软件的配置、使用、管理\r\n3.扎实的编程能力，熟悉至少一种编程语言，熟悉常用算法和数据结构\r\n4.具备良好的沟通能力和团队协作能力\r\n5.具备分布式系统的监控、分析和故障排除等相关经验\r\n6.有强烈的责任感、能够承受较强的工作压力\r\n7.学习能力强、有良好的时间观念\r\n \r\nPlus：\r\n1. 熟悉 Golang\r\n2. 熟悉 Docker 及周边生态系统，有开发维护经验", "title": "[北京雪球网招聘]后端、运维、iOS 各类开发职位", "reply": 2, "click": 1256, "user_id": 235289, "user_name": "ranya"}