{"id": 355893, "create_time": 1492583742, "create_datetime": "2017-04-19 14:35:42+08:00", "content": "公司是做财经类付费知识平台的（功夫财经），目前在 B 轮阶段，公司前景可期。技术团队属于小而精的新团队，目前正在寻找 3 名左右的后端技术人才加入。\r\n\r\n工作内容：\r\n1 、负责公司战略产品的后端重构、架构、开发和运维。\r\n2 、研究新技术，不断迭代技术和产品，通过技术能驱动产品成长。\r\n\r\n技能要求：\r\n1 、丰富的 Java 开发经验，基础扎实，有 Spring （ Spring MVC ）、 SpringBoot 、 Mybatis 、 RPC 等应用经验。\r\n2 、实际使用并运维过 Mysql 、 Postgre 、 RabbitMq 、 Redis 等，较深入理解数据库各方面的技能。\r\n3 、有良好的编程习惯，在 OO 、设计模式、架构模式上有经验积累，对学习新技术有自我驱动力。\r\n4 、有搜索、爬虫等技术经验优先。\r\n\r\n薪资在 15-25K （税后），不加班，性价比在互联网公司里属于比较高的。", "title": "[北京] 财经类付费阅读平台寻 Java 后端大牛加入", "reply": 4, "click": 1638, "user_id": 167421, "user_name": "duolai798"}