{"id": 354056, "create_time": 1491889216, "create_datetime": "2017-04-11 13:40:16+08:00", "content": "PingCAP 是国内第一家开源的新型分布式 NewSQL 数据库公司，其独立研发项目 TiDB 灵感来自于 Google Spanner/F1 ，不是根据任何开源软件包装的产品，在世界范围内都是顶级的前沿技术，其架构完全不同于传统单机数据库，能解决大数据量下很多传统数据库的瓶颈和痛点，目前在金融、游戏行业已有很多案例。秉承开源是基础软件的未来这一理念， PingCAP 持续扩大社区影响力，致力于前沿技术领域的创新实现。是 GitHub 上的明星开源项目（可以通过 GitHub 了解我们）。  \r\n    \r\n项目地址： https://github.com/pingcap/tidb   \r\n中文文档地址： https://github.com/pingcap/docs-cn    \r\n      \r\n现在公司处于高速发展期，诚聘有激情有想法，追求前沿技术的你，在 PingCAP 你将有机会接触大数据领域最前沿的技术，参与顶级的国际化开源项目的开发，助力客户赢在云+大数据时代。   \r\n  \r\nDatabase Storage Engineer\r\n\r\n岗位职责：\r\n1. 负责分布式数据库 TiKV 相关的设计，开发 \r\n2. 负责构建分布式压力测试框架，稳定性测试框架   \r\n职位要求： \r\n1. 3 年以上相关领域开发经验，扎实的编程能力，精通 C/C++/Go/Rust 中的一种 \r\n2. 对分布式系统的架构和原理有比较深入的了解 \r\n3. 优秀的发现和解决问题能力，良好的沟通能力，具备团队合作精神  \r\n加分项： \r\n1. 拥抱开源，对前沿技术有浓厚的热情和探索欲望，有开源项目经历 \r\n2. 熟悉 Paxos/Raft 等分布式一致性算法 \r\n3. 熟悉分布式事务模型 \r\n4. 熟悉操作系统底层知识，有 TCP/IP ， IO 等系统调优经验 \r\n  \r\nSRE & Tools Engineer \r\n\r\n岗位职责： \r\n1.构建各种自动化流程和工具，以自动化的手段应对任何发生过和预料会发生的问题 \r\n2.自动化测试工具建设，模拟各种压力场景验证 TiDB 的正确性和可靠性，测试驱动开发 \r\n3.负责内部的 DevOps 平台建设，提升团队生产效率 \r\n4.TiDB 企业版工具开发，包含自动化部署，数据迁移和同步工具，备份恢复工具，诊断和调试工具，系统监控工具等开发工作 \r\n\r\n职位要求： \r\n1.2 年以上在运维开发相关领域经验 \r\n2.扎实的编程能力，熟悉 C/C++/Go/Rust/Python 一种编程语言，以及 shell/Perl 一种脚本语言 \r\n3.熟悉常用算法和数据结构，对操作系统和网络有深入的理解和应用经验 \r\n4.良好的沟通能力和技巧 \r\n\r\n加分项： \r\n1.从事过 SRE 相关职位 \r\n2.爱折腾，强烈的 Hack 精神 \r\n3.熟悉 k8s 容器编排系统 \r\n  \r\n新媒体运营 \r\n\r\n岗位职责： \r\n1 ，制定新媒体运营策略，负责企业微信官方账号及其他自媒体平台的运营，日常内容编辑、发布、维护、管理、互动、提高影响力和关注度； \r\n2 ，负责新媒体账号推广模式与渠道的探索及推广，进行以内容为载体的形象系统建设及对外传播； \r\n3 ，了解技术社区用户需求，收集反馈，根据运营数据挖掘和分析用户需求； \r\n4 ，资料的搜集与编辑整理。 \r\n\r\n任职要求： \r\n1.对 toB 的商业和市场具备感知和一定经验，了解 toB 或技术社区类新媒体运营的特点和调性，具备认真负责、逻辑清晰、快速学习的能力；  \r\n2.具备新媒体推广资源，熟悉新媒体的传播特点和流程； \r\n3.具备优秀的文案能力； \r\n4.具有较强的表达与理解能力以及极强的团队合作意识，善于主动发现问题并及时沟通并解决。\r\n  \r\n联系方式：    \r\n邮箱： hire@pingcap.com    \r\n微信： ltpetertang", "title": "[PingCAP 招聘] -你和前沿技术只差一次点击", "reply": 9, "click": 4581, "user_id": 162717, "user_name": "PingCAP"}