{"id": 203083, "create_time": 1435907656, "create_datetime": "2015-07-03 15:14:16+08:00", "content": "楼主大二，感觉应该做些什么，马上就要毕业，但又感觉什么都不会，普通二本，学校里教的感觉还没自学的多，读的是软件工程方向，自学过css html，学校教了点C/C++，又自己看过一点点Java，但又感觉自己好像什么都不会，感觉不能算很熟悉，只会对付老师作业，无所谓工资，只想求个地儿能收留一下，能学点东西就好\r\n\r\n坐标是上海，英语过了六级，\r\n\r\n你们快来拯救楼主吧(哭着捶地)，楼主快感觉自己一无是处了，感觉自己会的其他人都会", "title": "大二想求个暑期的实习，不求薪资", "reply": 8, "click": 1869, "user_id": 70804, "user_name": "xingo"}