{"id": 364008, "create_time": 1495782035, "create_datetime": "2017-05-26 15:00:35+08:00", "content": "HR 妹纸先博君一笑，跪求关注☺\r\n\r\n关于产品： \r\n0.我们的产品叫做悟空遥控，你可以从搜索引擎了解产品及公司的相关信息 \r\n\r\n关于公司： \r\n0.产品由技术驱动，在这里，工程师说了算 \r\n1.CEO 技术出身，码了 10 年的代码。码农在这里会很舒服 （ CEO 一言不合就发大奖）\r\n2.五险一金都正常缴纳 \r\n3.妹子、咖啡、零食、打车费等等等等 \r\n4.一年两次自由行， 韩国 泰国 海南我们都去过啦（世界辣么美，我们一起去看看？！）\r\n\r\n薪资： \r\n10~30k，你的能力决定你的薪水 \r\n\r\n后端技术栈： \r\nLNMP + Python(Scrapy) \r\n\r\n关于职位：\r\n.PHP\r\n.iOS\r\n.Android\r\n（能干啥选啥，喜欢啥选啥，你懂得。。。）\r\n    \r\n关于你,我们的期望是: \r\n0.熟悉相应编程语言与技术栈 \r\n1.较好的逻辑思维分析和沟通能力 \r\n2.快速学习能力 \r\n3.喜欢分享 \r\n4.如果简历能附上 github 或 blog 地址，那更好 \r\n  \r\n在这里你需要做的是： \r\n0.负责悟空遥控的需求设计、开发及维护工作 \r\n1.负责移动平台软件框架的研究，设计和实现、关键技术验证和选型等工作 \r\n2.研究新技术以满足产品的需求，根据开发过程中的体验对产品提出改进建议 \r\n3.配合商务、市场等其他部门,提供产品相关技术支持 \r\n-------------------------------------------------------------------------------------------------------------------------------------------  \r\n工作地址： \r\n北京市朝阳区红军营南路天朗园（傲城融富中心） A 座 3004 \r\n  \r\n联系方式： \r\n电话：010-84831580 \r\n请发送邮件至 limengyuan@wukongtv.com (这是 HR 妹纸的邮箱) \r\nURL： http://www.wukongtv.com/    http://www.cetusplay.com/", "title": "{北京} 悟空向各路英雄豪杰广发英雄帖", "reply": 19, "click": 2636, "user_id": 175565, "user_name": "bbwk"}