{"id": 505541, "create_time": 1541597479, "create_datetime": "2018-11-07 21:31:19+08:00", "content": "就是“万恶的”宇宙条了，招人，社招，要求统招本科以上学历。\r\n福利待遇啥的估计大家都知道。\r\n管三餐，有下午茶，有房补，周日上班给点加班费啥的。\r\n办公位置北京中关村。\r\n\r\n岗位以及岗位要求如下：\r\n\r\n------\r\n\r\n [广告审核后台高级研发工程师] \r\n\r\n职位描述：\r\n\r\n1、负责广告风控与审核相关平台建设，推动公司相关业务接入\r\n\r\n2、参与搭建机器审核平台，支持每天千万级别广告素材审核，保障安全\r\n\r\n3、与各业务线配合推动风控策略，建立健全的风险防控机制与体系\r\n\r\n职位要求：\r\n\r\n1、热爱编程，扎实的编程能力，良好的数据结构和算法功底\r\n\r\n2、精通 python、php、c++、java、golang 中的至少一门语言\r\n\r\n3、责任心强，积极主动，有良好的沟通能力和团队合作能力\r\n\r\n4、有很好的产品意识，对业务流程有良好的抽象和总结能力\r\n\r\n\r\n------\r\n\r\n\r\n [(高级 /资深)前端研发工程师] \r\n\r\n职位描述：\r\n\r\n1、负责头条商业变现相关平台与产品的前端开发工作；\r\n\r\n2、参与规划与制定商业变现前端整体发展计划与基础建设；\r\n\r\n3、负责推动与优化已有前端项目的基础架构与组件抽象；\r\n\r\n4、与团队配合完成整体项目规划、设计与开发；\r\n\r\n职位要求：\r\n\r\n1、熟练掌握 JavaScript，CSS，HTML，DOM、绘图、动画、协议、安全、网络、性能优化等前端技术，对主流前端框架（ React \\ Vue \\ Angular 等）至少一种有深入应用并深入理解其设计原理\r\n\r\n2、熟悉 MVC，MVVM，flux，redux 等相关工程知识\r\n\r\n3、熟悉 W3C，ECMAScript，CommonJS，ES6 等相关技术标准\r\n\r\n4、具备移动端开发能力，能解决移动端兼容性问题及性能问题，熟悉主流移动浏览器的技术特点\r\n\r\n5、熟练掌握 Grunt、Gulp、Webpack、FIS 其中任意一项构建工具的使用和配置\r\n\r\n6、熟悉 Node.js Web 应用开发，有 Node.js ，koa，express 项目开发经验\r\n\r\n7、能对具体的产品进行性能优化，实现极致的页面加载、执行和渲染时间\r\n\r\n8、参与过大型互联网产品的设计和研发工作，整体负责过一个线上系统的技术选型、规划与开发，能独立完成复杂前端系统或大型框架设计 \r\n\r\n9、注重产品质量，具有良好的代码风格、接口设计与程序架构\r\n\r\n10、关注业界发展，对最新的前端技术有浓厚的兴趣及独特的见解，关注前端前沿技术研究，通过新技术服务团队和业务\r\n\r\n11、优秀的团队合作能力，拥有良好的主动性与推动力，优秀的分析问题和解决问题的能力\r\n\r\n---------\r\n\r\n [前端研发工程师] \r\n\r\n职位描述：\r\n\r\n1、参与头条商业变现相关产品的设计与开发工作\r\n\r\n2、参与推动与优化现有前端项目的基础架构与组件抽象\r\n\r\n3、积极推动改进产品，包括技术、用户体验、产品等各个维度\r\n\r\n职位要求：\r\n\r\n1、熟练掌握并运用 HTML、JS(含 ES6)、DOM、CSS(含 LESS、SASS)，Ajax 以及 JQuery、Zepto、Bootstrap、swiper 等类似组件库\r\n\r\n2、熟悉移动端 Web 动效相关高级特性, 如 Canvas、SVG、CSS3 动画等\r\n\r\n3、对网络协议、安全有一定了解和实践\r\n\r\n4、对主流前端框架（ React \\ Vue \\ Angular 等）有一定理解，至少对其中一种有深入应用\r\n\r\n5、掌握 Grunt、Gulp、Webpack、FIS 其中任意一项构建工具的使用和配置\r\n\r\n6、具有良好的代码风格、编码习惯\r\n\r\n7、对产品、用户体验、交互操作流程、及用户需求感兴趣\r\n\r\n8、具备良好的责任心、较强的学习能力，善于总结，优秀的团队沟通与协作能力，乐于分享，敢于创新\r\n\r\n9、至少拥有以下一种能力：\r\n\r\n  A.熟练掌握移动端 H5 开发、熟悉主流移动浏览器的技术特点、能解决各移动端浏览器兼容性问题。\r\n  \r\n  B.具有 NodeJS 线上服务器开发经验，对 express、koa 等有一定理解和实践\r\n  \r\n---------\r\n  \r\n [测试开发工程师] \r\n\r\n职位描述：\r\n\r\n1、深度参与产品研发项目， 协同产品和研发团队高质量交付产品；\r\n\r\n2、参与质量体系规划和建设；\r\n\r\n3、参与开发效率工具和保证技术项目质量；\r\n\r\n4、追踪并分析线上线下故障。\r\n\r\n职位要求：\r\n\r\n1、2018 届毕业，本科及以上学历，计算机相关专业； \r\n\r\n2、热爱计算机科学和互联网技术，对软件质量保障工作有浓厚兴趣； \r\n\r\n3、扎实的数据结构和算法基础；熟悉至少一门编程语言，包括但不仅限于：Java、OC、C、C++、Python、Go、PHP ；\r\n\r\n4、优秀的产品意识， 对市场上典型 App 有自己的想法和改进方案；\r\n\r\n5、快速适应和学习能力，善于发现和定位问题；\r\n\r\n6、了解常用客户端、服务端开发或测试工具， 如自动化框架、压测工具、大数据处理工具者优先。\r\n\r\n--------\r\n\r\n [测试工程师] \r\n\r\n职位描述：\r\n\r\n1、深度参与产品研发项目， 协同产品经理、业务研发、用户反馈团队优质交付产品；\r\n\r\n2、参与质量体系规划、建设；\r\n\r\n3、线上线下故障追踪及分析；\r\n\r\n4、完善研发过程中质量和效率问题的发现机制, 并提出明确改进意见。\r\n\r\n职位要求：\r\n\r\n1、2018 届毕业，本科及以上学历，计算机、通信等相关专业；\r\n\r\n2、认可快速发展阶段的移动互联网公司及文化；\r\n\r\n3、优秀的产品意识， 对市场上典型 App 有自己的想法和改进方案；\r\n\r\n4、快速适应和学习能力、热爱质量效率工作。\r\n\r\n----------\r\n\r\nJD 先放这儿…… 立冬了，互联网这块儿再不找，可能就不好找工作了吧……\r\n\r\n觉得合适就发简历到 tapir.dream#gmail.com 哈\r\n\r\n（请把 # 替换为 @字符）", "title": "[北京-中关村] 今日头条广告相关业务招前端、后端以及测试工程师", "reply": 0, "click": 899, "user_id": 361022, "user_name": "Tapir"}