{"id": 665102, "create_time": 1587555776, "create_datetime": "2020-04-22 19:42:56+08:00", "content": "SD-WAN Software Engineer\r\n\r\n工作地点：北京市房山区\r\n\r\n初创公司，目前在做 SD-WAN 产品（软件 + 硬件）的开发与运营\r\n\r\n工作内容：\r\n\r\n    主要负责路由器产品的 VPP 或 DPDK 组件开发\r\n    参与 SD-WAN 产品的优化\r\n\r\n岗位要求：\r\n\r\n    具备良好的 C / Go / Rust 编程与调试能力\r\n    熟悉在 Linux 平台下开发、Kernel 工作机制、内核网络协议栈\r\n    熟悉 TCP/IP 、进程通讯、多线程编程\r\n    良好的沟通能力，对新技术敏感，有求知欲\r\n\r\n加分项：\r\n\r\n    具有 VPP, DPDK, DPI 产品开发经验优先\r\n    熟悉 OpenDataPlane, OpenFastPath 开发优先\r\n    有嵌入式设备开发经验优先\r\n\r\n待遇：20,000 起（面谈）。公司不大，没有 996 （ 9:30 – 17:30，加班很少），办公提供 MBP 。 有兴趣邮件联系 jenmingli@zhimeng.io （非 HR ）", "title": "SD-WAN 软件工程师 | C, Rust, Go, DPDK, VPP", "reply": 2, "click": 1275, "user_id": 65153, "user_name": "kysoft"}