{"id": 832999, "create_time": 1644484490, "create_datetime": "2022-02-10 17:14:50+08:00", "content": "招聘软件工程师（ C/C++）\r\n工作职责：\r\n1. 公司自研设备驱动及应用程序开发；\r\n2. 配合硬件完成模块单板测试；\r\n3. 相关文档的编写。\r\n任职要求：\r\n1. 2 年以上 C/C++语言开发经验,扎实的 c/c++基础和“数据结构及算法”基础；\r\n2. 熟悉 Visual Studio 开发环境；\r\n3. 熟练动态库、Windows 服务编程、网络编程、串口编程、组件 ActiveX 等常用技术；\r\n4. 熟悉线程间通信、同步原理，有多线程编程经验；\r\n5. 有良好的编码习惯，熟悉软件开发流程；\r\n6. 累计 5 万行以上 c/c++实际代码编写调试经验；\r\n7. 有如下经验者优先：\r\n8. 有射频仪器（如频谱分析仪、信号源、矢网分析仪等）开发经验；\r\n9. 有数字信号处理算法开发经验；\r\n10. 做事积极主动，具有很好的团队合作意识。\r\n软软件工程师（ C++/QT ）\r\n\r\n工作职责：\r\n1.根据仪器系统的软件设计要求设计架构和梳理软件功能需求；\r\n2. 负责系统的软件界面的设计、实现、调试；\r\n任职要求：\r\n1. 熟悉 C/C++语言，2~3 年 C/C++开发经验，至少两年以上 QT 界面开发和系统架构搭建经验；\r\n2. 深入理解 QT 底层实现机制，熟练掌握 QT 库各控件使用及架构及多线程技术，熟悉 QSS ；\r\n3. 精通 QT 应用程序图形界面开发，能用 QT 实现复杂界面交互,完成产品界面美化、优化；\r\n4. 具有微波射频、雷达、无线通信、仪器仪表等行业知识者优先；\r\n5. 具有良好的团队合作精神、独立解决问题的能力。\r\n软件工程师（ C#/WPF ）\r\n职位描述\r\n工作职责：\r\n1. 统筹软件开发及设计，负责产品准时高质量的完成交付；\r\n2. 根据仪器系统的软件设计要求设计架构和梳理软件功能需求；\r\n3. 负责系统的软件界面的设计、实现、调试；\r\n4. 负责需求、设计、用户手册等相关文档的编写。\r\n任职要求：\r\n1. 3 年及以上 C#开发经验,有 C/S 编程经验；\r\n2. 熟悉 WPF 的设计，至少两年以上的 WPF 设计经验；\r\n3. 有良好的界面设计功底，实现复杂界面交互,完成产品界面美化、优化；\r\n4. 熟悉关系型数据库，如 mysql,sqlserver,oracle ；\r\n5. 具有微波射频、雷达、无线通信、仪器仪表等行业知识者优先；\r\n6. 具有良好的团队合作精神、独立解决问题的能力。\r\n\r\n\r\n成都玖锦科技有限公司\r\nCHENGDU JIUJIN TECHNOLOGIES CO . , LTD\r\n新一线电子测试测量行业技术品牌\r\n成都玖锦科技有限公司（简称“成都玖锦”）是国家高新技术企业，成立于 2012 年，总部位于有“中国硅谷”之称的成都，实缴注册资本 6121 万元。公司拥有一支研发射频微波和毫米波电子测试测量仪器的专业技术队伍，具备测试测量分析产业从硬件设计、核心处理算法研究及终端产品到解决方案开发的完整产业链研究能力，部分技术已达国内国际先进水平。\r\n目前，成都玖锦已承担国家和省部级重大项目数十项。同时，成都玖锦也是提供基于通用仪器仪表技术，实现通用测试系统解决方案的新一线电子测试测量行业技术品牌供应商。\r\n成都玖锦主打高端仪器仪表，在大带宽信号产生、大带宽信号采集存储与分析、复杂电磁信号模拟与大规模自动测试领域形成了完整的体系化解决方案，产品及解决方案广泛应用于航空航天、无线通信、大数据、物联网、高校科研与教学、电子产品大规模生产测试与质检领域。\r\n成都玖锦掌握完全的自主知识产权，在“射频阻抗特性分析”、“超宽带矢量信号采集存储分析与回放”、“多通道多体制微波目标模拟”和“复杂电磁环境模拟”等领域拥有数百项关键核心技术。创立至今，公司成功研制出多套国内和国际先进产品并交付使用，在实现进口替代和自主可控方面，为国产高端仪器行业的崛起，贡献着玖锦的力量。\r\n振兴民族工业、打造民族品牌，专注中国电子测试测量行业，匠心制造高端仪器仪表。\r\n成都玖锦： 一群人、一件事、一颗心、一辈子 。\r\n\r\n\r\nhttps://jiujintech.com/", "title": "[成都高新区新川 AI 创新中心] 招聘软件工程师 联系方式，站内 DM 或者 HR at jiujintech.com", "reply": 0, "click": 416, "user_id": 9157, "user_name": "cosbeta"}