{"id": 820789, "create_time": 1638927939, "create_datetime": "2021-12-08 09:45:39+08:00", "content": "招聘岗位：资深前端开发工程师 /技术负责人\r\n\r\n工作内容：\r\n1 、负责 Web 前端的技术选型与实现\r\n2 、与产品和销售部的同事合力定义产品和解决方案\r\n3 、与后端开发人员合作，完成 Web 前后端接口设计方案\r\n\r\n任职要求：\r\n1 、本科或以上学历，2 年或以上前端开发经验\r\n2 、具有前端框架 Vue.js 实际项目开发经验\r\n3 、掌握 Webpack 或 Snowpack 构建工具的使用和配置\r\n4 、熟练掌握 HTML5 、CSS3 、JavaScript 开发，熟悉 W3C 标准与 ES5 规范\r\n5 、熟悉页面架构和布局，熟练掌握常用布局以及浏览器和移动设备兼容性\r\n6 、熟悉 RESTful API Web 接口架构规范，有一定的相关开发经验。\r\n7 、熟悉 HTTP 1.0/1.1 等 Web 协议，熟悉 Web 前后端运行流程\r\n8 、熟练使用 Git 版本管理工具\r\n9 、具有良好的代码风格、编码习惯,熟悉面向对象编程范式，对函数式编程范式有研究更佳\r\n10 、积极乐观，责任心强，工作认真细致，具备良好的服务意识，具有良好的团队沟通与协作能力\r\n11 、有 Flutter 开发经验同学优先考虑\r\n\r\n欢迎来撩~\r\n邮箱： zhudan@iiotstech.com\r\n微信：forefinger-or-index\r\n\r\n----------------\r\n\r\n关于我们\r\n北京智工场物联科技有限公司是一家致力于通过产业互联网帮助制造业企业实现数字化、高效化、低碳化生产模式的国家级高新技术企业。\r\n产业互联网和碳中和是十四五战略新兴产业中重要的经济增长点，也是未来 5G 重要的应用场景。智工场以行业深耕十年的经验，用自主研发的创新产品服务了多家 500 强企业。短短两年间，公司产品进入了冶金行业重点节能技术推广目录，获得了市场监管总局颁发的科研成果奖，并积极参与了相关国家标准的起草。2020 年底，智工场受到腾讯邀请，正式成为了腾讯云综能工场的首批合作伙伴。\r\n智工场的创始团队均拥有 5 年以上欧洲知名大学留学经验，公司崇尚开放、透明、平等的工作氛围。我们提供舒适的工作环境，包括人体工学办公桌椅、免费的咖啡、健身、心理咨询等来自公司最诚恳的关怀。\r\n目前公司已经完成新一轮融资，正处于高速发展期，希望这里是您梦想绽放的舞台，并为我们带来更强的增长驱动力。\r\n\r\n\r\n加入我们\r\n和优秀的人一起共事\r\n我们的核心团队成员均拥有 5 年以上欧洲精英大学留学经验，具备丰富的大型项目实施经验，具有极强的业务和技术背景。\r\n极大的成长空间\r\n公司跑在当下和未来最火的赛道之一，工业数字化技术，目前已服务多家世界 500 强企业。在这里，您将能接触到最前沿的技术架构和最先进的产品理念，快速成长为未来确定的大市场里的稀缺人才。\r\n快速进化的团队\r\n充满活力的公司，年轻的团队，近半年拿到两轮头部资本融资，一群年轻人在广阔的市场上施展拳脚。\r\n丰厚的回报\r\n我们希望寻找志同道合的伙伴，一起成长，核心技术岗早期加入，证明自己即可获得期权。\r\n开放的文化\r\n我们崇尚高效、结果导向、自由的工作文化。 我们不纠结于您的过往经历（如公司和学校），我们更看重您是否对技术充满热情，是否对世界充满好奇。", "title": "[前端] 北京/青岛 [前端开发工程师+前端技术负责人] [高薪/面议]", "reply": 0, "click": 527, "user_id": 563621, "user_name": "Natalie"}