{"id": 820443, "create_time": 1638789689, "create_datetime": "2021-12-06 19:21:29+08:00", "content": "# 带动热潮 TideSwing(北京)\r\n\r\n### 关于产品\r\n\r\n产品在此不多介绍，可移步知乎高赞答案：[有哪些高品质的交友软件推荐? - 知乎]( https://www.zhihu.com/answer/1596592783)。\r\n\r\n### 一家什么样的公司？\r\n\r\n我们专注于社交领域，致力于探索人工智能与社交之间的各种可能；希望通过 AI 与产品创新，打造极富想象力. 有温度的社交产品，帮助用户更自然的表达自我并获得认同。目前已获得多家顶级美元基金联合投资。\r\n\r\n### 一个什么样的团队？\r\n\r\n我们拥抱开放. 扁平. 创新的 Maker 氛围。创始人曾从 0 到 1 打造过社交免费榜第一的现象级产品，对创新型社交产品有独到见解； CTO 为前腾讯高级技术专家，具备全栈架构以及 AI 经验，是国内外多个开源项目的贡献者；团队成员即有来自腾讯. 字节. 百度. 网易以及剑桥等名企名校的小伙伴，也有来自创业公司自学成才的 Hacker ，我们相互学习，共同成长。\r\n\r\n### 你关心的福利\r\n\r\n舒适的办公环境（人体工学椅. 带鱼屏显示器. 机械键盘. 最新款 iMac ），我们极其注重你的创作效率，极具竞争力的薪酬和激励体系，细致入微的员工福利（包括但不限于：每日三餐. 定期推拿. 每年两次调薪机会. 早期员工期权等）。期待与你共同创造～\r\n\r\n### 在招岗位\r\n\r\n算法工程师，ios/Android 工程师，后端工程师，用户 /后台产品经理，产品运营......\r\n\r\n详见 https://www.tideswing.fun/jobs/\r\n\r\n### 算法工程师\r\n\r\n你将会负责：\r\n\r\n1. 实时推荐算法的研究实现及用户画像的构建\r\n2. 研究机器学习. NLP. 推荐算法的前沿进展，在内容挖掘. 推荐. App 用户增长方面进行创新应\r\n3. 通过数据分析洞察用户需求，并制定可扩展的产品技术解决方案\r\n4. 参与和推动机器学习. 人工智能等技术落地到产品\r\n   我们希望你：\r\n5. 本科以上学历，硕士优先\r\n6. 有推荐系统经验. NLP 经验，2 年或以上机器学习经验优先\r\n7. 熟悉 Tensorflow. Pytorch 等机器学习框架及用户分群模型. 主流推荐模型的构建及原理\r\n8. 必须掌握 Python ，有工程经验\r\n9. 精通 NLP 领域或推荐领域的相关技术，对数据结构和算法设计有深刻的理解\r\n10. 熟悉 Hadoop. Hive. Spark. Storm 等分布式计算架构优先\r\n\r\n### 高级 ios 工程师\r\n\r\n你将会负责：\r\n\r\n1. 负责 iOS 产品的需求开发及维护. 高质量完成迭代工作\r\n2. 配合产品经理. 设计师完成客户端的需求评审工作\r\n3. 能够自主思考，对产品的用户体验提供优化建议\r\n4. 优化软件性能，分析及解决重大疑难问题，排除各类潜在技术风险；降低产品崩溃率\r\n5. 承担关键攻关任务的同时，乐于技术分享，促进团队成员共同进步\r\n6. 建立团队技术规范. 提升技术团队整体效率\r\n   我们希望你：\r\n7. 2 年工作经验以上\r\n8. 具有多个 iOS 项目经验，熟悉 iOS APP 性能优化技巧。可以独立承担架构设计，并主导项目\r\n9. 扎实的计算机基础. 算法基础。能够熟练使用 Git\r\n10. 熟练各种 UI 组件并了解其内部原理，了解基本的交互知识\r\n11. 能够高效率实现设计师提出的动效方案的优先\r\n12. 对 iOS 底层机制（ Runtime/多线程 /内存模型）有较深入的了解\r\n\r\n### 高级 Android 工程师\r\n\r\n你将会负责\r\n\r\n1. 负责 Android 产品的需求开发及维护. 高质量完成迭代工作\r\n2. 配合产品经理. 设计师完成客户端的需求评审工作\r\n3. 能够自主思考，对产品的用户体验提供优化建议\r\n4. 优化软件性能，分析及解决重大疑难问题，排除各类潜在技术风险；降低产品崩溃率\r\n5. 承担关键攻关任务的同时，乐于技术分享，促进团队成员共同进步\r\n6. 建立团队技术规范，提升技术团队整体效率\r\n   我们希望你：\r\n7. 计算机或相关专业，2 年工作经验以上。优秀的可以放宽\r\n8. 具有多个 Android 项目经验，熟悉 Android APP 性能优化技巧。可以独立承担架构设计，并主导项目\r\n9. 具有扎实的计算机基础. 算法基础。能够熟练使用 Git\r\n10. 熟练掌握 Retroﬁt+Rxjava 框架， 熟悉 Dagger, Glider ，EventBus 等 框架， 熟练掌握 Android Studio\r\n11. 能够高效率实现设计师提出的动效方案的优先\r\n\r\n### 后端工程师\r\n\r\n你将会负责：\r\n\r\n1. 负责社交产品业务的服务端 API 设计和开发工作\r\n2. 负责 App 后端平台的规划. 部署. 监控. 系统优化\r\n3. 参与 AI 的研发. 深度学习等相关工作\r\n4. 参与云平台（如 阿里云. AWS 等）最新进展及解决方案，参与云平台架构设计\r\n   我们希望你：\r\n5. 计算机或相关专业，2 年工作经验以上\r\n6. 具有多个 Python 或 Java 项目经验，熟练掌握 Flask 等 web 框架. 熟悉 Restful. 微服务等设计理念\r\n7. 熟悉 MYSQL. Redis 等数据库及缓存的使用\r\n8. 了解容器技术，熟悉 Docker 的相关操作。有自己部署容器的经验\r\n9. 有业务敏感性，有大数据开源系统（ Hadoop ，Spark ，Kafka ，Presto 等）使用经验的优先\r\n10. 有开源图数据库（ neo4j. orientdb ）使用经验的优先\r\n11. 必须擅长至少 2 门开发语言\r\n12. 有开源深度学习框架（ TensorFlow. Pytorch ）项目经验优先\r\n13. 熟悉 Kotlin 或 Java 的优先\r\n\r\n更多职位热招中 https://www.tideswing.fun/jobs/\r\n\r\n公司地址：北京市海淀区知春路\r\n\r\n请发送至邮箱 [wuhuanan@tideswing.fun](mailto:wuhuanan@tideswing.fun)\r\n\r\n或微信扫描下方二维码\r\n\r\n![image]( https://user-images.githubusercontent.com/4026219/127955112-6bf2df07-87b9-4f7b-964a-43b7c26ca0e8.png)", "title": "[北京招聘] 「可话」团队招新啦！", "reply": 5, "click": 571, "user_id": 549805, "user_name": "ThatFatCat"}