{"id": 202562, "create_time": 1435747423, "create_datetime": "2015-07-01 18:43:43+08:00", "content": "人数：2          工作经验：1-3     薪资：10-20k\r\n\r\n职位描述： \r\n1. 广告派发系统的开发和维护 \r\n3. 积分和支付系统的开发和维护 \r\n4. 商城系统的开发和维护 \r\n2. 后台管理系统的开发和维护 \r\n5. 产品新功能的讨论、设计和实现 \r\n6. 技术的调研和分享 \r\n\r\n职位要求： \r\n1. 精通Java编程，对于Java的基本知识，垃圾回收，异常处理都有很好的理解 \r\n2. 对于分布式系统，大规模并发系统有较强的兴趣，并熟悉部分分布式系统，了解其内在原理 \r\n3. 有网络编程的相关经验，深入理解HTTP协议 \r\n4. 熟悉某一种或部分数据库，对于数据库切分、扩展，性能调优、监控有较强的兴趣 \r\n5. 了解Web Service以及Restful等相关的概念 \r\n6. 了解软件设计模式，并能熟悉运用部分设计模式 \r\n7. 对于软件异常的处理，以及Log的收集，有相关经验和自己的理解 \r\n8. 对于防范恶意攻击，识别虚假用户有较强的兴趣和想法 \r\n9. 有良好的沟通和合作技巧，较强的责任心以及团队合作精神 \r\n\r\n我们技术团队目前10人，预计增加6人，过A轮\r\n\r\n\r\n简历投递邮箱： aimee.xu@huadongmedia.com \r\n微信号：Aimee924631963", "title": "惠锁屏诚聘——广告后台系统 软件研发工程师", "reply": 0, "click": 1566, "user_id": 81526, "user_name": "zhanmaoxu"}