{"id": 812089, "create_time": 1635740116, "create_datetime": "2021-11-01 12:15:16+08:00", "content": "# 职位介绍\r\nWiredcraft 目前发展十分地迅速，我们位于**静安寺核心商圈的上海极客团队**需要招聘更多的数字专家，特别是：\r\n\r\n\r\n| 开放职位 | 求贤数量 | 投递链接 |\r\n| ----- | ---- | ---- |\r\n| Node.js 后端开发 | 5️⃣ | [→ 申请 Node.js 职位]( https://wiredcraft.com/jobs/senior-backend-developer/) |\r\n| Java 后端开发 | 5️⃣ | [→ 申请 Java 职位]( https://wiredcraft.com/jobs/senior-java-developer/) |\r\n| 运维工程师 | 5️⃣ | [→ 申请 DevOps 职位]( https://wiredcraft.com/jobs/devops/) |\r\n| 数据工程师 | 3️⃣ | [→ 申请 Data Engineer 职位]( https://wiredcraft.com/jobs/data-engineer/) |\r\n| 数据分析师 | 3️⃣ | [→ 申请 Data Analyst 职位]( https://wiredcraft.com/jobs/data-analyst/) |\r\n| 敏捷专家 | 3️⃣ | [→ 申请 Scrum Master 职位]( https://wiredcraft.com/jobs/project-manager/) |\r\n\r\n[→ 更多热职详见官网]( https://wiredcraft.com/jobs/)\r\n\r\n# 🌟最高¥8888 推荐奖励🌟\r\n哪怕你不是 Wiredcraft 的员工，只要能推荐合适的人选投递上述热职，就能无门槛拿到奖金！\r\n* 候选人一旦通过简历初筛进入面试环节，推荐人即可获得 88 元。\r\n* 候选人完成笔试提交代码，推荐人可获得 888 元。\r\n* 候选人正式入职，推荐人可获得 8888 元。\r\n\r\n如果你认识身边 Base 上海的技术大牛，欢迎和 HR 小姐姐联系👇\r\n<img src=\"https://wiredcraft.com/images/pages/WinnieWeCom.jpeg\" width=\"200\">\r\n\r\n\r\n---\r\n# Wiredcraft 简介\r\nWiredcraft 目前已经为许多世界著名的品牌企业创造和开发了众多数字产品。其中不乏为耐克打造的微信电商小程序，以及希尔顿中国的 iOS 和 Android 酒店预订应用等等。Wiredcraft 拥有一众集设计，数据和技术为一身的专家，分别位于公司总部所在地上海，以及武汉，纽约和巴黎等其他办公室。\r\n\r\n<table>\r\n<tbody>\r\n<tr>\r\n<td><img src=\"https://wiredcraft.com/images/pages/expertise.jpg\"></td>\r\n<td><img src=\"https://wiredcraft.com/images/pages/developer.jpg\"></td>\r\n<td><img src=\"https://wiredcraft.com/images/pages/office-shanghai.jpg\"></td>\r\n</tr>\r\n<tr>\r\n<td><img src=\"https://wiredcraft.com/images/pages/careers.jpg\"></td>\r\n<td><img src=\"https://wiredcraft.com/images/pages/office-paris.jpg\"></td>\r\n<td><img src=\"https://wiredcraft.com/images/pages/about.jpg\"></td>\r\n</tr>\r\n</tbody>\r\n</table>\r\n\r\n---\r\n**在 Wiredcraft ，我们有：**\r\n* 一流的客户和有趣的项目：我们与世界最著名的公司合作，为他们打造上亿用户的爆款数字产品。\r\n* 优秀的办公环境：开放式的办公环境，与热情专注、追求卓越的伙伴们一起工作和成长。\r\n* 开放协作的文化：从软件开发到日常沟通，我们追求开源和开明的工作模式，你的每一个意见都会得到重视。\r\n\r\nWiredcraft 打造了一些列专业的解决方案 (CDP, sCRM, e-commerce...). 更多信息请浏览：[https://enterpriseomni.com/]( https://enterpriseomni.com/)\r\n\r\n**客户介绍**\r\n\r\n![clients]( https://wiredcraft.com/images/pages/logo-wall.png)\r\n\r\n---\r\n# 福利待遇\r\n\r\nWiredcraft 你能认识来自世界各地的小伙伴，不仅能体验多元文化的乐趣，还能享受到丰富的福利待遇！\r\n\r\n![perks]( https://wiredcraft.com/images/pages/perks.png)\r\n\r\n* **有竞争力的薪资**：20K-40K➕13 薪。\r\n* **超多假期**：入职即有 13 天年假➕10 天病假，且随司龄逐年上涨。\r\n* **灵活办公**：弹性上下班时间➕不打卡不加班➕每周 1 天在家办公。\r\n* **顶配设备**：满足日常生活工作的 MacBook Pro➕可根据自身需要申请各种外设和软件。\r\n* **每周五公司聚餐**：静安寺周边网红餐厅轮番打卡，披萨🍕意面🍝日料🍣咖喱🍛任君选择。\r\n* **每月交通补贴**：公司周边公共交通便利，上下班通勤的费用基本能够 cover 。\r\n* **年度旅游**：一周时间远离项目，巴厘岛、普吉岛享受悠闲时光。\r\n* **季度团建活动**：迪士尼、漂流、卡丁车、彩弹……想玩什么告诉我们。\r\n* **关注健康**：额外的商业医疗保险➕年度健身报销➕每年体检。\r\n* **舒适的办公环境**：人体工学座椅➕瑜伽球➕无限量咖啡☕️饮料🥤水果🍉🍇🍐零食🍪➕每月生日会🎂🍰🧁\r\n\r\n---\r\n# 企业文化\r\n\r\n<table>\r\n<tbody>\r\n<tr>\r\n<td><img src=\"https://wiredcraft.com/images/pages/team-activity-1.jpg\"></td>\r\n<td><img src=\"https://wiredcraft.com/images/pages/team-activity-5.jpg\"></td>\r\n<td><img src=\"https://wiredcraft.com/images/pages/team-activity-4.jpg\"></td>\r\n</tr>\r\n<tr>\r\n<td><img src=\"https://wiredcraft.com/images/pages/team-activity-3.jpg\"></td>\r\n<td><img src=\"https://wiredcraft.com/images/pages/team-activity-2.jpg\"></td>\r\n<td><img src=\"https://wiredcraft.com/images/pages/team-activity-6.jpg\"></td>\r\n</tr>\r\n</tbody>\r\n</table>\r\n\r\n[→ 点击解锁更多福利]( https://playbook.wiredcraft.com/employees/)", "title": "老板下场发红包啦🧧 推荐你身边的 Base 上海的技术大牛，加入 Wiredcraft 极客团队👏 无门槛💰8888 元推荐奖励等你来拿哦", "reply": 21, "click": 4463, "user_id": 14010, "user_name": "hunvreus"}