{"id": 829418, "create_time": 1642650324, "create_datetime": "2022-01-20 11:45:24+08:00", "content": "FinTech 社区是一个拥有 50,000+ 会员的金融科技社群，是一个量化 /区块链 /金融科技招聘，培训，资源对接的社区，我们目前有机器学习群，技术群，量化群，校招群，区块链群等。\r\n\r\n简历邮件： career3@fintechgl.com\r\n\r\n微信公众号：FinTech 社区\r\n\r\n详情见海报\r\n\r\n![]( https://i.v2ex.co/2Wy3Sx12.jpeg)", "title": "招聘：区块链经济架构师-全球远端", "reply": 0, "click": 552, "user_id": 273570, "user_name": "ITrecruit1"}