{"id": 650061, "create_time": 1583385920, "create_datetime": "2020-03-05 13:25:20+08:00", "content": "因为常在西安的关系，经常有身在北上广深杭的陕西籍朋友，加我微信，咨询我西安就业环境、薪资水平相关，甚至有朋友，直接向我打听，西安某某公司实力如何等。\r\n\r\n老实说，我对西安的互联网圈子和企业并不熟悉。这是因为一年中有大半的时间都在摩旅的路上，即使回到西安，大多数也都是窝在家里或者在秦岭里浪，极少有机会参加西安本地 IT 行业的一些活动。所以，没有办法帮到这些向我咨询“回乡”的同学。\r\n\r\n但我能理解他们的所需：一线城市不断攀升，遥不可及的房价；高强度的工作节奏和通勤消耗；相对局促的居住环境，更不提对远在陕西的老人、孩子的牵挂。回到西安工作，以上都能缓解许多。\r\n\r\n唯一阻碍他们回乡的，是能否在西安找到合适的工作。待遇肯定不比一线，这一点，所有人都有理性的预期。\r\n\r\n但除了待遇，还有诸如西安都有哪些比较好的 IT 公司；这些公司是否有引入一线城市人才的合理方案；社保及公积金的迁移配套；可否支持远程的面试沟通；甚至西安目前的户籍政策、房价趋势、消费水平、教育配套等等，都是他们想要去提前考虑的。\r\n\r\n以上问题，精力有限，我个人无法一一回答和提供帮助。想了下，就帮助想回西安的大家建立一个微信群吧。我也会邀请一些西安本地的 IT 的行业的从业者，在群里回答大家关系的问题，有好的西安工作机会，也会让他们发到群里，内推或者引荐。希望能帮助大家早日回乡。\r\n\r\n群刚建好，来了三十多个人。。这么多人么。不知道怎么放群二维码。\r\n想进群的朋友就加我微信 will_bok，备注“西安”。\r\n\r\n\r\n注意：本群极限一线尝试想回西安工作的朋友加入，无关者勿入。\r\n也可以将这个帖子转给身边想回西安工作的朋友，", "title": "回乡卷轴：北上广深想回西安工作的看过来！", "reply": 8, "click": 1975, "user_id": 143632, "user_name": "ctrl"}