{"id": 363630, "create_time": 1495676264, "create_datetime": "2017-05-25 09:37:44+08:00", "content": "有意者请发简历到 ruichangning@hupu.com 请注明来自 V2EX\r\n\r\n工作职责：\r\n\r\n* 负责公司 Web 产品和客户端内嵌页应用的前端核心代码的编写及与后台服务的联调。\r\n\r\n工作要求：\r\n\r\n* 大学本科以上学历，1 年及以上前端开发经验，能够独立编写前端应用程序；\r\n\r\n* 精通 W3C 标准的网站构建，熟悉 HTTP(S)协议，了解 TCP/IP 的基本工作原理，熟悉各种 Web 标准规范；\r\n\r\n* 熟悉 Javascript、OOP 及主流 JS 框架，有 VUE、React 开发经验者优先考虑；\r\n\r\n* 了解 AMD/CMD/CommonJS 语法，熟悉原生 JS 编写；\r\n\r\n* 了解 Web 性能优化，浏览器兼容性，了解响应式设计、前端性能优化；\r\n\r\n* 具备良好的代码编程习惯及较好的文档编写能力；\r\n\r\n* 有良好的团队合作能力，技术视野开阔，对业界最新的前端技术和实现有浓厚的兴趣及深入的见解。", "title": "[上海] [虎扑招聘前端工程师]", "reply": 19, "click": 3069, "user_id": 229009, "user_name": "Hupuhr"}