{"id": 498999, "create_time": 1539912135, "create_datetime": "2018-10-19 09:22:15+08:00", "content": "工作职责：\r\n1、Android 安全模块的设计和开发；\r\n2、负责优化软件的模块结构和流程逻辑；\r\n3、定位并修改软件错误，完善软件功能。\r\n\r\n职位要求：\r\n1、计算机相关专业毕业，本科及以上学历，3 年以上 Android、Linux 平台开发经验；\r\n2、擅长或精通 android 底层框架以及 android 源码；\r\n3、熟悉 Android 系统安全机置和逆向技术；\r\n4、精通 Java、C 或 C++语言，Android NDK ；\r\n5、熟悉各种 Android 和 Linux 下的调试工具和手段；\r\n6、熟悉 android 下 VPN 原理，对 android 下 VPN 开发以及抓包有经验者优先；\r\n7、熟悉编译原理，熟悉程序静态、动态分析相关技术者优先；\r\n8、有移动互联网安全经验者优先。\r\n9、认真负责、良好的沟通和团队协作能力，能够适应创业公司的工作氛围，能承受一定的工作压力。\r\n\r\n有意者可加 QQ：2194908505 （备注职位+姓名）", "title": "成都/云创一指/安卓开发工程师/10-18K/2 年以上经验/世纪城旁/周末双休", "reply": 0, "click": 902, "user_id": 302480, "user_name": "Suns5"}