{"id": 204273, "create_time": 1436350566, "create_datetime": "2015-07-08 18:16:06+08:00", "content": "高级相关职位要求2年以上相关工作经验。 简历可以发送到mail####jimhuang.cn (把####替换为@)\r\n\r\n创业团队，地点在武汉光谷金融港，已拿到充足投资，小团队，互联网Style. 以Saas/移动化的方式来做企业协同平台，目前团队20人左右（工程师15人左右），其中大部分工程师来从一线城市回来(来自微软，BAT，360, YY等)，在武汉基本上比较难找到这样的团队. 所以对于考虑回到武汉的同学，应该是一次不错的职业机会。\r\n\r\n我们的微信公众号 猫头鹰团队(mtydev), 欢迎大家关注。\r\n\r\n<strong>相关背景</strong>\r\n\r\n美国的互联网市场一直是有两大块的，一个是消费者市场，一个是企业级市场，两者的市值大概是6:4。在中国的话，这个比例被扭曲的很厉害，可能是20:1, 参见这里 和 这里。 国内企业协作市场基本上还处于初步阶段，我们认为这个市场还需要较长时间去培育，但肯定会有一家体量不小的公司诞生。未来的企业协作沟通肯定不是现在以Email为主的方式，肯定是更移动化，更Saas，更创新的方式。\r\n\r\n目前国外的竞品有Slack, Quip ; 国内的有明道，简聊, 钉钉等等， 基本上国内还处于起步阶段。\r\n\r\n招聘从一线城市回武汉的程序猿/产品经理（Android, iOS, 前端，服务器端，产品经理, 手机客户端(C++)），在武汉绝对有竞争力的薪资。 也欢迎大家推荐想回武汉的亲戚朋友，推荐成功送Apple Watch. 职位如下：\r\n\r\n<strong>高级产品经理</strong>\r\n\r\n岗位职责：\r\n全面负责产品策略的制定、实施以及产品的中长期产品规划。\r\n主导新产品前期调研、规划和设计，协同开发、运营等团队，确保产品整体进度\r\n负责跟踪产品的各项核心指标数据，分析用户行为和反馈，持续改善产品体验，提升用户粘性\r\n深入研究产品及竞品，及时准确地把握用户和市场需求，修正产品策略\r\n\r\n岗位要求：\r\n精通产品设计，由5年以上产品设计和完整的产品开发流程经验\r\n对产品未来发展有清晰完整的见解，有系统的产品分析框架，能独立调研分析\r\n较强的执行力，结果驱动，对工作充满热情，富有探索精神和团队合作精神\r\n有良好的语言和沟通协调能力，解决问题与抗压能力强\r\n\r\n<strong>高级iOS开发工程师</strong>\r\n\r\n岗位要求：\r\n-扎实的编程能力，优秀的设计和代码品位, 热爱编程\r\n-有丰富的iOS开发经验，参与过两个以上较大的iOS应用开发，领导过至少一个大型应用的开发。\r\n- 对复杂客户端架构有较深认识和理解\r\n- 熟悉Objective-c底层原理优先。\r\n- 良好的设计能力和编程功底。\r\n\r\n<strong>高级Android开发工程师</strong>\r\n\r\n岗位要求：\r\n-3年及以上软件开发经验，2年及以上android移动设备和应用开发经验，对软件开发有强烈的爱好，对代码和产品质量有严格的要求,有成功android产品经验者为佳；\r\n-熟练掌握Java，有C/C++等编程语言，Python，Perl等脚本语言经验者为加分项；\r\n-熟练掌握Linux系统，了解Linux系统的原理，对Linux系统的开发有一定了解；\r\n-参与过软件开发的完整周期，对软件开发的各个环节有清晰的认识；\r\n-有较强的设计能力，对面向对象设计有深入的理解，熟悉常见的设计模式和设计理念；\r\n\r\n<strong>高级前端开发工程师</strong>\r\n\r\n岗位要求：\r\n-扎实的编程能力，优秀的设计和代码品位, 热爱编程\r\n-能够熟练运用 HTML, CSS, Javascript 构建高性能的 Web 应用程序;\r\n-理解WEB标准和兼容性,对可用性相关知识有实际的了解和实践经验;\r\n-能够熟练运用至少一款主流的JS框架,具有良好的代码风格、接口设计与程序架构;\r\n-掌握至少一门服务器端编程语言,对OOP有一定的认识;了解HTML5 + CSS3者优先;\r\n\r\n加分项：\r\n-熟悉Responsive Web Design优先\r\n-熟悉AngularJS 或者 Bootstrap等前端框架优先\r\n\r\n<strong>高级服务器端开发工程师</strong>\r\n\r\n岗位要求：\r\n-扎实的编程能力，优秀的设计和代码品位, 热爱编程\r\n-算法，数据结构，操作系统基础知识扎实\r\n-熟练Linux/Unix环境，使用并至少精通一种语言(语言不限，C/C++，Java，Python等)\r\n-熟悉Mysql/Mongodb/Memcache/Redis/消息队列等常用WEB组件，并有能力进行优化改进\r\n-熟悉WEB开发, 理解HTTP协议，熟悉WEB部署，对WEB性能高度关注​\r\n\r\n加分项：\r\n-熟悉WEB前端技术更佳。\r\n\r\n<strong>高级手机客户端C++开发工程师</strong>\r\n\r\n岗位要求：\r\n-扎实的编程能力，优秀的设计和代码品位, 热爱编程\r\n-精通C++语言\r\n-算法，数据结构，操作系统基础知识扎实\r\n-一年以上手机客户端开发经验\r\n\r\n加分项：\r\n- 熟悉iOS开发 或者熟悉Android开发", "title": "[武汉] 高质量实力团队寻求优秀工程师，目前大部分工程师从一线城市回来（来自微软， BAT， 360， YY 等)。", "reply": 0, "click": 1798, "user_id": 124504, "user_name": "jinhuanghust"}