{"id": 360564, "create_time": 1494468503, "create_datetime": "2017-05-11 10:08:23+08:00", "content": "公司名称:杭州衣科  http://www.hzecool.com/\r\n\r\n特点:服装行业商用 APP 隐形冠军\r\n\r\n坐标:杭州滨江区西兴街道江陵路 1916 号(地铁站江陵路 A 出口)\r\n________________________________________________\r\n有简历的,请砸向瑟瑟发抖的邮箱胸:18868577789@163.com", "title": "\"有美一人,婉如清扬\"_____[杭州滨江]资深 web 前端、资深 IOS、测试经理,15--25k,五险一金,双休.", "reply": 0, "click": 1268, "user_id": 227616, "user_name": "vhua34"}