{"id": 658627, "create_time": 1585805320, "create_datetime": "2020-04-02 13:28:40+08:00", "content": "位于美国硅谷(旧金山市区)的科技初创公司，成立于 2019 年 11 月，致力于帮助中小商家通过线上渠道获得线下流量，已获得硅谷的天使投资。公司创始团队毕业于清华、浙大等知名高校，之前在 Google 、Airbnb 等科技公司有多年经验。\r\n\r\n寻找一位开发工程师加入我们的团队，开始阶段的工作形式是远程，之后有机会提供赴美工作签证，来硅谷一起工作。\r\n\r\n职位要求:\r\n计算机相关专业本科及以上学历，3 -5 年工作经验为佳; \r\n精通 React Native，对 React Native 有多年开发、架构经验; \r\n熟悉 Java Spring Framework 开发环境; 具有 Android 项目的开发和发布经验; \r\n熟练使用 git 等版本管理工具; 具有良好的团队合作精神、沟通能力和责任感; \r\n了解并认同早期创业公司的文化(灵活多变、快节奏、主人翁意识); \r\n加分项：较高的英语水平（但不做强行要求）\r\n\r\n职位职责: \r\nMobile 端 React Native 框架的开发、维护及升级; \r\n持续改进 React Native 框架的性能、稳定性、可扩展性及安全性; 配合产品团队、UI 设计师完成项目迭代，优化和提升用户体验; \r\n根据前端需要改进和提升 Java 后端服务器的功能、性能、稳定性及安全性; \r\n撰写技术文档。\r\n\r\n工作性质: 全职、远程\r\n\r\n薪酬: 试用期为 2.5 万 RMB/月起，可根据工作表现和公司发展情况涨薪和给予股权奖励。\r\n\r\n联系微信：lizlatte", "title": "[远程工作] 硅谷初创公司急召招安卓开发（远程全职，有机会赴美）", "reply": 6, "click": 1507, "user_id": 461805, "user_name": "lizsays"}