{"id": 502292, "create_time": 1540813113, "create_datetime": "2018-10-29 19:38:33+08:00", "content": "### 岗位信息\r\n* 职级:P2-3 及以上（对标阿里 P6 及以上）\r\n* 薪资待遇:30W+\r\n\r\n### 职位描述\r\n* 美团平台中 [安全类 SDK ] 的 iOS 端研发及迭代维护;\r\n* 负责高质量的架构设计和编码;\r\n* 承担重点、难点的技术攻坚。\r\n\r\n### 职位要求\r\n* 良好的设计和编码品味，能产出高质量的设计和代码;\r\n* 良好的沟通与团队协作能力、思维逻辑清晰，优秀的动手能力;\r\n* 对稳定性和性能有超乎寻常的关注;\r\n* 熟悉掌握 Objective-C，较好的数据结构 /算法基础；\r\n* 熟悉 iOS 系统原理，对 runtime 有成熟理解;\r\n* 熟悉 iPhone 应用开发，熟悉 iPhone 平台应用软件的测试，有实际 iPhone App 开发经验;\r\n* 有良好的产品意识，积极乐观，认真负责，乐于协作;\r\n* 本科及以上学历，相关领域三年以上工作经验。\r\n\r\n### 加分项\r\n* 熟悉 IDA 及相关逆向工具的使用\r\n* 熟悉 ARM32、AArch64 指令集\r\n* 熟悉越狱插件开发\r\n\r\n### 简历投递地址\r\n简历投递地址: cnFpbWluZ0BsaXZlLmNu （ base64 ）", "title": "[北京][美团移动安全团队]招 iOS 安全工程师 [组内直招]", "reply": 5, "click": 1393, "user_id": 114134, "user_name": "DendimoN"}