{"id": 830117, "create_time": 1642940005, "create_datetime": "2022-01-23 20:13:25+08:00", "content": "web3js 开发工程师\r\n投递方式：请发送简历至 hr@joinbrix.com\r\n\r\n薪资范围：\r\n月薪 40K RMB 左右，具体视候选人情况确定。\r\n\r\n岗位亮点：\r\n工作地点不限，国家不限。\r\n不纠结于学历和专业，只看能力和技术经验。\r\n远程工作模式，自由度高。\r\n长期合作，稳定性高。\r\n\r\n岗位职责：\r\n*作为全球交付团队中的一员，参与智能合约、DAPP 相关的开发。\r\n*善于使用各种不同的语言技术来实现在区块链上的相关业务系统以及 APP 。\r\n*快速的接受较新的技术和业务理念，并利用各种调试、部署、运维工具帮助程序推动落地。\r\n*欢迎比特币、以太坊爱好者加入，共同提出和实施安全、高效和可扩展的区块链应用程序。\r\n\r\n岗位要求：\r\n需要有如下的技能中的多数项（不要求全部）：\r\n*2 年以上 JavaScript, html, css 开发经验\r\n*良好的编程技能，熟悉 React.js 或者 Vue.js 等前端框架，了解 node.js\r\n*有 web3.js 或者 ether.js 的实际开发经验\r\n*有 Truffle 或者 Embark 相关开发使用经验\r\n*熟悉 ERC20, ERC721 并且有相关开发经验, 熟悉 EVM\r\n*具有已经开发好的 dapp 经验为佳", "title": "招聘远程 web3js 开发工程师，月薪 40K", "reply": 2, "click": 1476, "user_id": 423195, "user_name": "Brixlabs"}