{"id": 832307, "create_time": 1644234602, "create_datetime": "2022-02-07 19:50:02+08:00", "content": "新的一年，新的方向，大量机会，赶快加入！\r\n\r\n提供简历修改指导，面试进度查询等私人服务。邮箱： caixueru@bytedance.com\r\n\r\n--------> 扫描下面图里的二维码获取投递链接\r\n\r\n![]( https://lf3-static.bytednsdoc.com/obj/eden-cn/nuhoubfps/1af83fe8-e6ea-4055-a729-5ed0826cbf71.png)\r\n\r\n![]( https://lf3-static.bytednsdoc.com/obj/eden-cn/nuhoubfps/61cc294f-443e-446e-a82a-356870d05249.png)\r\n\r\n![]( https://lf3-static.bytednsdoc.com/obj/eden-cn/nuhoubfps/a82e57a3-8612-4e1e-a349-ee4cbc6cb6c8.png)\r\n\r\n![]( https://lf3-static.bytednsdoc.com/obj/eden-cn/nuhoubfps/d03a0b03-07e1-4c04-a693-5a1dd8cf8a3a.png)", "title": "「字节跳动 - 智能创作」招前端/服务端/多媒体开发, 北京/深圳/广州均有岗位", "reply": 9, "click": 816, "user_id": 182064, "user_name": "mrcode"}