{"id": 818607, "create_time": 1638122473, "create_datetime": "2021-11-29 02:01:13+08:00", "content": "岗位： [ MSRA 研究实习生—green AI-全职实习生, 1 名] \r\n\r\n1 、工作职责：\r\n- 与相关方向研究员合作在与机器学习碳排放方向进行深入探索，如系统分析，算法设计，实验分析。\r\n- 与相关方向研究员合作在机器学习和系统相关领域的顶级会议和期刊上发布论文。\r\n\r\n2 、职位要求：\r\n- 计算机、电子或相关专业（本科 /硕士 /博士）\r\n- 扎实的数据结构 /算法基础，熟练的编程能力，快速学习能力\r\n- 良好的沟通与合作能力，能用英语交流\r\n- 具有深度学习项目经验者优先，在人工智能相关领域顶级会议或者期刊发表过论文者优先考虑\r\n\r\n========================\r\n工作时间：每周 5 天，3 个月以上，能够尽快入职\r\n工作地点：上海\r\n如有意向请发 [中文简历 PDF ] 至： luocheng@microsoft.com\r\n [注意] 请务必采用学校邮箱（ edu 域名）发送简历，其他邮箱（如 163 、qq 、gmail 、outlook 、hotmail 等）发送会进入公司垃圾邮件，无法被 HR 看到\r\n邮件标题&简历 PDF 文件名格式：MSRA 研究实习生—green AI-姓名-学校-本|硕|博-年级-V2EX", "title": "[实习] [微软亚洲研究院] MSRA 研究实习生—green AI 实习生", "reply": 0, "click": 150, "user_id": 503238, "user_name": "nomeguy"}