{"id": 367864, "create_time": 1497256073, "create_datetime": "2017-06-12 16:27:53+08:00", "content": "http://wx4.sinaimg.cn/mw690/0067nn9ily1fg5s9m3nr3j30fa08mmxo.jpg\r\n优集品，2011 年 8 月创立，汇集全球知名家居品牌，以“集生活最优品”为理念，为追求品质与独特风格的消费者提供一站式购物体验。我们依靠全球专业买手团队，精心筛选符合国人生活方式知名家居生活用品，涵盖意大利、泰国、加拿大、美国、法国、英国、日本、荷兰以及中国香港、广州等近 400 多个国内外一线家居品牌，拥有国内外百余家品牌独家代理权、亚洲区首家代理权。 \r\n \r\n融资情况：\r\n11 年成立，获得数百万美金 A 轮融资：融资机构：DCM;\r\n15 年 5 月获得 1200 万~1500 万美金 B 轮融资，融资机构：韩国 KIP、钟鼎创投；\r\n16 年获得 B+轮 3000 万美金融资，此轮融资由上市公司罗莱生活领投，DCM、钟鼎创投跟投。\r\n\r\n发展方向：\r\n目前我们联手线下精品商城 HI 百货进行合作，为将线上线下精品礼品市场打通，线下店坐标朝阳大悦城，目前在装修阶段，预计 7 月底正式开业，欢迎各位有识之士加入我们\r\nhttp://wx1.sinaimg.cn/mw690/0067nn9ily1fg5us3w2qpj30im0ci78w.jpg\r\n\r\nPython 开发工程师\r\n1.精通 Python，3 年以上后端开发经验，对高并发系统有实践经验； \r\n2.精通 MYSQL，熟练 Redis、Mongo 等常见开源工具； \r\n3.熟练掌握算法与数据结构知识； \r\n4.拥有良好的代码习惯，结构清晰，命名规范，逻辑性强； \r\n5.抗压能力强，沟通能力强，热爱团队协作。 \r\n6.熟悉 HTML5,XML,CSS3,DIV、Javascript、JQuery 等前端主流技术。\r\n加分项：有电商经验，有海量数据处理和并行计算开发经验者优先，如 Hadoop、Storm、Spark\r\n\r\n薪资：\r\n22K~30K \r\n每年十天带薪年假（入职每多一年多一天）\r\n\r\n\r\n联系方式 ：\r\n公司地址：北京市朝阳区四惠东华腾世纪总部公园 \r\n邮件主题：姓名 - 岗位 -  V2EX \r\n简历发送至： linli@ujipin.cn \r\n期待小锅锅小仙女们的投递~~！！", "title": "[北京] [优集品] [ Python 高级开发工程师] [22~30K]", "reply": 10, "click": 1617, "user_id": 232619, "user_name": "ChargeLin"}