{"id": 202190, "create_time": 1435648418, "create_datetime": "2015-06-30 15:13:38+08:00", "content": "2009年卡车之家正式上线，目前已成为中国最大的卡车门户网站，我们现在正在努力\r\n研发卡车之家移动客户端。目前团队，已有配置：产品经理、UI设计师、原创编辑等\r\n等，还希望能有优秀的PHP开发工程师加入我们的团队中，如果您有经验，愿意有所作\r\n为，那就赶快加入我们吧。目前我们在北京市西大望路尚8广告园内办公。\r\n\r\n职位描述：\r\n\r\n- 负责卡车之家核心产品的分析设计和开发工作； \r\n- 负责运营支撑系统的分析设计和开发工作。 \r\n\r\n任职资格：\r\n- 2年以上Web开发经验； \r\n- 熟悉PHP语言，并至少使用PHP开发过一个以上大中型项目，能够独立编写中等规模\r\n\r\nPHP应用程序； \r\n- 熟悉Javascript，熟练掌握Mysql数据库应用开发； \r\n- 能熟练使用Linux，拥有查询优化和存储优化经验以及PHP缓存技术者优先； \r\n- 责任心强，具有良好的沟通、协作能力和团队合作意识，能够承担重要任务承受较强\r\n工作压力； \r\n- 熟悉Discuz!者优先\r\n\r\n待遇： \r\n- 薪资：面谈 \r\n- 上班时间早9点-晚6点 \r\n- 帅哥美女多\r\n- 办公环境良好，冬暖夏凉\r\n- 整个办公区文艺气息浓 \r\n\r\n卡车之家官网： www.360che.com\r\n简历请投递到： mingwei.shen@360che.com\r\n来信请注明来自V2EX", "title": "[北京] 卡车之家招聘 PHP 开发工程师，网聚卡车人的力量，期待您加入我们的团队。", "reply": 0, "click": 1223, "user_id": 121359, "user_name": "mingweishen"}