{"id": 834640, "create_time": 1645107249, "create_datetime": "2022-02-17 22:14:09+08:00", "content": "## 基本信息\r\n\r\n [**招聘岗位**] 后端、客户端、前端、测试、算法、C++、多媒体、数据分析等；\r\n\r\n [**工作地点**] 北京、上海、深圳、杭州、广州、成都、武汉任你选！\r\n\r\n [**面试形式**] 视频面试，让 offer 近在咫尺！\r\n\r\n [**面试准备**] 官方攻略 https://mp.weixin.qq.com/s/oRvfHCBBL-bo-ER0Krrjzg\r\n\r\n [**截止时间**]  2022 年 4 月 30 日\r\n\r\n [**招聘对象**] ： \r\n\r\n - 暑期实习：2023 届应届生（ 2022 年 9 月至 2023 年 8 月期间毕业）\r\n - 全职补录：2022 届应届生（ 2021 年 9 月至 2022 年 8 月期间毕业）\r\n\r\n [投递方式] ：\r\n\r\n- 使用内推码 FD5AAJ8  前往 https://jobs.toutiao.com/s/LvdHvf5 自行投递简历。\r\n\r\n [**专属传送门**] \r\n\r\n [**2022 春招-后端开发**]  https://jobs.bytedance.com/campus/position/7055300897849837860/detail\r\n\r\n [**2022 春招-客户端**]  https://jobs.bytedance.com/campus/position/7061589099807623431/detail\r\n\r\n [**2022 春招-C++客户端**]  https://jobs.bytedance.com/campus/position/detail/7061589333446510862\r\n\r\n [**2023 暑期实习-后端开发**]  https://jobs.bytedance.com/campus/position/7062313470545889543/detail\r\n\r\n [**2023 暑期实习-客户端**]  https://jobs.bytedance.com/campus/position/7061589975531358477/detail\r\n\r\n早投递、早拿 offer 、早锁定 HC 噢❗️\r\n  \r\n![123.png]( https://uploadfiles.nowcoder.com/files/20220217/108904583_1645106131375/.jpg)\r\n\r\n## 让我猜猜你还关心什么？\r\n\r\n### 1. 我没有实习或者工作经验是不是就没竞争力了？\r\n\r\n在我们看来，每个同学都会有从 0-1 的这个过程，不一定人人都有实习经验， 对于应届生，我们更关注的是计算机基础以及学习能力，准备期间可以重操作系统、网络、数据库、数据结构、编程语言等基础知识，顺便奉上官方攻略： https://mp.weixin.qq.com/s/oRvfHCBBL-bo-ER0Krrjzg\r\n\r\n### 2. 我以前投递过，但是挂了，还有机会吗？\r\n放心投递！ 这次的春招，依然有两次投递机会，而且即使你一轮面试挂了，还是有机会被其他部门捞起来的哟~。 即使你以前面试挂了，只要能够让我们看到你的进步，你依然会有机会\r\n\r\n### 3. 这么多岗位我该选什么？\r\n算法、后端、前端、客户端、测试、数据、多媒体，这么多岗位我到底该选什么？这个主要受几个要素影响，兴趣、专业对口、实习经历等等。\r\n如果你已经在某个领域有一定的经验并且真的感觉很有兴趣，那我理解一定很好选择。\r\n如果你完全没有想法！ 欢迎看下面的私货~\r\n\r\n\r\n\r\n> 关于字节的福利、待遇相信大家都有了解，这里就不多赘述啦 可以前往 https://jobs.bytedance.com/campus/trends?tab=questionandAnswer 查看细节\r\n> 有其他问题，也欢迎评论，或者发送邮件到 wangkun@bytedance.com \r\n> \r\n> 我可以\r\n> - 提供面试指导，实时跟进面试流程进度\r\n> - 帮你 review 简历，提供复习和刷题指导，提高简历通过率\r\n> - 解答公司、部门、业务相关的问题，让你知己知彼\r\n\r\n## 下面是私货！！\r\n\r\n### 抖音新部门大量招人、校招、实习、社招都要，响应更快！机会更多！\r\n\r\n### 我们有什么不同？\r\n\r\n抖音是一个用户利用短视频表达自我，记录和分享美好生活的社区平台。截止 2020 年 8 月，抖音日活（ DAU ）已经突破 6 亿，业务体量巨大，并继续保持着高速增长，过去一年，超过 2200 万人在抖音涉及收入超过 417 亿元，未来一年，抖音将通过直播，电商，内容创作等手段，帮助创作者在抖音收入超过 800 亿元。\r\n\r\n我们是隐私合规团队，在亿级并发流量中捕捉风险，为业务安全保驾护航。通过构建行业领先的产品安全架构和数据安全技术体系，实现安全与业务的双赢；通过合规专家系统能力的建设，确保抖音业务的持续发展；同时，我们在数据智能风控、隐私计算等前沿领域持续探索。\r\n\r\n基于抖音复杂的业务场景和数以亿计的用户体量，你可以实践企业级的数据安全&业务合规治理；\r\n\r\n你可以参与亿级 QPS 在线管控服务的研发、设计；\r\n\r\n你可以参与所有常用存储、中间件、通信组件等安全技术体系建设；\r\n\r\n你可以获得全局架构视角的数据安全和业务合规治理技术经验。\r\n\r\n如果你对后端感兴趣，这里有最复杂的业务场景和数以亿计的用户体量，你需要在亿级并发流量中捕捉风险，为抖音的业务安全保驾护航。\r\n\r\n如果你对客户端感兴趣，你可以接触到超级 App 的完整开发流程，了解抖音的各个模块，从全局架构的视角处理客户端的数据安全和业务合规，有足够多的机会让你成为客户端专家。\r\n\r\n### 最重要的是：我们超级！超级！超级缺人\r\n![234.png]( https://uploadfiles.nowcoder.com/files/20220217/108904583_1645106131200/.jpg)\r\n\r\n\r\n [专属传送门] \r\n\r\n [ 2022 春招-后端开发]  https://jobs.bytedance.com/campus/position/7055300897849837860/detail\r\n\r\n [ 2022 春招-客户端]  https://jobs.bytedance.com/campus/position/7061589099807623431/detail\r\n\r\n [ 2022 春招-C++客户端]  https://jobs.bytedance.com/campus/position/detail/7061589333446510862\r\n\r\n [ 2023 暑期实习-后端开发]  https://jobs.bytedance.com/campus/position/7062313470545889543/detail\r\n\r\n [ 2023 暑期实习-客户端]  https://jobs.bytedance.com/campus/position/7061589975531358477/detail", "title": "[字节跳动——互娱研发春招正式启动] 校招&实习，你关心的都在这里！", "reply": 0, "click": 407, "user_id": 119913, "user_name": "luckymore0520"}