{"id": 363667, "create_time": 1495680784, "create_datetime": "2017-05-25 10:53:04+08:00", "content": "如你所见，北京今日头条急招推荐算法 广告算法 和 NLP 自然语言处理 工程师，可内推哦。\r\n\r\nNLP 自然语言处理 JD：\r\n1、为推荐、搜索、问答、评论等功能设计和实现高质量的基础特征与应用策略。\r\n2、对用户以及用户反馈建模，快速定位问题与收集数据，实现解决方案，提升产品体验。\r\n职位要求：\r\n1、具备强悍的编码能力，有扎实的数据结构和算法功底。\r\n2、熟悉 Linux 开发环境，熟悉 Python/Java/C++语言。\r\n3、熟悉自然语言处理常见算法与模型（语言模型、MaxEnt/CRF, pLSA/LDA, w2v, CNN/RNN 等）。\r\n4、参与或主导过 NLP 项目（如中文分词、文本分类 /情感分析、文本聚类、查询改写、意图理解、相关性模型等）。\r\n5、发表过高水平学术会议论文者优先，对使用 NLP 技术解决实际问题尤为感兴趣者优先。\r\n\r\n其他的有兴趣的可以找我要 JD，跪求简历，联系方式 1099634723@qq.com", "title": "北京，算法工程师看过来", "reply": 0, "click": 1253, "user_id": 161171, "user_name": "qhung"}