{"id": 510186, "create_time": 1542805248, "create_datetime": "2018-11-21 21:00:48+08:00", "content": "## **关于我们**\r\n我们是一家 2017 年在深圳注册，并在美国加州设立科研机构的人工智能创业公司，专注于人工智能应用服务，旨在帮助工业企业便捷高效地获得智能技术带来的长期红利。\r\n\r\n公司正处在发展期，需要有理想和创业精神的你加入我们，一起创业，一起成长。所以如果你符合我们的要求又和我们有一样的梦想，那就赶快投出你的简历吧。\r\n\r\n当然如果你有自己的技术博客或者是技术论坛大佬，有可以展示自己技术实力的案例，也可以附上地址、github 等让我们膜拜一下大佬真正的力量！\r\n\r\n有任何的疑问可以访问我们的官网或发简历进行询问哦。\r\n\r\n\r\n\r\n---\r\n\r\n## **人工智能研发工程师**\r\n**职位描述**\r\n\r\n研发机器学习算法及相关系统用于解决行业的问题（如：图像识别、文本挖掘）\r\n\r\n**任职要求**：\r\n\r\n- 有良好的编程基础，熟悉 Python 或 C/C++语言 （必需）\r\n- 熟悉基本的机器学习方法\r\n- 熟悉深度学习的基本原理\r\n- 熟悉 TensorFlow 框架者优先\r\n- 有计算机视觉或者自然语言处理项目经验者优先\r\n\r\n**如果这些你也有，那就厉害了！ WE NEED YOU ！**\r\n- 在相关 A 类会议（ ICML, NIPS, SIGIR, SIGKDD 等）第一作者发表论文\r\n- 参与过知名开源项目\r\n- 对创业有激情\r\n\r\n\r\n---\r\n## **Python 工程师（人工智能方向）**\r\n\r\n**职位描述：**\r\n\r\n研发机器学习算法以及相关系统用于解决实际问题\r\n\r\n特别说明：\r\n我们是一家创业公司，接受目前不懂 AI，但对 AI 有极大的兴趣且知晓 AI 的基本原理，愿意尝试 AI 行业的 Python 工程师。所以不管你是 AI 小白还是大佬，都可以联系我们哦。\r\n\r\n**任职要求：**\r\n- （硬性要求）本科以上学历，CS 或相关专业，基础扎实\r\n- 熟悉常用数据结构与算法，有数学、统计基础者优先\r\n- 熟悉后台服务相关技术（如：Web 框架、数据库、并发等）\r\n- 熟悉 numpy 等科学计算库\r\n- 熟悉基本的图像处理（如：PIL 库）\r\n- 熟悉（机器）深度学习的基本原理\r\n- 有 TensorFlow 框架使用经验者优先\r\n\r\n\r\n---\r\n\r\n## **联系我们吧**\r\n\r\n**简历投递**：\r\nhr@using.ai\r\n\r\n**公司网址**：\r\nusing.ai\r\n\r\n**公司地址**：\r\n深圳南山科技园金融科技大厦", "title": "[深圳-深大地铁] 人工智能工程师& Python 工程师（AI）", "reply": 0, "click": 1064, "user_id": 318591, "user_name": "usingAI"}