{"id": 665732, "create_time": 1587717223, "create_datetime": "2020-04-24 16:33:43+08:00", "content": "公司名称: 华夏银行旗下龙盈智达(北京)科技有限公司\r\n职位：开发、需求、测试等岗位大量 HC\r\n要求：开发语言不限，大学本科以上，计算机相关专业，Java 开发语言为主\r\n有意向的小伙伴和我联系\r\n简历发送邮箱： weitao428@126.com\r\n联系电话：13522012449", "title": "[华夏银行] 旗下科技公司开发/需求/测试等岗位大量 HC-不是外包-不是外包-不是外包", "reply": 4, "click": 2141, "user_id": 303008, "user_name": "jackielu"}