{"id": 506195, "create_time": 1541754041, "create_datetime": "2018-11-09 17:00:41+08:00", "content": "![avatar]( https://s1.ax1x.com/2018/11/09/ibleVH.png)\r\n\r\n公司主要做车载导航，不加班，氛围好，免费早餐\r\n\r\n具体职位可看表\r\n详细信息可搜索各大招聘网站\r\n\r\n简历请发给\r\nEmail: xdlk@qq.com\r\nVX: ZeroMiku", "title": "[西安] 美资外企 泰为软件招聘 C++/ Java /QA", "reply": 1, "click": 1204, "user_id": 111998, "user_name": "flyico"}