{"id": 202295, "create_time": 1435670769, "create_datetime": "2015-06-30 21:26:09+08:00", "content": "我们是万科集团物业事业本部的移动团队。\r\n我是物业移动业务的带队，我产品出身，之前在豆瓣工作三年\r\n我们的Tech lead也是豆瓣认识的，我们是一支在所谓传统企业里突围的团队，全部由互联网公司员工组成。目前我们的团队12个人，包含产品、设计、移动、后端、BI ，期望达到24人左右。\r\n计划再找8名左右的后端开发工程师。\r\n主要是Python栈和Java栈均可。Package 15-35w/年，如果你技术很棒，可以再加\r\n\r\n我们的产品有两个，分别是面向业主的App和面向员工的App，中间通过一套任务系统连接。\r\n项目的更多介绍，可以看2月份我写的一片日记 http://www.douban.com/note/485781394/\r\n\r\nJD什么的不用罗嗦，如果你真的想堵一个机会，加分；如果你有Github,加分；如果你崇尚精兵强将，加分\r\n\r\n现在物业行业是风口上的“猪”，如何能借助企业的优势资源又能发挥我们团队的能力，是我们需要解决的问题。\r\n如果你对我们感兴趣，我们会准备好各自的简历，请你过目，然后给你介绍一下项目的方向和公司的策略。如果你在深圳，我们可以出来喝杯咖啡或吃个早茶，聊聊，交个朋友\r\n\r\n我的联系方式 maggiezero #Gmail#", "title": "深圳 万科 邀请 Python 栈、Java 栈开发工程师 Android 高级开发也需要", "reply": 56, "click": 5014, "user_id": 100612, "user_name": "207"}