{"id": 201397, "create_time": 1435307731, "create_datetime": "2015-06-26 16:35:31+08:00", "content": "Duang~duang~duang~\r\n各位码大大们看过来~\r\n如果你还在为枯燥的工作伤脑筋，还在为少的可怜的假期而忧愁的话，那就加入我们吧~\r\n14天的年假让你high到爆！源源不断的小零食让你吃到爽！\r\nwork with talent , 跟大牛们零距离接触！\r\n还有各类帅哥美女与你作伴，让你的coding生活不再孤单~\r\n心动不如行动！\r\n我带着你，你带着简历和热情~来一场说去就去的面试吧！！！\r\n\r\n\r\n后台开发工程师\r\n岗位职责：\r\n1. 负责公司产品后台相关业务的系统设计开发；\r\n2. 负责实现业务需求和后台架构的优化重构；\r\n3. 保证系统高并发访问下的稳定性及可用性，安全性；\r\n4. 负责基础组件、代码库开发、维护。\r\n任职要求：\r\n1. 211或者985学校计算机或相关专业本科及以上学历；\r\n2. 精通Java，1-5年开发经验，有服务器端的开发经验者优先；\r\n3. 有web应用系统设计经验和一定的数据库设计优化能力；\r\n4. 扎实的数据结构及算法基础，理解面向对象设计的基本原则，熟悉常用的设计模式；\r\n5. 优秀的学习能力，分析和解决问题的能力和强烈的进取心；\r\n6. 诚恳、踏实，对技术和工作充满热情；\r\n7. 具备良好的沟通能力和团队合作精神。\r\n\r\n高级平台开发工程师\r\n工作职责\r\n负责PaaS平台的技术研究和原型设计；\r\n设计和开发PaaS平台系统组件；\r\n优化系统性能。\r\n岗位要求\r\n1. 计算机或相关专业本科以上学历，1-5年的工作经验；\r\n2. 熟悉C或Java，熟悉go或scala；\r\n3. 熟悉socket编程和并发处理；\r\n4. 熟悉分布式系统开发知识，深入阅读过 Google BigTable 和 Amazon Dynamo 两篇论文\r\n5. 优秀的学习能力、分析和解决问题的能力和强烈的进取心；\r\n6. 诚恳、踏实，对技术和工作充满热情；\r\n7. 具备良好的沟通能力和团队合作精神。\r\n\r\n前端开发工程师\r\n工作职责：\r\n1.\t负责互联网金融相关产品的前端UI与交互开发，确保在不同平台、设备、浏览器上均拥有优质的用户体验。\r\n2.\t前端框架的设计与实现；\r\n3.\t各业务模块前端代码开发；\r\n4.\t平台易用性与用户体验的持续改进；\r\n5.\tWeb前沿技术研究、应用和推广。\r\n职位要求：\r\n1. 计算机或相关专业本科及以上学历；\r\n2. 1年以上工作经验，精通各种Web前端技术（HTML/CSS/Javascript等)，熟练跨浏览器、跨终端的开发；\r\n3. 深刻理解Web标准，对前端性能、可访问性、可维护性等相关知识有实际的了解和实践经验；\r\n4. 掌握iOS，Android等平台浏览器的特性，精通各平台浏览器兼容性解决方案，熟练无线端的性能优化；\r\n5. 熟悉javascript面向对象机制，能用原生javascript进行DOM编程；至少熟悉一种javascript框架，能够使用框架快速开发; \r\n6. 优秀的学习能力，分析和解决问题的能力和强烈的进取心。\r\n\r\n简历请投：yaruluan艾特creditease.cn\r\n期待您的加入！！！", "title": "[北京] 宜信大数据创新中心招聘啦~职位包括后台开发工程师、平台开发工程师、前端开发工程师~可以每天都和大牛们零距离接触哦~快戳进来 x3（重要的事情要说三遍）", "reply": 9, "click": 2189, "user_id": 124250, "user_name": "yaruluan"}