{"id": 669212, "create_time": 1588822278, "create_datetime": "2020-05-07 11:31:18+08:00", "content": "# 岗位职责：\r\n\r\n如果你关注移动技术领域，喜欢吃喝玩乐，并乐于向小伙伴分享你的开发作品；那就加入我们吧！\r\n在这里，你将参与研发上亿用户使用的 App ；\r\n在这里，你将体验到与用户零距离，随时倾听他们的心声，感受到他们因你的产品而喜悦的成就感；\r\n在这里，你还将参与客户端架构工程体系的建设，通过各种技术优化、组件化、自动构建，线上运维等领域的先进技术提高运营质量和开发效率，支撑业务的快速稳定发展！\r\n你可以在项目中使用到 Flutter 、React Native 、AI 等前沿技术，不断提升用户体验；\r\n你可以和后端、SRE 、质量工程师、PM 、设计师们一起，不断优化，达到业界领先的性能和用户体验，帮大家“ Eat better, live better ”；\r\n你可以！只要你来这里。\r\n\r\n# 职位描述：\r\n\r\n* 负责美团外卖 /美团外卖商家客户端的业务开发（ Flutter or iOS ）；\r\n* 参与或负责某技术项目开发，包括 Flutter/React Native 基建、架构升级、性能优化等；\r\n* 参与或主导复杂业务和技术项目的方案选型、设计和实现；\r\n\r\n# 任职要求：\r\n\r\n* 扎实的计算机专业基本功，强大的写码能力；（必须）\r\n* 精通 iOS 或 Flutter APP 设计与开发；除功能属性之外，对网络，ui 绘制，框架层，操作系统，安全等一个以上方向有深入研究和见解；\r\n* 大中型 APP 设计 /开发 /持续改善经验者优先（骨干 or 主导）；\r\n* 对底层框架原理有所理解和探究，习惯于较别人深入一层；拥有和工作年限相称的广度和（或）深度；\r\n* 有较强的逻辑 /概率思维能力，善于分析、归纳、描述、沟通、和解决问题；\r\n* 高度的创业心和投入度，既能搞定牛逼的技术难题，同时又热切地关注业务，用技术力贡献于业务成功。\r\n\r\n# 具备以下者优先：\r\n\r\n* 有实际移动端，前端或 PC 端实际项目经验；\r\n* 有关注并实践混合前端（如 RN，Flutter ）等技术者优先；\r\n* 建立 /参与开源项目者，或有自己长期坚持的技术博客；\r\n* 热爱新技术，使用和研究过优秀开源代码并有一定心得；\r\n* 热爱互联网，对移动端 /前端业务和用户体验有独到见解。\r\n\r\n# 岗位亮点：\r\n\r\n* 在工作中实践 Flutter 、React Native 、AI 等前沿技术；\r\n* 你的代码有机会被数亿用户接触到，参与数千亿的交易额；\r\n* 有机会参与全球旗舰级 App 开发，接触复杂的交易业务体系；\r\n* 技术团队内大牛众多，技术氛围浓厚，每天都有各类培训分享；\r\n* 技术团队在移动端 /前端领域有丰富的工程积累，对新技术态度积极。\r\n\r\n\r\n地点：北京朝阳区望京；方式：远程视频面试\r\n\r\n简历发送至： lihuichao@meituan.com", "title": "[北京][美团] 招聘 iOS 中高级开发工程师", "reply": 0, "click": 916, "user_id": 215783, "user_name": "lihuichaoo"}