{"id": 655672, "create_time": 1585027694, "create_datetime": "2020-03-24 13:28:14+08:00", "content": "# 我们的背景\r\n聂卫平围棋道场是全国最专业的围棋教育培训机构之一，自 1999 年成立至今已经累计培养了超过 10 万名青少年棋手，柯洁等 23 位围棋世界冠军及全国冠军，及 100 多位职业棋手。\r\n\r\n可以说聂道是名副其实的围棋“世界冠军的摇篮”。\r\n\r\n随着 AlphaGo 引发的人工智能热与围棋之间的紧密关联，近两年围棋在素质教育领域也刮起一个小风潮。越来越多的家长愿意把孩子送去学围棋，因为学围棋不仅可以开发智力，还可以锻炼专注力、决策力和坚忍不拔的意志。\r\n\r\n聂道近年来越来越加大在 AI 和互联网方面的研发投入，研发了许多与自身积累了 21 年所自然形成的独特教育体系和理念相结合的围棋 AI 产品及线上平台产品，希望让更多的人了解并爱上围棋，让爱围棋的人能享受围棋。\r\n\r\n# 我们的业务\r\n我们的业务围绕聂道线上平台相关产品开展，服务聂道内部学员及外部学员。\r\n\r\n线上平台一方面辅助线下学校教育，提供配套的对弈、做题、作业、录播课、直播课等工具和服务，实现平台内教、学、练、赛全环节覆盖的服务体系。\r\n\r\n另一方面线上平台提供面向外部用户的课程体系服务。包括 AI 复盘、AI 陪练、线上赛事等产品和服务。\r\n\r\n# 招聘职位\r\n\r\n## 1. 系统工程师（ 27-33K ）, Base 北京\r\n### 需要你负责：\r\n* 系统架构，能根据业务需求设计合适的后台系统方案\r\n* 系统优化，掌握后台系统优化的思维和方法\r\n* 系统开发，能够开发业务框架和核心代码\r\n* 负责数据分析系统的后台服务研发\r\n\r\n### 需要你具备以下条件：\r\n1. 计算机或相关专业本科以上学历，系统相关领域 3 年左右工作经验\r\n2. 扎实的计算机理论知识，有一定（满足工作需要且不过度 /提前追求）的优化意识\r\n3. 熟练掌握以下语言中的一个或多个，及相关框架：Go/Python/Ruby/C++\r\n4. 熟悉关系型（ MySQL/PostgreSQL ）、非关系型数据库（ MongoDB/Cassandra/HBase/ElasticSearch ）及缓存数据库（ Redis/Memcached ）中的一种或者多种，有相关架构能力及调优经验\r\n5. 深入了解网络协议（ HTTP/SSL/WebSocket/TCP ），熟悉常见安全问题及对策\r\n6. 了解视频流方面相关开发原理，包括编码、推流、解码，能基于阿里云平台的视频流产品进行二次开发。\r\n7. 具有一定的数据系统能力，包括：数据获取，数据清洗，数据解析，具有基本的数据处理相关的数学能力\r\n\r\n### 加分项：\r\n1. 具有围棋领域相关经验\r\n2. 对 Go 及相关框架有极深入的了解和丰富的实战经验\r\n3. 习惯使用 Docker/Kubernetes/Github Actions/CircleCI/Jenkins 等工具集成测试 /部署。\r\n4. 对深度学习 /强化学习 /决策树算法有了解，并有兴趣深入了解\r\n5. 有强烈的责任心，工作态度严谨，能承担工作压力，具备良好的沟通能力和团队合作精神。\r\n\r\n### 薪资：\r\n* 月薪(27K – 33K) + 年终绩效奖金\r\n\r\n## 2. 系统工程师（ 15-25K ）, Base 北京\r\n### 需要你负责：\r\n* 系统开发，能够根据产品需求开发业务接口和业务逻辑代码\r\n* 系统优化，掌握后台系统优化的思维和方法\r\n* 负责数据分析系统的后台服务研发\r\n### 需要你具备以下条件：\r\n1. 计算机或相关专业本科以上学历，后台相关领域 1-2 年左右工作经验\r\n2. 扎实的计算机理论知识，有一定（满足工作需要且不过度提前追求）的优化意识，有较强学习能力，及强烈的学习主观能动性\r\n3. 熟练掌握以下语言中的一个或多个，及相关框架：Go/Python/Ruby/C++\r\n4. 熟悉关系型（ MySQL/PostgreSQL ）、非关系型数据库（ MongoDB/Cassandra/HBase/ElasticSearch ）及缓存数据库（ Redis/Memcached ）中的一种或者多种\r\n5. 了解网络协议（ HTTP/SSL/WebSocket/TCP ）\r\n6. 了解 RESTful API 开发风格，可以快速上手进行 CRUD 开发\r\n7. 具有基本的数据处理相关的数学能力，可以进行数据系统相关的接口开发\r\n### 加分项：\r\n1. 具有围棋领域相关经验\r\n2. 对 Go 及相关框架有项目参与经验，有实际经验\r\n3. 习惯使用 Docker/Kubernetes/Github Actions/CircleCI/Jenkins 等工具进行集成测试 /部署。\r\n4. 对深度学习 /强化学习 /决策树算法有了解，并有兴趣深入了解\r\n5. 有强烈的责任心，工作态度严谨，能承担工作压力，具备良好的沟通能力和团队合作精神。\r\n### 薪资：\r\n* 月薪(15K – 25K) + 年终绩效奖金\r\n\r\n## 3. 前端工程师（ 15 - 20K ）, Base 北京\r\n### 需要你负责：\r\n* 参与产品移动端 /PC 客户端 /网页端体验优化、产品功能研发及迭代；\r\n* 与产品经理与设计师保持良好沟通，能快速理解、消化各方需求，并落实为具体的开发工作；\r\n* 对产品的设计和交互体验有一定的审美水准\r\n### 需要你具备以下条件：\r\n1. 计算机或相关专业本科以上学历，前端领域 2 年左右相关工作经验\r\n2. 框架层面熟练使用 Vue.js 及相关插件，并具备规范的编码习惯，深入理解 MVVM 开发框架，深入理解 RESTful API 前后端调用逻辑\r\n3. 熟练掌握 HTML5/CSS3/JavaScript 技术，熟练掌握页面架构和布局\r\n4. 熟练使用 Git 进行代码管理\r\n5. 熟悉 Linux 命令\r\n### 加分项：\r\n1. 熟练使用搜索引擎，有自主发现并解决问题的能动性和习惯\r\n2. Mac 用户\r\n3. 有 Uniapp/Electron 开发经验\r\n4. 有强烈的责任心，工作态度严谨，能承担工作压力，具备良好的沟通能力和团队合作精神。\r\n### 薪资：\r\n* 月薪(15K – 20K) + 年终绩效奖金\r\n\r\n## 4. 前端工程师（ 12 - 15K ）, Base 北京\r\n### 需要你负责：\r\n* 参与产品移动端 /网页端体验优化、产品功能研发及迭代；\r\n* 与产品经理与设计师保持良好沟通，能理解、消化各方需求，并落实为具体的开发工作；\r\n* 对产品的设计和交互体验有一定的审美水准\r\n### 需要你具备以下条件：\r\n1. 计算机或相关专业本科以上学历，应届生或前端领域 1 年左右相关工作经验\r\n2. 框架层面有使用 Vue.js 及相关插件的经验，了解 MVVM 开发架构，熟悉 RESTful API 前后端调用逻辑\r\n3. 熟练掌握 HTML5/CSS3/JavaScript 技术，熟练掌握页面架构和布局\r\n4. 熟练使用 Git 进行代码管理\r\n5. 熟悉 Linux 命令\r\n### 加分项：\r\n1. 应届生有个人项目作品 /实际项目经历\r\n2. 了解 uni-app/Electron\r\n4. 有强烈的责任心，具备良好的沟通能力和团队合作精神。\r\n### 薪资范围：\r\n* 月薪(12K – 15K) + 年终绩效奖金\r\n\r\n希望爱好围棋、愿意做围棋相关的技术工作的工程师们到碗里来～    \r\n简历请发： likaihua@nwpwq.com", "title": "聂卫平围棋道场线上平台事业部招聘～", "reply": 2, "click": 1464, "user_id": 50766, "user_name": "foxkiller"}