{"id": 830654, "create_time": 1643163976, "create_datetime": "2022-01-26 10:26:16+08:00", "content": "最近面试时都遇到了不少算法题，但大部分答的都不是很完美，所以对算法的解答标准有了以下疑问：\r\n\r\n\r\n在面试官出完题目后，先把解题思路讲了下，也得到了认可，但是编码过程中，一些边界条件或者是 if 判断有 bug ，由于白板编程，不能调试，导致一些一些无法预知的测试用例没法通过。\r\n\r\n这样的结果能算是算法解题通过么？还是说必须是解答全部 AC 才算真正通过？", "title": "[面试]面试时对于算法题的通过标准", "reply": 12, "click": 1808, "user_id": 70501, "user_name": "lvming6816077"}