{"id": 821803, "create_time": 1639364241, "create_datetime": "2021-12-13 10:57:21+08:00", "content": "Jerry.ai 是总部位于硅谷的明星人工智能金融互联网高科技公司， 聚焦万亿级市场，我们为百万用户提供最佳人工智能金融产品选购平台。近来，公司完成了新一轮上亿元级别融资，并被领英提名为 Top 50 创业公司。我们正在致力于大规模的团队扩建，希望寻找热爱技术，喜爱技术挑战的人才加入我们的团队。\r\n\r\n**关于我们:**\r\n* 聚焦万亿级市场，获得硅谷顶级风投上亿级融资 ；\r\n* 北美最佳人工智能金融产品平台，致力打造移动+AI 时代的最优汽车金融产品。\r\n* 直击用户痛点，绝佳用户体验，APP 业内排名第一，季度营收指数增长；\r\n* 国际化多元文化， 开放透明平等，拒绝 PUA ；\r\n* 热爱技术，背景优秀的同事（我们的同事来自于：阿里, 亚马逊，微软，英伟达，华为，快手等）。\r\n\r\nJerry.ai 是一家具有强大技术背景的北美跨国高科技创新公司，聚焦万亿级市场，我们为用户提供人工智能金融产品选购平台。 公司总部位于美国硅谷，并在国内有一支杰出的开发团队。 公司由美国名校博士联合创立，三位联合创始人具有丰富的硅谷连续创业经验，旗下产品利用大数据和人工智能技术与美国金融机构和保险公司进行数据对接与合作，从而为用户打造最快捷便利的人工智能金融产品选购平台。自从我们的产品发布以来，季度营收指数增长，并收获无数好评。\r\n\r\n**关于我们正在做的一些项目：**\r\n* 搭建智能预测引擎来预测客户未来的保险需求\r\n* 使用大数据集建立关于客户购买行为的预测模型\r\n* 搭建 telematics tracking 模式以预测客户驾驶风险状况\r\n\r\n**我们的技术栈：**\r\n* Javascript (with Flow) codebase: NodeJS (Express), React, React Native\r\n* GraphQL API (no REST)\r\n* PostgreSQL DB (transactional)\r\n* Redshift (warehouse)\r\n* Redis (session storage, task queue management)\r\n* Sequelize ORM (exploring Prisma as a potential replacement)\r\n* Jest test runner\r\n* Infrastructure: Kubernetes cluster hosted on AWS EC2 nodes\r\n\r\n**工作职责：**\r\n* 参与产品设计、开发、测试、部署、维护，为改进产品提供反馈和建议\r\n* 合理安排各个项目的优先顺序，确保项目按期完成并实现目标成果\r\n\r\n**我们需要这样的你：**\r\n* 3 年+相关经验，本科及以上学历，计算机，软件工程相关专业，具备扎实的软件开发基础知识（数据结构，算法等等）\r\n熟悉现代 javascript (ES6+: Classes, modules, arrow functions, async/await, destructuring, etc.)\r\n* 熟悉 javascript 工具链以及常用的库\r\n* 熟悉 Web 前端框架，如 ReactJs, Vue.js 等\r\n* 了解服务器端渲染技术，以及 React Native 移动端开发\r\n* 了解 javascript 的最佳实践和一些常用的设计模式，具备编写高效简洁的 javascript 代码\r\n会编写和维护规范的测试集，有维护和管理大型代码 repo 的相关经验并且知道如何维护 repo 对代码的性能和可扩展性有深刻的理解\r\n* 乐于编写高质量的代码和测试集，并维护全面的代码覆盖测试\r\n* 具备基础英文沟通能力\r\n\r\n**加分项目**\r\n* 熟练运用 React Native, GraphQL 以及 Apollo\r\n* 相关产品开发经验\r\n\r\n**职位诱惑：**\r\n* 全面参与一个初创企业产品创新和用户高速成长的过程\r\n* 从用户需求开始，参与整个产品到实现的决策链条，不仅仅作为一个终端执行者，而是可以提供作为产品的设计者和规划者参与其中的机会\r\n* 来硅谷总部和加拿大分公司出差和转岗的机会\r\n* 一大群有理想、有热情的战斗伙伴\r\n\r\n**薪资福利**\r\n* 只要您技术过硬，薪酬好商量 :)\r\n* 公司提供顶配笔记本和显示器\r\n* 四周带薪年假，补贴健身费用\r\n\r\n**面试流程**\r\n1.收到您的简历后，如果符合要求，我们会通过邮件与您联系第一轮 coding test 。\r\n\r\n2.您有两天时间完成 coding test 。通过之后 HR 会邀请您进行一次非技术面试，以了解您的更多信息，如薪资期待等 。\r\n\r\n3.HR 面试之后是两轮技术面试。第一轮面试和国内的技术负责人面试，第二轮和 VP Eng 或者 CTO 面试，全程中文友好。\r\n\r\n4.当完成了所有的面试，如果您对我们给出的 offer 感到满意，就可以进行签约，期待与您共事 ：）\r\n\r\n**简历请投：ZGFuZGFuLmhhbkBnZXRqZXJyeS5jb20=**", "title": "🚀 🚀 🚀 [远程] [硅谷] [全职] [不卷] 100%远程+期权+双休+四周年假+各种福利补贴", "reply": 2, "click": 1162, "user_id": 215375, "user_name": "asmoker"}