{"id": 207445, "create_time": 1437534582, "create_datetime": "2015-07-22 11:09:42+08:00", "content": "一、工作内容\r\n\r\n1、负责随手记、卡牛全生命周期运营数据收集、 用户行为分析和数据挖掘、应用 \r\n2、建立用户增长数据模型和数据报表，输出周期性数据报告，协同改进优化产品 \r\n3、数据转化为产品，成为用户能感知到的体验，针对业务近期及长期目标制定具体产品、运营、营销的相关计划\r\n\r\n二、任职要求： \r\n\r\n1、大学本科及以上学历，3年以上相关数据分析或运营经验； \r\n2、熟悉Google分析、Flurry等网站和App日常分析工具 \r\n3、数据驱动，输出分析报告能力强，并推动团队业务高效运转 \r\n4、整合数据挖掘和数据分析，数据转化成产品能力强 \r\n5、会Auxre RP等原型设计工具，清晰展示自己产品设计观点 \r\n\r\n\r\n薪水上不封顶的加分项： \r\n1、有在知名移动端数据分析、需求调研、产品规划、战略和布局、完成产品设计全套流程实践者加分\r\n2、有信息图制作经验、数据可视化的经验者加分 \r\n3、负责过千万级以上消息推送、邮件推送者加分\r\n\r\n\r\n三、备注：\r\n1、机会多，公司上升潜力大，产品多，人情味足，挑战也大\r\n2、有股票、有妹子 、有各种先锋手机设备伺候\r\n3、五险一金、商业保险、过年过节礼包都有，\r\n4、以上为深圳全职工作\r\n5、有效时间：2015年8月07日\r\n\r\n有兴趣的同学请邮我的邮箱 zhihua_zhang@kingdee.com", "title": "[深圳] 随手记高薪招募高级数据产品经理（ 14k-28k，加分项上不封顶）", "reply": 2, "click": 1886, "user_id": 10697, "user_name": "ash"}