{"id": 825047, "create_time": 1640749016, "create_datetime": "2021-12-29 11:36:56+08:00", "content": "后端研发工程师\r\n\r\n职位描述\r\n1 、服务于公司基础架构组，构建区块链基础设施云平台。\r\n\r\n职位要求\r\n1 ，计算机相关专业，熟练掌握一门以上主流程序设计语言（ Java ，Golang ，Rust 等），具备良好的编码能力。\r\n2 ，基础扎实，熟悉 linux 操作系统，熟悉 TCP/IP 、HTTP 协议。\r\n3 ，熟练使用 关系型 数据库，了解常见的中间件如：Kafka 、RocketMQ 。\r\n4 ，学习能力强，能够独立分析和解决问题，逻辑思维能力强，善于分析和解决问题，能够处理复杂业务系统逻辑。\r\n5 ，对工作有热情，责任心强，工作认真细致，具有良好的团队合作精神、积极主动的沟通意识和抗压能力。\r\n\r\n加分项：\r\n1 、熟悉 K8S 云原生优先。\r\n2 、同时熟悉 java 、golang 优先。\r\n\r\n联系 qq：9-0-6-9-8-5-1-7-0\r\n\r\n公司：chainup ，总部新加坡，web3/区块链方向", "title": "[北京] 急招-后端研发工程师（20-40K）", "reply": 6, "click": 1304, "user_id": 166849, "user_name": "0x208"}