{"id": 354579, "create_time": 1492061332, "create_datetime": "2017-04-13 13:28:52+08:00", "content": "薪资：15K～30K，按能力决定发不发蚂蚁金服股票（升值空间巨大）\r\n\r\n岗位描述：\r\n\r\n1. 独立完成中小型项目的系统分析、设计，并主导完成详细设计和编码的任务，确保项目的进度和质量；\r\n2. 能够在团队中完成 code review 的任务，确保相关代码的有效性和正确性，并能够通过 code review 提供相关性能以及稳定性的建议；\r\n3. 参与建设通用、灵活、智能的业务支撑平台，支撑上层多场景的复杂业务。\r\n\r\n岗位要求:\r\n1. 扎实的 java 编程基础，熟悉常用的 Java 开源框架；\r\n2. 具有基于数据库、缓存、分布式存储开发高性能、高可用数据应用的实际经验，熟练掌握 LINUX 操作系统；\r\n3. 具备良好的识别和设计通用框架及模块的能力；\r\n4. 热爱技术，工作认真、严谨，对系统质量有近乎苛刻的要求意识，善于沟通与团队协作； \r\n5. 具备大型电子商务网站或金融行业核心系统开发、设计工作经验者优先。\r\n\r\n非猎头，简历 monet1314@gmail.com", "title": "成都支付宝招人(15K-30K)，内推快速通道～", "reply": 7, "click": 2263, "user_id": 62534, "user_name": "monet1314"}