{"id": 506137, "create_time": 1541747455, "create_datetime": "2018-11-09 15:10:55+08:00", "content": "我是这样子的，可能和我性格呀成长环境都有关，就一直想做自由职业者，\r\n\r\n- 我主业编程，但是不太想做外包\r\n- 能静下来写东西，可以做自媒体，编程类、数学类、电脑软件应用类都可以写，但是不会运营\r\n- 有很多想法，软硬件动手能力也还过得去，但是做出东西来不知道怎么变现\r\n\r\n目前实现了一个小小的想法，是个小程序，目前（ 2018.11.09 ） 869 个用户，到 1000 能放广告变现，有点 low\r\n![单词听写]( http://img0.ph.126.net/TPh6uqBfqTk4GqtRfUUdiQ==/1916281641546810036.jpg)\r\n\r\n所以有没有自由职业适合我，没有我就继续摸鱼了", "title": "所有有没有适合我做的自由职业", "reply": 10, "click": 2335, "user_id": 361506, "user_name": "jie170601"}