{"id": 662223, "create_time": 1586834335, "create_datetime": "2020-04-14 11:18:55+08:00", "content": " [猎头职位-不喜勿加-请相互尊重，谢谢！] \r\n\r\n [关于公司] \r\n国内领先的企业弹性福利平台，成立于 2012 年。专业向企业提供一站式跨品类弹性福利解决方案。助力企业优化员工福利品质，降低采购成本，扩大员工福利选择自由度，提升员工对企业满意度。\r\n\r\n [岗位职责 Responsibilities ] \r\n1.负责带领团队完成公司 PC 和移动端前端产品开发及架构设计工作，并参与核心程序模块的编写；\r\n2.负责 Web 前端开发规范、工作流程、质量交付标准的制定和执行，解决团队成员在工作中遇到各种业务和技术问题，提升团队的开发效率和产品质量；\r\n3.负责 Web 前端团队参与的各项目和各产品的资源协调工作；\r\n4.撰写项目架构设计文档，定期做技术分享与项目总结；\r\n5.培养和提升前端开发工程师研发能力，跟踪研究前沿的前端技术，推进团队技术进步。\r\n\r\n [任职要求 Requirements ] \r\n1.统招本科以上学历，计算机相关专业；拥有 5 年以上 Web 前端开发经验，3 年以上项目管理和团队管理经验，有大型电子商务网站前端团队管理经验优先考虑；\r\n2.精通 JavaScript 语言，熟悉并能熟练使用流行的开源 Javascript 开发框架或函数库（ JQuery, Bootstrap, Angular, YUI 等等）；\r\n3.精通 HTML 、CSS 、AJAX 、JQuery 等前端开发技术，特别是 HTML5/CSS3，熟悉 W3C 标准；\r\n4.熟悉 HTTP 、REST 等网络／服务协议，以及 JSON/XML 编程；\r\n5.了解浏览器兼容性调试，了解主流浏览器内部特性；\r\n6.有热情，爱技术，有良好的计划、沟通、语言表达能力；较强的逻辑分析能力和应变能力；良好的团队合作精神；\r\n7.有解决问题、钻研新技术的能力，对业内新技术及趋势有较强的敏感度。\r\n\r\n [职位相关的其他信息] \r\n不加班!!弹性上下班。\r\n带团队，汇报给 cto，目前没有 app 端，未来肯定要上 app，所以有 app 前端相关开发是加分项。\r\n上班地点在中山公园\r\n\r\n [了解更多] \r\n请联系 Belinda，微信：18666933727，邮箱： belinda.tian@bo-le.com", "title": "[上海][某国内 top 福利平台] 前端总监 42-72 万/年 拒绝 996！ 弹性上下班!", "reply": 3, "click": 1453, "user_id": 346042, "user_name": "Coeus999"}