{"id": 662653, "create_time": 1586931933, "create_datetime": "2020-04-15 14:25:33+08:00", "content": "无码科技由冯大辉（ Fenng ）于 2016 年底创办，并于 2017 年上半年获得 2,500 万元天使投资。致力于通过数据和算法解决垂直领域内信息超载和信息检索的问题。为用户提供值得信赖的医疗及健康搜索引擎。旗下产品包括全球临床试验、就诊助理、抽奖助手等。\r\n\r\n现开放招聘：Python 工程师\r\n\r\n职责描述：\r\n1. 负责业务数据抽取、清洗工作。\r\n2. 负责指定信源数据抓取工作，为业务提供数据支持。\r\n3. 具备数据分析的能力。\r\n\r\n任职要求：\r\n1. 具有 2 年以上 Python 开发经验，有良好的编码习惯。\r\n2. 良好的计算机相关基础知识，熟悉常用数据结构、算法、设计模式。\r\n3. 熟悉 SQL 语言，熟悉至少一种关系型数据库，如 PostgreSQL 、MySQL 。\r\n4. 了解 Linux 操作系统，熟悉常见 Shell 指令，熟悉 Git 版本控制。\r\n5. 熟悉爬虫抓取原理，了解反爬虫策略。\r\n6. 熟练掌握 Pandas 、NumPy 等工具进行数据清洗工作。\r\n\r\n加分项：\r\n* 有数据仓库开发经验者优先。\r\n* 熟练 Scrapy 框架者优先。\r\n* 有数据分析经验者优先。\r\n* 有医疗行业背景优先。\r\n\r\n\r\n————————\r\n简历投递邮件格式：V2EX_职位_姓名\r\n\r\n招聘邮箱： hangzw@nocode.com\r\n\r\n通过筛选，快速回复。期待共事。", "title": "[杭州-滨江] 无码科技团队招「 Python 工程师」。团队氛围好，福利到位。(*╹▽╹*) 快快进来当同事~", "reply": 2, "click": 1074, "user_id": 227793, "user_name": "NoCode"}