{"id": 361748, "create_time": 1494928760, "create_datetime": "2017-05-16 17:59:20+08:00", "content": "Gili 爱是一个专注二次元原创企划的网站\r\n\r\n这是我们的官网： http://gilieye.com/\r\n\r\n是不是有点想吐槽？我们也这么觉得，因此我们打算将网站重构，但是现在缺少一名前端小伙伴，展现你技术的时候到了！\r\n\r\n### 技术要求\r\n\r\n* 两年及以上工作经验\r\n* 使用过 Vue.js/Angular.js/React.js 相 其中一个或关前端框架\r\n* 会使用 Gulp，grunt 或 webpack 或其他构建工具，及 sass，less 等 CSS 预处理器\r\n* 掌握 HTML5/CSS3\r\n* 能够独立负责一个项目的前端开发\r\n* 了解 Node.js，php，等后端语言优先\r\n* 了解 ionic，react native 移动端优先\r\n* 了解二次元，熟悉日本动漫、游戏等优先\r\n\r\n### 职位内容\r\n\r\n* 主要负责官方网站社区前端的重构以及未来的建设\r\n\r\n\r\n### 待遇\r\n\r\n* 税前薪资 15k~20k\r\n* 上班不打卡，弹性工作时间\r\n* 定期体检\r\n\r\n\r\n还不快来投简历： daodao@gilieye.com", "title": "[ 上海 ] Gili 爱招聘前端小伙伴", "reply": 11, "click": 1931, "user_id": 230899, "user_name": "Gilieye"}