{"id": 504079, "create_time": 1541226554, "create_datetime": "2018-11-03 14:29:14+08:00", "content": "普华永道上海 sdc 招人, 有换工作的意向的, 请把简历给我。\r\n\r\n## 招聘要求\r\n#### 后端\r\n1，会用 node，python，ruby 等至少一门语言。  \r\n2，数据库当然还是基础，我们目前是 mongo 和 postgres 两种数据库，会任一一种就好，其他的可以慢慢学。  \r\n4，git 基本要求。  \r\n3，逻辑思维清晰。人 nice 就行，其他没啥要求了。  \r\n#### 前端\r\n1，我们现在用的是 angular。  \r\n2，HTML5, CSS3, JavaScript，ES6, TypeScript，这些都是简单的基础啦，透露下 ts 很重要哦。  \r\n3，一些前端组件库也要熟悉的啦，类似 Bootstrap，ant-Design，Material。  \r\n4，逻辑清晰，人 nice，能快速融入团队。  \r\n#### 测试工程师\r\n1，端到端测试自动化策略的设计和驱动实现，需要测试基于云的 SaaS 平台的所有维度的框架，包括功能正确性、性能、规模和安全性；  \r\n2，与产品和支持团队合作，以确定自动化需求，创造测试策略、测试计划和设计和构建自动化解决方案；  \r\n3，执行自动化，验收，API，功能，集成，系统，回归；  \r\n4，性能、安全性和 E2E 测试；  \r\n5，与开发、质量保证、DevOps 和产品管理团队合作，提高自动化的效率和效果；  \r\n6，建立测试环境管理和测试数据管理策略；  \r\n7，执行不同的测试活动。  \r\n8，人 nice （重要的话说三遍，别嫌我烦。。。）  \r\n\r\n## 职业发展\r\n- 如果你是希望在金融领域发展的话，这里很适合你(纳斯达克的区块链在我们这里诞生)。\r\n- 普华的客户都比较友好，我们不存在加班压力。\r\n- 如果你将来走职业经理人路线，这里也很适合你。\r\n- 关于英语的话，我们这个 team 要求不高，但是如果你想往上一条发展，英文很必要（你也可以来了慢慢练，反正外国同事陪练不要钱）。\r\n\r\n## 薪水待遇\r\n- 看个人水平，如果你够牛，欢迎来挑战高薪。  \r\n- 这次招一年以上的。  \r\n- 待遇范围(15k~30k+) * 13 薪 + 年终奖(1 到 2.6 个月),  上班不打卡，美资企业福利不用担心。  \r\n\r\n## 联系方式\r\n- Email: jiahua.chen@pwc.com (邮箱简历给我)", "title": "[上海] 不加班 (15k~30k+) PwC SDC 招聘 软件测试开发工程师(15 名) + node (10 名) + angular(10 名) 工程师", "reply": 5, "click": 2624, "user_id": 140619, "user_name": "riskgod"}