{"id": 204443, "create_time": 1436415335, "create_datetime": "2015-07-09 12:15:35+08:00", "content": "WEB前端工程师（1-3年工作经验） \r\n\r\n关于复歌 \r\n我们是一家技术公司，核心产品叫妙算机，是针对中国市场开发的搜索引擎广告管理平台。用户可在妙算机中管理百度、360、搜狗、谷歌、淘宝等竞价广告平台，并利用优化算法和自动化功能提升广告效果，提高工作效率。 \r\n我们的客户包括品牌客户和4A公司，包括欧莱雅旗下的牌子（兰蔻、美宝莲、碧欧泉…）、LVMH的牌子（LV, Dior...）、中国电信、实力转播等等等等。 \r\n\r\n复歌的目标 \r\n为中国企业提供一款整合所有线上营销渠道的牛逼工具。 \r\n\r\n你应该成为复歌一员的10个理由 \r\n1. 不少的钱 和 巨多钱的可能 \r\n2. 和一群牛逼又好玩的人一起工作 \r\n3. 有真的长得好看的单身姑娘和小伙 \r\n4. 从入职的第一年起，拥有10天带薪假期 \r\n5. 2号线南京西路站步行5分钟的办公室 \r\n6. 不需要你讨好的老板 \r\n7. 水果+咖啡+零食无限供应 \r\n8. 只有15和30分钟两种会 \r\n9. Happy Hour/周 + 吃喝玩乐/月 + Outing/年 \r\n10. ……当想不到第10条时，空着就可以，不需要硬编一条 \r\n\r\n工作职责： \r\n\r\n1.负责实现产品设计师设计出的产品UI和交互方面的开发需求 \r\n2.配合产品经理和UI设计师，研究并改善产品的用户体验； \r\n3.负责Web与移动互联网前沿技术研究与新技术创新 \r\n\r\n职位要求： \r\n\r\n1. 熟练运用HTML、CSS、JavaScript和Ajax、JQuery、Bootstrap等web开发技术； \r\n2. 理解W3C标准（HTML5、CSS3），对表现与数据分离，web语义化等有深刻理解； \r\n3. 熟悉Photoshop等工具完成从设计图到页面的制作过程； \r\n4. 能够根据设计实现自适应页面，能轻松处理各种浏览器兼容问题； \r\n5. 熟悉 JS Toolkit。有 HighChart，ztree，dataTable 的使用经验者优先考虑； \r\n6. 了解 Grunt、Git、Yepnope、FreeMarker、AngularJS 的优先考虑； \r\n7. 有网页重构及前端页面性能优化经验者优先； \r\n8. 最最最最重要的，你是高团队协作性选手！ \r\n备注：简历请付你认为最能体现你技术能力的作品地址 \r\n\r\n\r\n[最后] \r\n薪资：8-20K /月\r\n先来看看我们的产品，然后决定你是不是想成为我们的一员 www.fugetech.com \r\n非常欢迎你联系我们，hr@fugetech.com", "title": "[上海]招聘前端工程师", "reply": 1, "click": 1526, "user_id": 38653, "user_name": "fugetech"}