{"id": 658220, "create_time": 1585709292, "create_datetime": "2020-04-01 10:48:12+08:00", "content": " [ BASE64 ] \r\n机会邮箱：ZGVuZ21laWxpbmdAeGJvbmxpbmUubmV0IA== \r\n\r\nWX 直达：MTM1MTA3MDk1MzE=（微信撩请注明心仪的职位+V2 ）\r\n\r\n\r\n关于我们：\r\n\r\n---一家迅雷系创业公司，老板以及团队中迅雷、腾讯大牛居多；\r\n\r\n---2016.5 成立，主营东南亚头条资讯 app （简言之东南亚版今日头条），越南市场已经扛把子了，泰国产品业已发布并稳步发展中，2020 年将继续在东南亚攻城掠地；\r\n\r\n\r\n---2019 年 1 月拿到 oppo 领投，SIG （头条的投资方）和启明跟投的一亿多人民币融资，业务螺旋式上升中； 2020 年已经实现全面盈利。\r\n\r\n\r\n---团队氛围简单和谐，弹性管理，下午茶，每周运动日，生日会，节日福利，牛人多一起奔跑一起成长；\r\n\r\n\r\n---如果你，对个人成长有所追求、向往一个简单和谐的团队氛围、期望付出和回报能够公平，那就不要犹豫了。\r\n\r\n\r\n职位信息详情：\r\n\r\n一、java （中级 /高潜） [ 15~30k ] \r\n\r\n岗位职责：\r\n\r\n1 、参与公司金融科技(FINTECH)项目的开发工作；\r\n\r\n2 、参与项目的需求分析、功能设计、架构设计、开发联调、上线维护；\r\n\r\n3 、高级工程师带领团队完成工作，并负责技术攻关、技术分享及相关技术文档编写；\r\n\r\n任职要求：\r\n\r\n1 、本科以上学历、二年以上 java 开发经验；\r\n\r\n2 、精通 java 编程语言，熟悉主流开源框架: spring 、mybatis 、dubbo 、mq 、maven 、vue.js 等；\r\n\r\n3 、有互联网项目，大型分布式、高并发、高可用系统开发经验；\r\n\r\n4 、良好的编程习惯，认真负责，思路清晰，有良好的沟通能力，乐于挑战，有创业精神；\r\n\r\n\r\n二、java （高级） [ 20~35k ] \r\n\r\n岗位职责：\r\n\r\n1 、参与公司金融科技(FINTECH)项目的开发工作；\r\n\r\n2 、负责平台架构优化、核心重要模块开发，有很强的质量意识，主导核心代码开发；\r\n\r\n3 、提出性能优化、技术改进方案，协助现有的技术框架进行优化、扩展；\r\n\r\n4 、解决项目中技术难题\r\n\r\n任职要求：\r\n\r\n1 、本科以上学历、五年以上 java 开发经验，具有较好的系统架构设计能力；\r\n\r\n2 、Java 基础扎实，理解常用的设计模式，熟悉基于 J2EE 的相关开源技术以及熟练运用主流开发框架（ Spring, Spring MVC, Mybatis 等）；熟练掌握 Dubbox 、Zookeeper 技术，并具有实际项目经验者优先；\r\n\r\n3 、熟悉 io 、多线程、集合等基础框架，熟悉分布式、缓存、消息、搜索等机制；\r\n\r\n4 、具备较强的分析设计能力、技术攻关能力，有系统性能优化经验；\r\n\r\n5 、良好的编程习惯，认真负责，思路清晰，有良好的沟通能力，乐于挑战，有创业精神；\r\n\r\n\r\n三、安卓开发 [ 15~30k ] \r\n岗位职责：\r\n1 、\t负责 Android 应用的开发和维护工作;\r\n\r\n岗位要求：\r\n1 、\t至少 3 年以上 Android 平台应用开发经验，具备扎实的 Java 语言基础;\r\n\r\n2 、\t深入了解 Android 系统框架，UI 绘制及渲染、事件传递等机制;\r\n\r\n2 、\t熟练 Android 多线程及高性能编程，有 UI 、网络、内存、电量的优化经验;\r\n\r\n3 、\t熟悉常见的开源库，了解其实现原理;\r\n\r\n4 、\t熟练使用 git 进行协同开发;\r\n\r\n6 、 有大型软件开发经验优先考虑;\r\n\r\n\r\n四、活动运营（ 15~25k ）\r\n\r\n职责描述：\r\n\r\n1 、 负责制定产品的拉新及裂变活动运营策略，提出有效可行的活动运营方案并落地执行，对活动整体 ROI 负责；\r\n\r\n2 、 调研同行业活动玩法，及时调整运营策略，持续拉新和活跃留存；\r\n\r\n3 、 收集用户反馈，充分理解用户核心需求，对运营数据、用户行为数据等进行挖掘和分析。\r\n\r\n任职要求：\r\n\r\n1 、本科及以上学历，3 年以上运营工作经验，熟悉各大互联网公司最新活动玩法及效果或有裂变拉新促活经验者优先；\r\n\r\n2 、拥有丰富的活动策划和高效的执行力，善于制造热点话题和策划活动，并引导用户参与互动，有独立主导负责或者成功案例者优先；\r\n\r\n3 、数据敏感，逻辑思维强，注重细节，认真负责，愿意将事情做到极致；\r\n\r\n4 、结果导向，较强的抗压能力，强烈的进取心和责任心，良好的沟通能力和团队协作精神；\r\n\r\n加分项：\r\n\r\n1 、有内容社区类活动运营经验（知乎、贴吧等）\r\n\r\n2 、有活动运营方面成功案例", "title": "[深圳/小步网络] 诚邀 Java （高潜+高级均可）、安卓、活动运营伙伴了解", "reply": 0, "click": 824, "user_id": 192104, "user_name": "XSugar"}