{"id": 659132, "create_time": 1585910593, "create_datetime": "2020-04-03 18:43:13+08:00", "content": "请发至 resumefortiktok-a@yahoo.com ，或者加微信：kuihuapaizhanglao 私聊\r\n简历最多 12 小时内必有反馈，一天内面试\r\n\r\n团队介绍：\r\n我们负责抖音海外版(tiktok)服务端的研发工作。TikTok 现在 DAU 飞涨，前景无限\r\n加入我们团队，你能接触到抖音海外版大量后端核心业务，锤炼你的能力，为你简历添上有含金量的一笔\r\n\r\n对你的要求：\r\n1 ）就是主流的服务端技术栈，没啥特殊的：分布式架构、缓存、消息中间件、抽象和结构思考能力等\r\n\r\n2 ）不关心你原来用的是啥语言 \r\n\r\n3 ）校招社招皆有，只看实力不看资历", "title": "[字节跳动] 抖音 tiktok 后端招人（BASE 上海）", "reply": 3, "click": 1623, "user_id": 479737, "user_name": "fasst"}