{"id": 512066, "create_time": 1543316252, "create_datetime": "2018-11-27 18:57:32+08:00", "content": "职位描述\r\n1、主导信贷、存款、理财、渠道、客户营销等系统分析与设计工作，承担核心功能或组件的代码编写；\r\n2、主导技术难题攻关，持续提升系统稳定性和高并发处理能力，扫除技术风险；\r\n3、主导金融行业基础平台、业务平台的架构设计及落地。\r\n\r\n职位要求\r\n1、扎实的 java 编程基础，精通 Java EE、微服务、消息中间件等相关技术；对各种开源的框架如 Spring，消息中间件等有深入的了解；\r\n2、3 年以上大规模高并发访问的金融交易系统或 Web 应用系统设计和开发经验，丰富的线上运维经验；\r\n3、具备良好的识别和设计通用框架及模块的能力；\r\n4、具有银行业核心系统、或大型电子商务网站、或电信 boss 系统设计与研发经验背景的优先考虑。\r\n\r\n大佬们给给力，可以 base 的地点很多，随您选，待遇的话 30-80 现金部分，另外一部分是期权，1:1\r\nMail： mysky018@126.com\r\nwechat：imissumandy \r\nCell：01085254173", "title": "Java 高级开发工程师", "reply": 0, "click": 541, "user_id": 366095, "user_name": "MYSKY1819588"}