{"id": 359536, "create_time": 1494044139, "create_datetime": "2017-05-06 12:15:39+08:00", "content": "Python 实习生  日薪 200-300 坐标：西土城致真大厦  邮箱： guqiuyuan@imusics.net\r\n\r\n [工作职责] \r\n\r\n1. 协助负责日均上亿次 API 请求的服务端开发和架构设计，构建高并发，高可用的服务；\r\n\r\n2. 协助负责相关业务的任务调度系统开发和设计，以及数据管理后台；\r\n\r\n3. 辅助负责千万级用户数据的存储和分析，构建用户数据中心。\r\n\r\n\r\n [岗位要求] \r\n\r\n1. 重点统招本科及以上学历；\r\n\r\n2. 有扎实的计算机基础，熟悉常用数据结构、算法、设计模式；\r\n\r\n3. 熟练掌握 Python/Java/C++ 其中一种语言，良好的编码风格，强悍的编码能力，有代码洁癖者加分。\r\n\r\n4. 熟悉 Linux 开发环境，熟悉 Mysql, Redis, Mongodb, Kafka,  ElasticSearch 等软件，熟悉 Django/Flask/Tornato 或其他 Python 框架者加分；\r\n\r\n5. 可保证一周至少 4 天实习，可以连续做 6 个月。", "title": "[北京招聘 Python 实习生] 谱思科技-ACM 大神带你飞~~二次元萌妹纸在等你 n(*≧▽≦*)n", "reply": 3, "click": 1629, "user_id": 225910, "user_name": "PusicHR"}