{"id": 360180, "create_time": 1494321942, "create_datetime": "2017-05-09 17:25:42+08:00", "content": "关键技术：C++ , Linux, python, multi-threaded, low-latency \r\n网站：www.akunacapital.com\r\n简历发送至:  shanghaicareers@akunacapital.com \r\n地址: 上海世纪大道\r\n公司总部位于美国芝加哥，在上海，波士顿设有分部，我们是美国最大的期权产品做市商之一。交易主要集中在芝加哥商品交易所，芝加哥期权交易所，ISE, 纽约证券交易所，和纳斯达克市场, 涉及的产品包含股票指数期权，利率期权及期货 (国债) ，外汇期权以及商品(谷物，牲畜，石油，和黄金)期货期权。我们有经验丰富的优秀交易员和创新开拓的 IT 精英。Akuna 上海目前正在组建团队，打造最前沿的期权期货交易系统。在这里，你可以更加接近市场，建立自动化的交易系统。这里是技术和市场结合最前沿的地方。（我们是属于做市商，主要做期权产品，期货）\r\n\r\nAkuna 在寻找积极上进的程序员加入我们的技术团队来帮我们开发更多的顶尖的交易系统。成功的连接市场使 Akuna 拓展了交易范围，使我们获得更多的开拓新产品的流动性和可能性。您将对使用最新技术的交易系统技术进行分析，设计，开发，测试。您将需要使用最新的开源软件的技术解决方案。面试成功的候选人将获得独一无二的机会，去接触参与了自主交易平台的设计和持续改进行业领先的期权交易团队。\r\n工作内容：\r\n•\t规划，设计和实施高品质的 Linux 服务\r\n•\t与交易员和程序员交流，明确表达想法\r\n•\t使用敏捷方法构建软件\r\n•\t参与设计和代码审查\r\n•\t在跨职能团队工作，解决复杂的问题\r\n•\t数据库模式 /数据存储的设计与执行\r\n经验要求：\r\n•\t3 年以上的专业工作经验，在 C ++中开发性能可扩展的应用程序\r\n•\t对 C ++ 14 等技术具有浓厚兴趣\r\n•\t本科学历及其以上，计算机科学，工程类相关专业\r\n•\t了解分布式系统，数据结构和算法\r\n•\t实际使用多线程 /多核编程范例\r\n•\t面向对象的设计和编程经验\r\n•\t流利的英文沟通\r\n•\t熟悉对象数据库等相关技术\r\n•\t具有使用 Linux 和 Python 的经验\r\n•\t对金融科技充满兴趣", "title": "招聘： C++ Developer - Akuna Capital- 高性能交易系统开发- 美国顶尖做市商- 上海", "reply": 0, "click": 1226, "user_id": 229188, "user_name": "AkunaCapital"}