{"id": 202923, "create_time": 1435850311, "create_datetime": "2015-07-02 23:18:31+08:00", "content": "先感谢v2ex，让我招到了一个又一个志同道合的小伙伴，这次来这里希望能够招到一个高级/资深的移动开发工程师。\r\n\r\n楼主现在在深圳一家做云服务的公司，叫做 [极光推送] (https://www.jpush.cn) ，公司在年初刚刚经历了数千万美金的B轮融资，在高速发展中。我们的主要业务是为各大App厂商提供推送服务，此外我们还有着IM服务，可以让你的App迅速地接入聊天功能。目前我们现在已经接入几万的APP，连接了10亿用户，每天百亿次的API访问。\r\n\r\n目前我是公司的CTO,  负责整个公司的技术团队，最近三年(也是最美好的三年)一直在豆瓣度过，让我对工程师文化有了越来越多的认识和更美好的向往，打造一个豆瓣一样优秀的开发团队也一直是我为之奋斗的目标。目前我们的公司大概在100人左右，其中技术/产品团队占比大概70%左右，是一个纯粹的技术型公司。\r\n\r\n我们为什么这么急切地需要移动开发工程师，或者我们为什么需要这么高要求地去招移动开发工程师？\r\n\r\n1. 我们是嵌入到客户的APP中的，因此我们需要对质量有着严格地控制，由于我们的疏忽导致上万款App崩溃，耗电量大，从而造成流失率变高，甚至更严重的后果，我们无法想象。\r\n\r\n2. 我们需要精益求精地去提高我们SDK的性能、安全性等等，这也许需要你将自己的技术精益求精求精求精，把我们的性能压榨到极致。\r\n\r\n3. 除了JPush产品之外，我们还有JMessage这样一款IM产品，我们需要不断向内部添加新鲜的功能，去帮助客户不断提升自己的运营效率，提高用户的留存率，但是如何在快速迭代与稳定质量之间达到一个完美的平衡点，我相信这是所有开发人员都尝试去解决的问题。\r\n\r\nJD其实没必要太过啰嗦，你认为自己是个精英，加分；如果你有Github并且愿意去封装一些类库去让他人使用，加分。如果你崇尚精兵强将，崇尚工程师文化，加分。\r\n\r\n如果你对我们感兴趣，你准备下你的简历，我们约一约介绍下各自的情况，如果我们依然愿意继续聊下去，我们找个时间，一起喝杯咖啡，交个朋友，一起战斗。\r\n\r\n我的联系方式：huangxin # jpush.cn \r\n\r\n职位JD放最后：\r\n\r\n高级/资深iOS开发工程师(如果您是Android工程师，请正则替换即可)\r\n\r\n职位描述：\r\n\r\n\t1. 带领团队完成需求Review，方案设计，API设计及产品优化迭代。\r\n\t2. 负责JPush推送以及JMessage通讯移动端的设计、开发和维护工作。\r\n\t3. 指导和培养初级工程师，进行人员培养和团队建设。\r\n\r\n\r\n工作要求：\r\n\r\n\t1. 扎实的计算机基本功，对数据结构、算法、设计模式都有着扎实的理解。\r\n\t2. 5年以上开发经验，3年以上iOS开发经验。\r\n\t3. 精通SDK设计与开发，对移动开发的安全，性能和稳定性等非功能性需求都有着一定的认识。\r\n\t4. 熟悉Objective-C语言，对内存管理，对象生命周期都有着清晰的认识\r\n\t5. 熟悉常用的网络协议。\r\n\t6. 具备良好的沟通能力和团队合作精神。\r\n\t7. 思路清晰，有着较强的抽象能力。\r\n\r\n优先条件：\r\n\r\n\t1. 有C/C++开发经验者优先。\r\n\t2. 具有SDK编程开发经验者优先。\r\n\t3. 有其他移动平台开发经验优先。\r\n        4. 在开源社区贡献过代码，发布过开源库者优先。", "title": "[深圳] [极光推送] 招聘高级/资深移动开发工程师", "reply": 11, "click": 3196, "user_id": 69267, "user_name": "huangxinms"}