{"id": 502512, "create_time": 1540874898, "create_datetime": "2018-10-30 12:48:18+08:00", "content": "## 招聘岗位一：资深数据开发工程师\r\n\r\n工作职责\r\n\r\n1、通过大数据处理和数据挖掘等技术，对供应链、资产、分销等运营数据进行挖掘分析，洞察增长策略，分析运营效果；\r\n\r\n2、与数据分析师深度配合，发现产品设计和运营策略的不足，给出优化方案，以数据手段助力增长；\r\n\r\n3、参与物料数据体系建设，包括公共数据层建设、数据治理、数据资产管理等；\r\n\r\n4、参与数据建模，对业务进行准确刻画；\r\n\r\n5、参与业务数据相关的算法设计与落地实现。\r\n\r\n职位要求\r\n\r\n1、3 年以上大数据挖掘或数据仓库 ETL 开发经验，精通 SQL，计算机、数学、统计等相关专业；\r\n\r\n2、熟悉 Spark、Hadoop、Hive 等主流大数据计算框架和平台；\r\n\r\n3、有数据仓库领域数据模型设计相关经验者优先考虑；\r\n\r\n4、对 Hadoop、Hive 源码熟悉者优先考虑；\r\n\r\n5、有较强的学习和沟通能力，良好的团队协作精神，极强的责任心，工作踏实、勤恳，有钻研精神。\r\n  \r\n<br><br>\r\n## 招聘岗位二：高级 Java 开发工程师 / 专家\r\n\r\n工作职责\r\n\r\n1、 理解商户业务，识别需求，参与蚂蚁商户运营平台、商户 CRM、小二运营平台的建设；\r\n\r\n2、 参与系统架构设计和优化，独立完成系统分析文档的撰写；\r\n\r\n3、 沉淀有价值的商户数据资产，以数据化的方式联通商户、平台与消费者，打造一站式商户服务体系。\r\n\r\n职位要求\r\n\r\n1、Java 基础扎实：熟悉 IO、多线程、集合操作等基础技能；熟悉分布式、缓存、消息队列等中间件技术；熟悉 MySQL 数据库的基本操作；\r\n\r\n2、对 J2EE 有较清晰的认识，熟悉主流 Java Web 框架，熟悉各种常用设计模式；\r\n\r\n3、熟悉 Maven 项目配置管理工具，熟练使 Tomcat 或 JBoss 等应用服务器；有高并发、大数据的实践经验者从优；\r\n\r\n4、具备一定的领域建模能力，参与过完整的应用系统研发；\r\n\r\n5、拥有前端研发经验或者移动端研发经验者的优先考虑；\r\n\r\n6、有较强的学习和沟通能力，良好的团队协作精神，极强的责任心，工作踏实、勤恳，有钻研精神。\r\n  \r\n<br><br>\r\n## 招聘岗位三：高级测试开发工程师 / 专家\r\n\r\n工作职责\r\n\r\n1、理解商户业务，识别需求，参与蚂蚁商户运营平台、商户 CRM、小二运营平台的建设，可以针对商户业务的架构分析梳理测试架构与对应测试策略；\r\n\r\n2、参与重大产品需求和架构设计评审，保证产品的可测试性；\r\n\r\n3、参与测试效果评估和软件质量核查，并能引入先进思想和方法，推动持续优化；\r\n\r\n4、通过测试相关流程、策略、方法和工具等创新，努力提升测试的质量和效率；\r\n\r\n5、解决测试过程中的复杂技术问题；\r\n\r\n6、能结合行业发展趋势，制定合适的质量技术发展规划，促进团队质量保障效率和团队技能的提升，指引团队测试技术的发展方向；\r\n\r\n7、沉淀有价值的商户数据资产，以数据化的方式联通商户、平台与消费者，打造一站式商户服务体系，共同保障商户业务质量。\r\n\r\n职位要求\r\n\r\n1、工科、计算机或其他相关专业本科以上学历，良好 的计算机专业基础；\r\n\r\n2、熟悉 java，熟悉 java 常用框架，能完成测试工具、测框架开发要求；\r\n\r\n3、三年以上软件测试开发经验，精通测试用例设计方法及常见自动化测试技术，独立承担过大型项目测试负责人；\r\n\r\n4、熟悉软件开发和测试流程，并有自己的理解，可以推动流程的裁剪和优化，有敏捷测试经验者优先；\r\n\r\n5、性格开朗乐观，责任心强，工作积极主动，具备良好 的沟通能力和团队协作能力；\r\n\r\n6、在某一测试领域比如性能、安全、自动化、移动端等具备很强的专业技能者优先。\r\n\r\n<br><br>\r\n联系方式： zhoubi.zxf@alibaba-inc.com\r\n\r\n<br><br>\r\nPS：💻默认配置新款 MacBook Pro、🖥️24 寸高清 Dell 显示器、📡速度较快的科学上网和💺人体工学座椅。📖重视技术提升，几乎每周都有热门领域如大数据、Ai、区块链等专家来公司分享🤝", "title": "[杭州&成都] 蚂蚁金服招聘数据开发、 Java 开发、测试开发", "reply": 4, "click": 0, "user_id": 141514, "user_name": "iSausage"}