{"id": 204674, "create_time": 1436495321, "create_datetime": "2015-07-10 10:28:41+08:00", "content": "共享经济大热的互联网时代，杭州脆饼旅行致力于汇聚全球热门旅行目的地的本地达人（我们称为发现者），旅行者通过我们可以享受当地最地道最个性的深度游服务！脆饼旅行为旅行者、发现者建立信用体系和安全机制，保障旅行体验。我们的使命是，多一个朋友，多一种生活。\r\n我们是一个爱挑战，有追求，高质量的优秀团队，也是一个爱生活，有热情的温暖集体，如果你需要一个能发挥能力，一起成功的机会，那还等什么，快点砸来你的简历吧！\r\n\r\niOS开发工程师：\r\n1.熟练Object—C，以及iOS SDK中UI、网络、数据库、XML/JSON解析等开发技能；\r\n2.熟悉app上架流程；\r\n3.有IM开发，支付开发经验者加分；\r\n4.熟悉消息推送机制；\r\n5.良好的沟通能力和团队协作能力；积极主动，快速学习，有抗压能力。\r\n\r\n\r\nandroid开发工程师：\r\n1.熟悉Android开发的技术体系，熟练使用Android SDK。掌握从开发，测试，debug到上架的流程；\r\n2.熟悉消息推送机制；\r\n3.有IM开发，支付开发经验者加分；\r\n4.良好的沟通能力和团队协作能力；积极主动，快速学习，有抗压能力。 \r\n\r\n测试开发工程师：\r\n1.熟悉java，熟悉java框架：spring/ibatis/Maven；\r\n2.熟悉 python/shell等至少一门脚本语言\r\n3.熟悉持续集成：Hudson，Jenkins等系统；\r\n4.精通功能测试方法和设计，掌握单元测试，接口测试的方法；\r\n5.熟悉iOs/Android相关技术，具备手机客户端自动化或开发经验者优先考虑；\r\n6.良好的沟通能力和团队协作能力；积极主动，快速学习，有抗压能力。\r\n\r\n后台开发工程师：\r\n1.熟悉MVC架构模式及各种常用的设计模式；\r\n2.熟悉java web开发，熟悉RPC机制；\r\n3.熟悉 python/shell等至少一门脚本语言；\r\n4.熟悉Tomcat/nginx 等web服务器的应用部署和配置；\r\n5.有支付经验开发者加分；\r\n6.良好的沟通能力和团队协作能力；积极主动，快速学习，有抗压能力。\r\n\r\n前端开发工程师： \r\n1.精通各种Web前端技术，包括JavaScript/ html/ CSS/ xml/ velocity等，熟悉Jquery框架；\r\n2.至少精通一门非Web前端脚本的语言(如Java/Ruby/PHP/C++),并有项目经验；\r\n3.具有HTML5，NodeJS等开发经验者优先。\r\n4.对前端技术有持续的热情,个性乐观开朗,逻辑性强,善于和各种背景的人合作。\r\n\r\n能力最大，薪资好说，欢迎面议。", "title": "[杭州] 好待遇好同事诚聘开发工程师", "reply": 1, "click": 1635, "user_id": 126145, "user_name": "cuitrip"}