{"id": 661507, "create_time": 1586602665, "create_datetime": "2020-04-11 18:57:45+08:00", "content": "大家好，我是快手的研发工程师，光速内推(社招&20 届校招&21 届实习)各种岗位(开发，产品，设计等，base 北上深杭等)，可远程视频面试\r\n\r\n基本要求：第一学历为统招本科\r\n\r\n我们年初完成 3 亿 DAU 的目标，🤙🤙🤙 又放出 1500+社招职位    \r\n\r\n内推方式：\r\n1. 社招：从招聘职位列表( https://zhaopin.kuaishou.cn/recruit/e/#/official/social/ )中挑选岗位，发邮件到邮箱：  eGlhbmdzb25nQGt1YWlzaG91LmNvbQ== (base64) ，附上岗位链接\r\n2. 20 届校招&21 届实习：点击内推链接投递简历即可，不需要给我发简历，链接中含有内推码，在这个链接投递就是内推~内推链接： https://campus.kuaishou.cn/recruit/campus/e/#/campus/share/job-list/ehScjQhClBtC6jeAZqBMgA%3D%3D\r\n\r\n本人微信：csu_xs QQ：1126331559 （加的时候麻烦备注下姓名），答疑&进度查询都可以找我\r\n\r\n基本福利：\r\n1. 全额六险一金，正常双休，加班会有双倍工资\r\n2. 工作环境舒适，园区内部星巴克、罗森、赛百味\r\n3. 16 寸顶配 macbook pro，无限量下午茶，无限量免费冰淇淋咖啡奶茶\r\n4. 打车可以直接企业滴滴支付，免费健身房，福利很多…\r\n\r\nP. s. 快手主 App 团队正在疯狂招人，hc 充足，场景复杂，有挑战性，尤其求客户端简历 💪💪💪欢迎投递！技术岗也可以提供一些复习指导", "title": "[快手内推+社招+校招+实习(16 薪+2000 房补+三餐包吃)]", "reply": 3, "click": 1759, "user_id": 295724, "user_name": "becauseOf"}