{"id": 198884, "create_time": 1434421496, "create_datetime": "2015-06-16 10:24:56+08:00", "content": "目前业务：B2B  O2O  P2P。\r\n需求攻城狮：1、PHP： 两年以上PHP经验，精通PHP，熟悉thinkPHP框架，熟悉JS者佳。负责平台后台开发。（1W-2W/M）\r\n                   2、 前端（HTML5）:两年以上前端开发经验，熟悉HTML5者佳。负责APP前端开发。 （1W-2W/M）\r\n\r\n我们可以提供：互联网+农业，上市公司背景，创业有激情的团队，技术大咖团队，前沿技术，轻松的办公环境。 \r\n福利：住宿、餐补+交通补助、晚餐、过程项目奖金、年终奖金（最高可拿6个月）、期权。\r\n\r\n欢迎联系我： 18413@noposion.com  QQ：1626008158。", "title": "H5、PHP 看过来，互联网 [深圳南山]", "reply": 4, "click": 1751, "user_id": 119250, "user_name": "shenzhaodi1989"}