{"id": 660506, "create_time": 1586336560, "create_datetime": "2020-04-08 17:02:40+08:00", "content": "从使用木棍到钻木取火，人类用了几十万年。 从铁质工具到热兵器时代，人类用了几万年。 从驾驭马车到发明蒸汽机，人类用了上千年。 从蒸汽动力到电力，人类用了上百年。 从发明计算机开始，人类每十年取得的成就都会超过以往数万年。\r\n\r\n今天，机器的计算能力已经远超人类，但在计算力之外，机器的理解力、认知能力以及和人类交互的能力也在不断提升。我们正在经历人机交互的重大升级，也是最重要的一次。第一次，乔布斯把人机交互从键盘鼠标升级到触摸屏的所见所得，于是开创了移动互联网的时代。这一次人机交互的升级，是从触摸屏升级到语音交互，机器将越来越智能，并不断进化，由此拉开了人工智能的序幕。\r\n\r\n此刻，我们更需要你的加盟，和天猫精灵一起，让人工智能帮助更多人实现梦想，让这个时代因 A.I. 而更加美好。\r\n\r\n### 招聘要求\r\n\r\n* 3 年及以上 Web 前端开发经验，精通 HTML 、CSS 、JS，熟悉页面架构和布局，对表现与数据分离、Web 语义化等有深刻理解；\r\n* 对 MVC / MVVM 等模式有一定的理解，熟悉前端主流框架，并深入理解其设计原理，如：React 、Vue 等；\r\n* 主导过复杂的 Web 项目开发，精通各种性能优化手段；\r\n* 熟悉 HTTP 协议，了解浏览器渲染过程，熟悉跨终端、跨浏览器的解决方案，对 Hybrid 有一定了解；\r\n* 具有较强的沟通能力，分析和解决问题的能力，具备良好的团队合作精神；\r\n* 具备良好的分析解决问题能力，善于主动推动项目进展并达成项目目标；\r\n* 熟悉 NodeJS，有相关开发经验优先；\r\n* 有浏览器端音频、视频、图像处理经验者优先；\r\n\r\n### 工作职责\r\n\r\n* 构建人工智能相关平台及 App，将 AI 能力赋予更多的产品；\r\n* 持续改进当前产品的功能，优化性能，改善用户体验；\r\n* 参与前端框架建设，并不断优化前端工具链；\r\n* 改进协作流程，创建技术标准和规范；\r\n* 新技术研究与应用；\r\n\r\n有兴趣的小伙伴直接简历砸向 guiqi.zh@alibaba-inc.com ，除了前端岗位外，还有大量其他 AI 及 java 岗位欢迎咨询。\r\n\r\nPS：疫情期间，全程电话面试", "title": "[阿里巴巴] [天猫精灵事业部] 招前端", "reply": 1, "click": 994, "user_id": 78050, "user_name": "somonus"}