{"id": 815577, "create_time": 1636967231, "create_datetime": "2021-11-15 17:07:11+08:00", "content": "纽交所上市大型互联网公司，新加坡知名团队，国际化平台，富有竞争的薪资，享受新加坡优质生活环境及教育资源，可携带配偶子女一起前往新加坡工作生活，子女可正常入托入学（最好幼儿园阶段就过来，无门槛入托入学，过了入学年纪需要参加插班考试）。现阶段技术移民（全家）最简易可操作方式。\r\n提供跨国中文视频技术面试，英文能看懂文档就可以了。\r\n\r\n新加坡税极低，比如税前折合人民币 100 万，在没做减免项扣除的情况下，税后 90 万左右（ 894250 ）；年薪越高跟国内税率差距越大。高增长幅度的上市公司股票。\r\n公司提供 18 天年假，14 天带薪病假，6 天育儿假（有孩子的），14 天法定节假日。无政治性加班，更好的工作与生活的平衡状态。公司有设施完善的餐厅，休息室，淋浴间，整层的健身房等。配 MacBookpro+显示器，互联网顶尖公司办公环境。\r\n公司提供 EP （新加坡专业人士工作准证），提供配偶和子女的 DP （家属准证），公司医疗保险包含配偶和子女的医疗保险，在职期间新生儿出生，公司提供 8000 新币（ 4 万人民币）的育儿津贴\r\n\r\n\r\n要求统招本科，三年以上工作经验，互联网大厂背景优先；专家及 leader 岗可以微信详细沟通细节（岗位方向比较多，基本涵盖了所有的技术方向）\r\n\r\n社会安定，全球安全指数最高的国家。欢迎大家来参观和看机会。\r\n有意可发简历到： sophia.liu@dadaconsultants.com\r\n或微信了解详情：sophia_liu611\r\n\r\nSoftware Engineer - iOS\r\n\r\nJob Description:\r\n\r\nDevelop new business features and building reusable components\r\nTranslate UI / UX designs into high quality code\r\nExplore and evaluate the practicality of new technologies to improve existing processes and/or products\r\nWrite clean and maintainable code that is properly tested and reviewed\r\nTackle challenging engineering problems in various domains\r\n\r\n\r\nRequirements:\r\n\r\nBachelor's or higher degree in Computer Science or related fields\r\nMore than 3 years of relevant experience\r\nPassionate about coding and programming, innovation, and solving challenging problems\r\nHands-on experience with iOS platform development\r\nExperience with using iOS framework, performance tools and optimization techniques\r\nDeveloped apps that have been published to AppStore\r\nStrong understanding of fundamental algorithms and data structure\r\nExcellent working attitude, problem solving, critical thinking and communication skills\r\n\r\n\r\nSoftware Engineer- Android\r\n\r\nJob Description:\r\n\r\nDevelop new business features and building reusable components\r\nTranslate UI / UX designs into high quality code\r\nExplore and evaluate the practicality of new technologies to improve existing processes and/or products\r\nWrite clean and maintainable code that is properly tested and reviewed\r\nTackle challenging engineering problems in various domains\r\n\r\n\r\nRequirements:\r\n\r\nBachelor's or higher degree in Computer Science or related fields\r\nMore than 3 years of relevant experience\r\nPassionate about coding and programming, innovation, and solving challenging problems\r\nHands-on experience with Android platform development\r\nExperience with using Android framework, performance tools and optimization techniques\r\nDeveloped apps that have been published to Google Play\r\nStrong understanding of fundamental algorithms and data structure\r\nExcellent working attitude, problem solving, critical thinking and communication skills\r\n\r\n\r\nSoftware Engineer - Backend/Server(不限开发语言）\r\n\r\nJob Description:\r\n\r\nBackend design and development of the services / systems / platforms used by our products and our user\r\nWrite high-quality, clean, elegant, and maintainable code\r\nBuild common libraries\r\nAnalyse requirements, design and develop functionalities based on the product requirements\r\nUnderstand the product thoroughly, constantly optimise the product, identify and fix problems, improve stability and user experience\r\nDesign and implement various supporting tools as needed\r\nCollaborate with other engineers, product managers, user experience designers, and operations engineers to build features and products\r\n\r\nRequirements:\r\n\r\nBachelor's or higher degree in Computer Science or related fields\r\nMore than 5 years of relevant experience\r\nPassionate about coding and programming, innovation, and solving challenging problems\r\nIn-depth understanding of computer science fundamentals (data structures and algorithms, operating systems, networks, databases, etc)\r\nStrong and hands-on experience with at least one of the programming languages: Go, Python, C++, Java\r\nHands-on experiences and knowledge on relational databases such as MySQL\r\nStrong logical thinking abilities\r\n\r\nSkills below are optional but preferable:\r\nFamiliar with Linux development environments and multi-threaded programming\r\nFamiliar with common network protocols (TCP, UDP, HTTP) and network programming\r\nExperience in server/ web security\r\nExperience in design and development of large-scale distributed systems\r\nHands-on experiences in Web Service frameworks and technologies such as Django, Ruby On Rails, or Node.js\r\nFamiliar with performance tuning of Web Server, massive concurrency handling, and caching mechanisms\r\n\r\n\r\n职位太多，更多职位详情，可微信单独详聊：sophia_liu611", "title": "🔥🔥[新加坡] 大型上市互联网公司，招移动端（iOS,安卓），前端开发，后端开发（不限开发语言）， DevOps 或 SRE 及安全等各类工程师，各方向技术专家及技术负责人（P7-P9)，个税低，没有 996，中文视频面试。", "reply": 1, "click": 540, "user_id": 354710, "user_name": "ly1574"}