{"id": 656785, "create_time": 1585290703, "create_datetime": "2020-03-27 14:31:43+08:00", "content": "光速软件是一个极富活力、追求创新的初创团队，致力于解决传统软件研发效率低下，工作大量重复堆砌的问题。\r\n\r\n## 我们在做\r\n\r\n\r\n以下几个很酷的东西：\r\n\r\n1 智能化代码生成平台，导入设计稿（ Photoshop  Sketch ），一键生成源代码，从此告别手写 HTML 和 CSS\r\n\r\n2 基于 AI 的逻辑推测，快速建立页面跳转关系，忘掉 Axure 等原型设计平台\r\n\r\n3 全自动化对接云端接口、协议随便改，轻松建立逻辑流程图\r\n\r\n\r\n重要的事情说三遍：\r\n\r\n**以上皆为全自动化生成高可用、高可读的源代码**\r\n\r\n**以上皆为全自动化生成高可用、高可读的源代码**\r\n\r\n**以上皆为全自动化生成高可用、高可读的源代码**\r\n\r\n\r\n我们的产品不是引擎、不是运行时，更不是编程框架，我们是一个帮你写代码的“机器人”\r\n\r\n\r\n通过自研的解决方案，可以快速生成多个平台（ iOS 、Android 、小程序、服务器）的软件源代码，10 分钟搞定 8 小时开发工作量，真正实现源代码交付。**团队现已完成两轮融资，多家客户 Ready 、即将公测，期待热爱编程、喜欢钻研技术的朋友一起来做一些有意思的东西**。\r\n\r\n## 如果你对工作感到厌倦\r\n\r\n\r\n工程师每天都在书写大量重复无聊的代码，不论是 UI 搭建、网络调用还是数据库的增删改查，亦或是 iOS 、Android 、React 、Vue 以及小程序。\r\n\r\n\r\n无论你做哪个平台、还是哪个技术领域，只要是做业务，就逃不开这些无聊但是又不得不写的代码。一个工程师每天写 200-300 行代码基本上算是高产了，大量的时间花在了 Debug 和查文档，写错小小一行字可能就会导致多花两三个小时的时间来解决这些问题。\r\n\r\n\r\n所以想要提升软件生产力，核心问题就在于：第一找到一个合适的模式来消灭这些重复的问题；第二尽可能避免让人来写这些代码，因为人来写就一定会写错，一定需要查文档。\r\n\r\n\r\n**所以基于这两个出发点，我们团队创新性地设计了多种工具和 IDE 平台来实现软件源代码的自动化生成，让平常一天的工作量可以在 10 分钟内完成**。\r\n\r\n\r\n## 我们是\r\n\r\n\r\n1 一群有意思的非典型“程序员”，有痴迷的桌游爱好者，也有能写歌的 Rapper\r\n\r\n2 我们这里有北大的学霸、分布式数据库的开发者以及 Top1 客户端的资深大牛\r\n\r\n3 我们分布在深圳、重庆以及海外，支持全球异地办公\r\n\r\n\r\n## 我们希望你是\r\n\r\n\r\n1 持续学习，热爱技术、热爱编程，强迫症，对代码有洁癖\r\n\r\n2 对世界充满好奇心，追求卓越、热爱挑战\r\n\r\n3 脑速够快，脑洞够大\r\n\r\n**如果你不是，请不要投简历，否则你眼里看到的都是压力，而不是快乐**\r\n\r\n\r\n## 我们在做\r\n\r\n\r\n### 整个团队全栈 Typescript，从前端后端到编译器全部用 Typescript 开发。目前在研以及规划的产品有：\r\n\r\n\r\n1 自有 DSL 语法设计与编译器开发\r\n\r\n2 基于机器学习的设计稿自动转化成代码\r\n\r\n3 WebIDE / 自动化生成前端源代码 / 自动化生成后端源代码\r\n\r\n4 多平台下 UI 控件设计与开发\r\n\r\n5 插件平台与依赖管理平台\r\n\r\n6 自动化部署与自动化运维系统\r\n\r\n\r\n\r\n# 开放的招聘岗位有\r\n\r\n\r\n\r\n## 资深客户端 /前端架构师\r\n\r\n\r\n1 本科及以上学历，专业不限，5 年以上互联网行业工作经验，有大型客户端研发经验优先\r\n\r\n2 良好的分析问题和解决问题的能力，良好的工作进度管理与把控能力，抗压能力强\r\n\r\n3 充盈的计算机科学与工程知识，了解计算机体系架构\r\n\r\n4 具备优秀的业务抽象能力、架构分析能力与设计能力\r\n\r\n5 具备优秀的编程能力，对 Typescript / Rust / Java / C# / C++ 等语言有十分深入的了解\r\n\r\n6 熟悉 UI 引擎渲染原理，精通主流前端框架，对 iOS / Android / React / Vue / Angular 等 UI 框架有个人独特的见解\r\n\r\n\r\n\r\n## 高级全栈工程师\r\n\r\n\r\n1 本科及以上学历，专业不限，3 年以上互联网行业研发经验\r\n\r\n2 热爱编程，对代码质量有追求\r\n\r\n3 良好掌握计算机科学基础知识，包括算法、数据结构、操作系统、面向对象编程等\r\n\r\n4 精通主流前端框架，熟悉设计模式\r\n\r\n5 精通 Nodejs 、Ruby 或者 Java 等至少一门后端语言和开发框架\r\n\r\n6 自驱力强，良好的团队协作能力，提升团队研发效率，实现极致性能，通过创新交互优化产品体验\r\n\r\n\r\n\r\n## 高级产品经理 - 开发者工具、云计算方向\r\n\r\n\r\n1 本科及以上学历，专业不限，3 年以上云计算等产品相关工作经验\r\n\r\n2 工程师出身，3 年以上前后端软件研发经验\r\n\r\n3 良好的分析问题和解决问题的能力\r\n\r\n4 具备较好的项目管理能力，积极的团队精神、有产品 Owner 意识，有主见，对结果负责\r\n\r\n5 了解 Scrum 研发模式，能帮助团队梳理用户故事和验收标准，制定 Sprint 计划\r\n\r\n\r\n\r\n# 你将获得\r\n\r\n\r\n1 行业 Top 薪酬 + 期权\r\n\r\n2 Scrum 敏捷开发模式、支持全球异地办公\r\n\r\n3 MacBook Pro 、4K 显示器任你挑\r\n\r\n4 年轻、创新、扁平的团队氛围\r\n\r\n5 多位 10 年工作经验的资深大牛一对一结对辅导\r\n\r\n\r\n\r\n\r\n# 联系方式\r\n\r\n\r\n坐标：深圳·南山·软件基地\r\n简历请投递：  [job@velosoft.cn]", "title": "[深圳] （20k-50k）一个专注技术的团队诚邀大家加入我们～", "reply": 6, "click": 1916, "user_id": 208750, "user_name": "dannnney"}