{"id": 364317, "create_time": 1495886963, "create_datetime": "2017-05-27 20:09:23+08:00", "content": "[JD]( https://gist.github.com/KIDJourney/c0d5a17b5c76d56f3234ced609507fcb)。\r\n\r\n如果 JD 对应的 GIST 被删了，说明内推结束啦。\r\n\r\n有兴趣的小伙伴欢迎邮件给我简历 `d2FuZ3NpeXUwN0BtZWl0dWFuLmNvbQ==`\r\n\r\n邮件标题 `岗位-学校-专业-姓名-v2ex`", "title": "美团云实习内推， 14 级以及 14 级以上的小伙伴欢迎来玩。", "reply": 15, "click": 2634, "user_id": 86315, "user_name": "KIDJourney"}