{"id": 358669, "create_time": 1493739065, "create_datetime": "2017-05-02 23:31:05+08:00", "content": "# Web 前端开发工程师 （ T2-T3 ）\r\n\r\n##   职位诱惑\r\n   \r\n- 和公交有得一拼的班车网络\r\n- 满 3 年还有 50w 的无息购房贷款\r\n- 分分钟成为市值 3000 亿的鹅厂股东 \r\n\r\n## 工作地点\r\n\r\n- 深圳南山  \r\n\r\n## 岗位职责\r\n\r\n-  负责公司内数据可视化站点的前端架构设计和开发工作； \r\n-  参与需求评审、项目排期、架构设计；\r\n- 负责用户体验优化，包括但不限于：业务流程、交互、性能、安全等；\r\n- 通过工具与组件的开发与持续优化，提升团队工作效率；\r\n\r\n##  岗位要求\r\n\r\n-   3 年以上前端开发经验\r\n- 具有良好的学习能力、沟通能力、服务理念和合作精神\r\n- 能接受挑战并承担工作压力\r\n- 熟练使用 JavaScript\\CSS\\HTML\r\n- 了解常见网络协议，熟练使用 Ajax\r\n \r\n## 加分项\r\n\r\n- 有 mvvm 模式的设计开发经验\r\n- 有图形库的设计开发经验\r\n- 有大型 Web 系统的设计开发经验\r\n\r\n## 简历投递\r\n\r\n```\r\nbobbli[at]tencent.com\r\n```\r\n\r\nhttp://wx3.sinaimg.cn/large/6be469dcgy1ff78l1e99ej20xa0b3aw1.jpg", "title": "[深圳] 腾讯 CDC 招 Web 前端开发工程师", "reply": 5, "click": 2506, "user_id": 5570, "user_name": "qq286735628"}