{"id": 808867, "create_time": 1634623900, "create_datetime": "2021-10-19 14:11:40+08:00", "content": "有兴趣的童鞋，请砸简历到 junhan(AT)microsoft(DOT)com , 如果合适，我会帮大家内推~\r\n\r\n很高兴已经有 70 位候选人通过我的内推拿到了微软 Offer 。对于内推的候选人，我将全程 follow up，从职位 match，到面试建议与准备，再到面试流程，再到入职，以及大大小小各类事务（比如班车，未来园区的地铁线路规划的信息，周围的租房、学区房等等）。\r\n\r\n微软苏州的 Cloud Managed Desktop 组热招！工作地点 base 苏州。\r\n\r\n**详情以及职位列表请见：**\r\n\r\n[Windows 365 + Microsoft Managed Cloud 热招，超过 100+HC ！]( https://mp.weixin.qq.com/s/GLxu2y57bMNuanissmTdgg)\r\n\r\n更多微软内推信息，可以关注 \"HJ 说\" 微信公众号，并可以查看我写的微软面经，有数万人阅读~\r\n\r\n![QR]( https://s2.ax1x.com/2019/05/16/E7vSSJ.jpg)\r\n\r\n微软苏州上海北京等各个职位都在热招，涵盖前端、后端、移动端等各类职位，超过数百个 HC，也欢迎找我内推！\r\n\r\n[微软内推，长期有效]( https://mp.weixin.qq.com/s/4xKcHPeTlh4ovuq420qiBQ)", "title": "已内推 70 人拿到 offer！微软 Windows 365 + Microsoft Managed Cloud 热招，超过 100+HC！", "reply": 6, "click": 5608, "user_id": 205022, "user_name": "formulahendry"}