{"id": 830727, "create_time": 1643179611, "create_datetime": "2022-01-26 14:46:51+08:00", "content": "初生科技创立于 2014 年，是一家年轻的创业公司，旗下产品 the L 是一款全球范围的多元女性交友 APP ，总用户量已超过 1200 万。\r\n\r\n前端部门主要的业务包括运营活动，整个公司的管理后台，以及 APP 的版本各类需求，需要使用 Node.js 开发业务需求。\r\n\r\n## 职位描述\r\n* 负责 PC 端管理后台，移动端活动页面的交互设计与实现。\r\n* 测试维护并持续优化现有产品，修复 BUG ，提高前端的用户体验及性能。\r\n* 持续的优化前端体验和页面响应速度，并保证兼容性和执行效率。\r\n* 配合产品、客户端、服务端等其他小组一起研讨技术实现方案，进行应用及系统整合。\r\n\r\n## 职位要求\r\n* 深入理解 HTML5 、CSS3 和 ES6+。\r\n* 深入理解现代 JavaScript 开发体系，熟悉主流 JS 开发框架（ React 、Vue 等），能独立抽象日常组件。\r\n* 需要维护 Node.js 服务，具有该语言的实践经验者优先。\r\n* 具备良好沟通、协作、学习能力，能够主动在项目中承担起责任。\r\n\r\n薪酬范围：15k-20k 13 薪\r\n\r\n工作地点：上海市徐汇区钦州路 518 号创邑 Space\r\n\r\n邮箱： wen.ping@rela.me\r\n\r\n文末附赠一些搜集的[前端面试资料]( https://github.com/pwstrick/daily)", "title": "[上海] 初生科技招两名前端 15K-20K", "reply": 2, "click": 1126, "user_id": 353148, "user_name": "freedom1988"}