{"id": 668950, "create_time": 1588749671, "create_datetime": "2020-05-06 15:21:11+08:00", "content": "五月到了~有没有考虑换个新的工作环境呢~字节跳动 base 深圳，小游戏前端开发岗位大量 HC 。需要 [小游戏开发经验] 或 [ H5 游戏开发经验] ，掌握 [ Cocos2d ]  [ Laya ]  [ Egret ] 开发引擎。诚心求人才~有意向的朋友请加 v15827175595，24 小时为你答疑解惑，或者直接甩简历到： liujianyu.jerrie@bytedance.com 。（づ￣ 3 ￣）づ╭❤～", "title": "（转发这个五月天，五月开心每一天~）字节跳动-深圳南山-小游戏前端大量 HC 诚聘！需要 H5 游戏/小游戏开发经验", "reply": 3, "click": 877, "user_id": 485002, "user_name": "jerrieliu"}