{"id": 354596, "create_time": 1492064397, "create_datetime": "2017-04-13 14:19:57+08:00", "content": "通联数据南京分公司招聘啦~~\r\n\r\n软件开发工程师、爬虫开发工程师请尽情砸过来~~\r\nHR 邮箱 shan.song@datayes.com\r\n\r\n职责和公司介绍如下：\r\n\r\n软件开发工程师：\r\n岗位职责\r\n1.开发一个灵活稳定的数据加工平台，包括数据的自动化录入，各种格式数据的机器解析，校验和监控等，为客户提供持续稳定的基础数据支撑。\r\n2.使用各种流行成熟的 JavaEE 框架(Spring/MyBatis)来实现后台架构，以适应应用的发展。\r\n3.设计和实现一个统一的数据加工系统，使得数据生产和处理全流程一体化，以帮助我们快速处理数据，发现数据问题并及时修复。\r\n4.熟悉数据加工业务流程，整合、重构平台后端基础框架的设计与实现，保证高性能处理和系统的稳定性。      \r\n任职要求\r\n1.精通 JavaEE 开发，对相关的工具、类库以及框架非常熟悉，如 Spring ， SpringMVC ， MyBatis 等，对 Web 开发的模式有较深的理解。\r\n2.熟练使用 Sqlserver 、 Mysql 等常用的数据库系统，能够实现复杂的 SQL 逻辑。\r\n3.熟悉 Maven 项目配置管理工具，熟悉 SVN/Git 工具使用。\r\n4.熟悉面向对象分析和设计技术，掌握基本设计模式，具有设计和开发对外接口经验和能力。\r\n5.工作勤奋，责任心强，具有良好的沟通能力和团队合作意识。\r\n\r\n软件开发工程师（爬虫方向）\r\n岗位职责\r\n负责核心爬虫系统设计和开发实施，编写相关技术文档。\r\n负责优化网络爬取性能和质量，解决爬虫过程中的疑难问题。\r\n负责爬取数据的解析入库，爬虫系统的监控和异常警报。\r\n任职要求：\r\n精通 http 协议，各种 web 认证机制，熟悉常见的爬虫 /反爬虫策略者优先。\r\n熟悉大规模网页爬取，深度网页爬取，熟悉 Nutch 、 Lucene 、 Heritrix 、 Solr 、 Sphinx 等工具或有实际的爬虫项目经验者优先。\r\n2 年以上 java/python 开发经验，掌握 Spring 、 Mybatis 等常见 web 开发框架，熟悉正则表达式，有较强的系统维护能力。\r\n熟悉 MongoDB 等 nosql 数据库、 RabbitMQ 等消息队列优先，熟悉金融证券业者优先。\r\n有业务监控系统项目经验者优先。\r\n工作细致，有很强的学习能力和团队合作精神。\r\n本科及以上，计算机相关专业。\r\n\r\n  通联数据股份公司是由金融和高科技资深专家发起，万向集团投资成立的一家金融资讯和资产管理服务公司。致力于将“云计算、大数据和人工智能”等新一代信息技术与先进的投资理念相结合，打造资讯服务和资产管理“生态圈”系统，为资产管理行业投资者提供高效、便捷、创新的金融服务云平台。公司总部位于上海陆家嘴，在北京、南京、美国硅谷等地均设有分支机构。\r\n  公司创始人、董事长肖风博士，拥有超过 20 年证券从业经历和资产管理经验，其创建的博时基金公司是目前中国资产管理规模最大的基金公司之一。公司创始人、 CEO 王政博士，获普林斯顿大学物理学博士，拥有近 20 年的资产管理、金融信息平台研发和大数据研究经验，曾先后任哈佛大学研究员、彭博资讯研究部经理、巴克莱全球投资公司高级研究员 /基金经理、博时基金股票投资部总经理、 ETF 及量化投资总监等职。\r\n  作为国内最领先的智能金融投资服务机构，通联数据一直坚持集聚业内最优秀的人才，为员工提供具有竞争力的薪酬福利、舒适的工作环境、系统的培训机会、丰富的团队活动。公司福利包含五险一金、补充医疗保险、员工年度体检、家属年度体检、工作日午餐晚餐、交通补助、通信补助、节假日津贴礼物、生日礼物、结婚生育礼金、团建活动经费等。\r\n   公司官网： www.datayes.com", "title": "[南京] 南京软件开发、爬虫开发工程师招聘啦 金融科技公司", "reply": 1, "click": 1358, "user_id": 148344, "user_name": "songshan"}