{"id": 833214, "create_time": 1644562699, "create_datetime": "2022-02-11 14:58:19+08:00", "content": "候选人鸽了 Offer 我又来发帖了，快来点简历！\r\n\r\n\r\n工作地点：\r\n金科路地铁站\r\n\r\n\r\n对你的要求：\r\nJava 背景\r\n熟悉微服务相关技术优先\r\n基本的英语沟通能力\r\n\r\n\r\n\r\n福利\r\n1. 工作足 8 小时即可，上班时间灵活, 每周两天固定在家办公，如有特殊情况可额外说明。\r\n2. 薪资性价比不错, 年假 15 天起, 带薪病假 15 天, 商业医保, 看病无忧\r\n\r\n投递方式\r\n\r\ncWluc2hhbi5zdW5Ac2FwLmNvbQ==", "title": "[上海][WLB] SAP 急招 Java 开发", "reply": 15, "click": 1366, "user_id": 78346, "user_name": "AriesSky"}