{"id": 360773, "create_time": 1494550331, "create_datetime": "2017-05-12 08:52:11+08:00", "content": "打算玩玩微服务、Mesh 网络？\r\n想要亲密接触一下机器学习？\r\n向往让数千万人每天使用你写的代码？\r\n好奇未来独角兽公司个位数员工的滋味？\r\n\r\n来我们脸云(上海)互联网科技有限公司，这些机会都有。公司刚刚设立，巨额投资已经搞定，研发和产品负责人都有十多年一线经验，诚邀有战斗力的小伙伴共创未来。有意请发简历到 hire@facialcloud.com。\r\n\r\n## 首先，我希望你认同以下理念：\r\n1. 程序员的工作是编写价值、提交正确性，而价值源于用户需求，正确性要用测试证明。\r\n2. 程序员用代码说话 (Talk is cheap, show me the code)。\r\n3. 创业团队成员应该自我驱动、有责任感、思想开放。\r\n\r\n以下职位薪资均 10~20K/月，能力突出面议，正规交金，该有的福利都会有。\r\n\r\n\r\n### [机器学习工程师] \r\n职责：\r\n跟进机器学习技术发展并将其工程化、运用到各项业务中。\r\n\r\n要求：\r\n1. 具备良好的数学基础知识\r\n2. 系统学习过机器学习的理论知识\r\n3. 熟悉 TensorFlow 或 Cafe2 等任一流行框架\r\n4. 有一定的模型训练、应用经验\r\n5. 具有良好的编程能力，语言不限\r\n6. 计算机或数学相关专业本科以上学历，或具同等基础 \r\n7. 做过图像识别相关论文或项目的优先\r\n\r\n### [Node.js 工程师] \r\n\r\n 职责：\r\n在资深 Node.js 工程师的带领下开发、维护系统各项服务。\r\n\r\n要求：\r\n1. 扎实的 Node.js 及 JavaScript(ES6) 基础\r\n2. 良好的工程习惯\r\n3. 一年以上服务端实际开发经验\r\n4. 计算机相关专业本科以上学历，或同等基础\r\n5. 全栈待遇从优\r\n\r\n### [微信 /前端工程师] \r\n职责：\r\n配合产品及设计实现微信、Web 等平台上的用户功能。\r\n\r\n要求： \r\n1. 扎实的 HTML/CSS/JavaScript 基础\r\n2. 一年以上实际经验，或有独立完成的作品\r\n3. 具有良好的工程习惯\r\n4. 熟悉 Vue 或  React 之一，有微信 SDK 或小程经验优先\r\n5. 计算机相关专业本科以上学历，或同等基础，能力突出可放宽\r\n6. 全栈待遇从优\r\n\r\n### [运维工程师]\r\n职责：\r\n与开发人员一起完成服务布署、监控与优化\r\n\r\n要求：\r\n1.熟练掌握 Linux 系统管理\r\n2.熟练使用任意一种系统监控平台\r\n3.熟悉文件、数据库备份、恢复\r\n4.有 3 年以上云服务器管理经验\r\n5.能独立完成简单的系统和网络分析\r\n6. 有 Docker 服务管理经验从优\r\n7. DevOps 待遇从优\r\n\r\n### [设计师]\r\n职责：\r\n网站、UI 的平面与交互设计\r\n设计制作线上、线下活动所需要的材料\r\n\r\n要求：\r\n1. 美术、设计相关专业本科以上学历\r\n2. 热爱设计工作，具有良好的审美能力\r\n3. 理解网站、应用的布局与交互设计\r\n4. 投递简历请随附作品集\r\n\r\n### [产品运营]\r\n职责：\r\n负责用户、内容及社区的运营推广\r\n根据业务总体规划制定运营计划、发展运营团队\r\n\r\n要求：\r\n1. 理解 PDCA 循环，熟练掌握各类运营分析工具\r\n2. 头脑灵活，富有创意\r\n3. 沟通能力强，能够灵活调动内外资源\r\n4. 了解 Growth Hacking 思想\r\n5. 三观正\r\n6. 有运营团队经验优先\r\n7. 应届生请附校内外社会活动组织经验\r\n\r\n----\r\n有意请发简历到 hire@facialcloud.com", "title": "[上海] 脸云(上海)诚招创业小伙伴：开发(机器学习/Node.js 微服务开发/微信前端开发)、设计、运维、运营", "reply": 5, "click": 2400, "user_id": 66296, "user_name": "pinxue"}