{"id": 511955, "create_time": 1543299430, "create_datetime": "2018-11-27 14:17:10+08:00", "content": "职位描述：\r\n数据科学家将是团队核心成员。我们会一起挑战有趣的技术难题，在自由开放的氛围下，将前沿的数据分析技术转化成业界独一无二，极具价值的产品。\r\n\r\n职责：\r\n• 独立承担大型数据产品的解决方案设计、算法实现、结果评估和呈现\r\n• 能够指导数据分析师完成较复杂项目的算法设计和工程实现\r\n• 和行业分析师、数据产品经理以及数据工程团队密切配合，能够精准把握产品需求，科学、准确的评估数据产品的质量\r\n• 搭建数据产品生产体系，进行数据产品整体规划， 包括数据收集模块、数据仓库、表格及中间表、数据质检、自动化分析、成品数据输出及可视化\r\n• 深度了解主要数据源的特征和应用场景，能够熟练根据产品需求选择合适的数据源解决问题\r\n\r\n要求：\r\n• 硕士以上学历，211 学校及以上；统计、计算机、计量经济或者其他有设计定量分析专业背景者优先\r\n• 3-5 年相关工作经验\r\n• 能够熟练使用 SQL，Python，Excel、R 等数据分析语言和工具\r\n• 有过大型数据采样分析项目经验者优先\r\n• 同时具备数据挖掘、机器学习相关经验者优先\r\n• 有独立带领团队完成数据分析项目经验者优先；\r\n• 良好的分析判断能力，能抓大放小，能独立安排工作优先级\r\n• 有洞察力和创新意识，快速学习能力强，适应高强度挑战\r\n\r\n薪资待遇：\r\n25K-35K\r\n\r\n# 关于我们\r\n百观科技（ BigOne Lab) 是一家国际化的金融数据技术公司，致力于为全球投资机构挖掘、分析互联网时代所产生的大数据，提供可视化投资决策数据产品。百观正在打造新一代的投资研究产品，目前我们已经为二级市场机构投资者开发出监测多家上市公司运营和财务指标的数据产品，促成了大数据在金融领域的领先应用。百观于 2016 年获得了真格基金百万美元天使轮融资，2017 年获得了华创资本数百万美元 Pre A 轮融资。\r\n\r\n我们位于北京，是一个快速成长的国际化创业团队，成员来自百度, Amazon, Bloomberg, Xiaomi, Sohu, IBM, Credit Suisse, Yipit Data, iResearch 等国际一流技术、数据、与金融公司，团队有 1/3 成员拥有海外学习与工作经历。团队成员毕业于北京大学、清华大学、宾夕法尼亚大学、芝加哥大学、耶鲁大学、哥伦比亚大学、达特茅斯学院等海内外名校。\r\n\r\n为了做出最棒的产品，我们需要同样充满好奇心，技艺高超的小伙伴。我们提供：\r\n•\t极有竞争力的待遇 + 期权激励\r\n•\t有趣的同事\r\n•\t超棒的办公环境，紧邻雍和宫五道营 # 我们也不喜欢西二旗\r\n•\tMacBook Pro，零食饮料，免费午餐，免费口罩...\r\n\r\n简历投递邮箱： jobs@bigonelab.com\r\n\r\n公司详细地址：北京市 东城区 梦想加空间(雍和宫 77 文创店) 四层独立房间", "title": "数据科学家", "reply": 1, "click": 1101, "user_id": 352541, "user_name": "elza2"}