{"id": 204496, "create_time": 1436427390, "create_datetime": "2015-07-09 15:36:30+08:00", "content": "招聘服务端(Python)研发工程师\r\n 地点：上海 12-20K\r\n1、 1-3年经验;\r\n2、参与内部系统后端研发任务.\r\n3、熟练使用Python，Django框架，有一定后端系统的开发经验；同时具有Mysql数据库开发经验；\r\n4、有良好的沟通协调能力，团队合作意识和专业进取精神，责任心强，工作踏实，思维敏捷，品行端正；\r\n5、有前端的开发经验的优先；有ERP或OA开发经验的优先，有一定的产品设计能力；", "title": "急招 Python 开发工程师，工资待遇都不错", "reply": 3, "click": 2199, "user_id": 126178, "user_name": "chenhuang1973"}