{"id": 367327, "create_time": 1497011162, "create_datetime": "2017-06-09 20:26:02+08:00", "content": "和优秀的人做有挑战的事！高潜力超靠谱团队招聘个性化推荐、大数据研发工程师~~\r\n职位 JD 和公司简介如下,欢迎踏实靠谱的小伙伴~~投递邮箱： guqiuyuan@imusics.net\r\n  \r\n个性化推荐（ 25-40K ）\r\n[职位描述]\r\n岗位职责：\r\n1. 负责分布式推荐系统引擎的架构设计和优化；\r\n2. 结合业务需求，参与用户画像建模和挖掘，搭建推荐系统并持续提升个性化推荐的效果；\r\n3. 构建大规模用户特征在线存储服务；\r\n  \r\n[岗位要求]\r\n1. 重点本科或本科以上学历，计算机、数学相关专业，有 2 年以上的相关经验；\r\n2. 精通 Linux 环境下的代码开发，熟练使用调试工具，有推荐系统或搜索排序研发经验；\r\n3. 具备良好的编程能力和代码风格，熟练掌握一门强类型语言，并至少掌握一门脚本语言。\r\n4. 对常用的推荐算法有较深入了解，有实际算法调优经验。\r\n5. 扎实的计算机基础（数据结构、算法、数据库等），熟悉 linux 开发环境，熟悉 java 语言；\r\n6. 有丰富的数据挖掘、机器学习（ svm、神经网络、随机森林等）、分布式计算（ eg. mapreduce、spark, kafka 等）的实际工作经验，参与过诸如广告点击率预估、个性化推荐模型、搜索排序等项目或在国际期刊发表过机器学习相关论文者优先；\r\n7. 良好的团队合作和沟通能力。\r\n符合以下条件优先：\r\n1. 大型互联网公司推荐系统开发经验；\r\n2. 参与过成熟的音乐 /电影推荐系统搭建和算法调优。\r\n  \r\n----------------\r\n  \r\n大数据平台研发工程师（ 20-40K ）\r\n工作职责：\r\n1.参与公司数据仓库架构设计与研发，建设的公共数据平台和服务系统，实现高质量数据的互通与共享；\r\n2. 参与公司数据产品与应用的数据研发，发觉数据商业价值；\r\n3. 结合实际业务问题，运用数据挖掘、机器学习领域的前沿技术，给出解决方案。\r\n  \r\n职位要求：\r\n1. 精通 Linux/Unix 平台上的 C/C++/Java/Python 编程，对数据结构和算法有较为深刻的理解；\r\n2. 有大型在线应用系统的开发经验，熟悉 Web 开发相关技术；\r\n3. 熟悉分布式计算相关技术，有大数据处理经验；\r\n4. 具备优秀的逻辑思维能力，对解决挑战性问题充满热情，善于解决问题和分析问题，具有良好的沟通能力和团队合作精神。\r\n有下列经验之一者优先：\r\n-有海量数据的处理经验，熟练使用 Hadoop、Hive、Spark 等分布式计算工具；\r\n-有机器学习 /数据挖掘理论和技术基础；\r\n-有高性能、高并发、高可用性、高扩展性系统架构设计经验。\r\n  \r\n-------------------------------\r\n[公司简介]\r\n  \r\n▍Pusic, 2015 年成立的初创公司，是一个拥有丰富创业经历和成熟公司经验的靠谱团队，聚集了来自一流学校和公司的顶尖人才。核心员工曾就职于微软，腾讯，阿里等知名互联网企业，曾作为明星级创业公司创始期核心成员，亲手缔造了如今拥有上亿用户人人皆知的的明星级产品。产品上线至今用户量超 1500 万，每日启动次数超过 3000 万。每月有 500 万的用户通过我们的产品找到全世界优秀的音乐；\r\n  \r\n▍为了梦想，我们再次扬帆起航，开始了新的创业之旅。经过不懈的努力，我们的音乐 APP 已在亚太地区（日本，台湾，香港等地区）排名 TOP 10。在全球，已有上千万的用户使用我们的产品，我们的用户数量每天在不断激增，我们渴望有更优秀的人才加入我们，共同见证、共同缔造属于我们的传奇。；\r\n  \r\n▍我们渴望与最优秀的你一起共事，我们善待每一位员工，因为我们深知，人才是我们最大的财富。加入我们，你会认识一群可爱又聪明的同事，我们怀有激情，追求极致。公司崇尚人性化快乐创业，扁平化管理，轻松平等。在这里，我们并肩作战，共同为梦想杨帆前进。\r\n  \r\n  \r\n  \r\n我们的技术团队：\r\n  \r\n▍人均承担近 300 万日启动次数的访问；\r\n  \r\n▍勇于采用新锐的算法和构架，既大量使用优秀开源系统又自研核心业务系统；\r\n  \r\n▍既学习经典和优秀的实践，又敢于做出自己的方案；\r\n  \r\n▍每个人都可参加从用户沟通、需求讨论、产品开发、到上线部署的环节；\r\n  \r\n▍办公室可自由访问全球优秀网站，英文资源。\r\n  \r\n  \r\n---\r\n  \r\nPusic | 了解我们\r\n  \r\n▍Pusic, 2015 年成立的初创公司，产品主要面向东南亚市场，在日本、韩国等地拥有大量用户。 目前，我们的 APP 在亚太数个地区的娱乐版排名 Top 5。日本作为全球第二大音乐市场，Pusic 在日本的渗透率、dau 和知名度均有骄人的成绩。目前整体运营状况良好。；\r\n  \r\n▍团队成员均毕业于国内一流名校，曾就职于微软、腾讯、阿里、网易、美团等知名移动互联网公司。CEO 和核心团队，曾作为某知名互联网公司创始初期核心成员，亲手缔造了如今拥有上亿用户的明星级产品。\r\n  \r\n---\r\n  \r\nWhat we have | 我们能给你什么\r\n  \r\n成长快速，前景广阔\r\n  \r\n能给优秀的你更大的舞台\r\n  \r\n▍发布每日数百万用户使用的产品，并快速往千万级用户发展，参与亿级访问次数的实时个性化系统构架的迭代；\r\n  \r\n▍公司目标是颠覆整个内容和娱乐产业，给你万亿级的市场想象空间。\r\n  \r\n  \r\n  \r\n和优秀的人一起工作\r\n  \r\n▍成员均毕业于国内名牌大学，均来自于一线互联网公司、500 强外企等，团队成员有 ACM 金牌得主。\r\n  \r\n  \r\n  \r\n---\r\n  \r\nTeam | 团队\r\n  \r\nCEO\r\n  \r\n清华大学计算机本硕连读，曾先先后任职于微软、阿里和腾讯，后加入某知名互联网公司核心创始团队，有过把企业从 0 到 1 的经验。\r\n  \r\n技术 VP\r\n  \r\n毕业于中科大计算机系，曾任百度高级架构师，百度网盘业务线技术负责人，后从事自然语言和人工智能相关的工作，是龙泉寺“贤二”机器人的开发者。\r\n  \r\n---\r\n  \r\nBenefits | 我们的福利\r\n  \r\n▍股权激励；\r\n  \r\n▍免费水果、饮料、午餐和晚餐；\r\n  \r\n▍免费健身；\r\n  \r\n▍不限量零食；\r\n  \r\n▍高逼格团建；\r\n  \r\n▍软、硬件都棒棒哒~\r\n  \r\n  \r\n  \r\n---\r\n  \r\nExpectation | 我们需要谁？\r\n  \r\n▍统招本科及以上学历；\r\n  \r\n▍可以独立开发支持百万级日活的各种功能；\r\n  \r\n▍良好的学习能力和团队合作精神。", "title": "[Pusic 北京] 招聘个性化推荐、大数据平台研发--和优秀的人做有挑战的事！", "reply": 1, "click": 1058, "user_id": 149196, "user_name": "imusicshr"}