{"id": 656072, "create_time": 1585121389, "create_datetime": "2020-03-25 15:29:49+08:00", "content": "职位：Java 开发工程师\r\n岗位职责：\r\n1 、负责数据中台产品微服务基础框架的搭建及需求的快速迭代；\r\n2 、参与需求调研，深入了解用户的需求，与产品、测试、运营团队沟通，负责营销场景产品的研发，为用户提供切实可行的解决方案；\r\n3 、对营销平台进行升级优化、解决目前系统中的高并发瓶颈；\r\n4 、具备大数据分析能力，能从大量的数据中找到优化产品和提升数据价值的方案。\r\n任职要求：\r\n1 、三年以上 Java 研发相关项目经验\r\n2 、大学本科及以上学历，计算机或相关专业，国内 985/211 和海外知名高校优先；\r\n3 、Java 基础扎实，理解 JVM 原理，有多线程、并发、大型在线系统开发经验的优先考虑；\r\n4 、熟悉主流开源应用框架，如 Spring 、Spring MVC 、iBatis 、velocity 、XML 、JSON 、Maven 等开发技术；\r\n5 、熟悉 MySQL 等关系型数据库，以及相应数据库调优、SQL 优化；\r\n6 、熟悉 linux 、nginx 、tomcat ；\r\n7 、有 MongoDB 、Redis 、elasticsearch 、hadoop 、hive 、pig 、hbase 、kafka 、python 经验者优先考虑；\r\n8 、有较强的自学能力和精益求精的钻研精神，思维严谨，高度责任心，具有高执行力，团队协作能力和沟通能力；善于思考有想法。\r\n\r\n工作地点：北辰世纪中心或者亦庄京东集团总部均可\r\n  \r\n简历请发至邮箱： gesc@jd.com", "title": "[社招急招] [团队直招] [京东] 技术与数据中台- Java 研发工程", "reply": 1, "click": 940, "user_id": 243549, "user_name": "LindaWang"}