{"id": 203646, "create_time": 1436161437, "create_datetime": "2015-07-06 13:43:57+08:00", "content": "web前端。待遇：12k-24k\r\n岗位职责： \r\n\r\n微指数大数据分析平台的产品开发工作，进行Web前端交互开发，配合后台开发，完成web应用数据展示及交互功能的开发实现； \r\n\r\n任职要求： \r\n1、精通HTML/CSS，对Web2.0标准和标签语义化有深入理解； \r\n2、精通Ajax、JavaScript、json等前端技术，熟悉JQuery、bootstrap等前端框架； \r\n3、熟悉移动端web开发，了解html5； \r\n4、对图表、表格的前端类库有比较熟悉的应用开发经验； \r\n5、熟悉前后端数据交互，最好熟悉backbone或angular 前端框架； \r\n6、对Web技术创新有浓厚兴趣, 对用户体验、交互操作流程有深入理解。\r\n当然，如果你认为这些都是浮云，你的技术可以hold住，那就来吧\r\n官网： http://www.weizhishu.com/\r\n简历投递：hr-media@weizhishu.com\r\n也可以在拉勾上搜：微指数，查看具体的招聘要求", "title": "招人啊！！！真的很急啊！！！", "reply": 7, "click": 1625, "user_id": 125747, "user_name": "shixiang001"}