{"id": 200816, "create_time": 1435131962, "create_datetime": "2015-06-24 15:46:02+08:00", "content": "几个来自五湖四海的年轻人，有眼光、有技术，聚在一起组成了一支精干的创业团队。 \r\n\r\n现在，公司的产品包括了二元期权等金融交易平台、智能软硬件开发等多个领域，不到十人的团队正在开展几千万美元的项目。也正因如此，需要大批人才加入我们的团队。 \r\n\r\n我们希望，有热情、有干劲的年轻人，跟我们一起干一场事业！！！ \r\n\r\n\r\n以下岗位待遇：每月15K-20K, 年底双薪，股权激励，过节费等等。根据能力，薪资上升无上限。 \r\n\r\n\r\n招聘视觉设计师（五名）： \r\n\r\n职位描述： \r\n\r\n1、负责互联网金融网站页面的视觉设计工作； \r\n2、根据功能规划和交互设计，确定平台基本色调，完成视觉风格定义和界面设计； \r\n3、参与产品规划和功能策略制定，从专业角度提供可行的视觉解决方案； \r\n4、根据公司整体定位和产品运营目标，输出相关具有特色的设计输出物； \r\n\r\n岗位要求： \r\n\r\n1、艺术设计或美术类相关专业，专业基础扎实，有相关工作经验者优先； \r\n2、具有良好的视觉设计能力，可以整体把握网站/APP设计的风格与结构，同时又能关注细设计； \r\n3、对交互设计有一定的认识，有结合项目创新设计表现的意识； \r\n4、熟练使用各种视觉设计软件； \r\n5、具有良好的逻辑思维能力，可以快速理解产品需求及交互原型； \r\n6、具有良好的沟通能力与团队合作精神，责任心强，富有工作激情。  \r\n\r\n\r\n有意者请联系：QQ 947081694\r\n\r\n欢迎加入！", "title": "[上海] 诚聘视觉设计师", "reply": 2, "click": 1875, "user_id": 120749, "user_name": "melodyouc"}