{"id": 657675, "create_time": 1585564328, "create_datetime": "2020-03-30 18:32:08+08:00", "content": "职位要求如下：\r\n校招或者工作三年以下的可以降低要求。简历或者咨询联系 liushuo#bytedance.com\r\n\r\n职位描述\r\n1 、负责今日头条、西瓜视频、小说、皮皮虾、飞聊、多闪等用户产品的 Web/Wap/Hybrid/小程序的前端开发工作；\r\n2 、负责提升研发和运营效率的通用组件、工具和平台的开发工作；\r\n3 、负责推动、优化前端基础架构、组件抽象，提升开发效率；\r\n4 、创造出极致的用户体验；\r\n职位要求\r\n1 、本科及以上学历，计算机、通信等相关专业；\r\n2 、熟练掌握 JavaScript 语言、ES6 规范、通信协议、网络等前端知识\r\n3 、实践应用 Angular / React / Vue 任意一种前端框架；熟练掌握 Webpack / Gulp / Grunt / FIS 等脚手架工具；\r\n4 、熟悉 Nodejs，了解 Express/KOA 等框架，有大型 Nodejs 应用或框架开发经验者优先；\r\n5 、熟悉 Web 前端技术，对符合 Web 标准的网站重构、网站性能提升等有丰富经验，有成功作品；\r\n6 、理解工程化思想，对构建和持续集成有一定认识；\r\n7 、此外，我们希望你是一位有潜力和热情的工程师：\r\na 、良好的设计和编码品味，热爱 Web 前端技术，有较强的学习能力，有强烈的求知欲、好奇心和进取心；\r\nb 、良好的技术敏感度和产品 sense，能及时关注和学习业界最新的前端技术，以技术反哺驱动业务；\r\nc 、良好的服务意识、责任心、较强的学习能力，优秀的团队沟通与协作能力。", "title": "[字节跳动][北京][深圳] 急招前端工程师 社招校招皆可", "reply": 0, "click": 738, "user_id": 187555, "user_name": "xmuliushuo"}