{"id": 507100, "create_time": 1542015524, "create_datetime": "2018-11-12 17:38:44+08:00", "content": "## 划重点：此篇为正经招聘帖，不是青岛美食番，请看完别忘记投简历噢\r\n\r\n望穿秋水在等你，对前端 FE 有兴趣的少年少女们，职位链接就在下方，我们一直在找你！\r\n\r\n简历请投至：\r\n* [前端开发工程师]( https://thenetcircle.com/cn/jobs-zh/frontend-developer-zh/)\r\n\r\n## 金秋十月我们在青岛\r\n![image-3]( https://i.v2ex.co/5Q8wv5pB.jpeg)\r\n\r\n## 吃不停\r\n传统青岛美食街——劈柴院，舶来美食街——台东商圈特色美食，自选海鲜市场——南山市场.....\r\n\r\n诸多美食你 pick 哪一款，选择困难的我们就 all pick 了。\r\n\r\n![image-3]( https://i.v2ex.co/2b6Phuog.jpeg)\r\n\r\n## 逛不停\r\n4 天满满行程的青岛之旅，除了正事儿吃吃吃吃之外我们还去了充溢文艺气息的大学路、踩过了金光灿灿的美丽沙滩、了解了青岛啤酒的前身今世、参观了留有殖民时期建筑八大关。\r\n\r\n![image-3]( https://i.v2ex.co/IfMYK1LD.jpeg)\r\n\r\n## 我司生活准则：工作高效、玩得尽兴、吃得开心\r\n\r\n以往 po 过的所有美食照片不过是沧海一粟，更有全新菜品等你来解锁。\r\n吃饱喝足，和我们一起玩儿吧，不论是动手的（学木工，酿果酒，做甜点）还是动脑的（ nasa game, eggcellent, video game) , 总有一款是你的心头好。还有别的 ideas ？快来告诉我必须都给你安排上。\r\n\r\n### **介绍我们公司的小视频噢，链接在下方，请戳** ↓↓↓↓↓↓↓↓↓↓↓↓↓↓↓↓↓↓↓↓↓↓↓↓↓↓\r\nhttp://v.youku.com/v_show/id_XMzQxNzkxNjI1Mg==.html\r\n\r\n\r\n## 找你！前端开发工程师\r\n\r\n### Hi 我们是人英网络\r\n\r\n人英网络致力于开发包括网站和手机应用在内的网络社交平台。我们正在找寻与公司契合的前端工程师人选。我们希望你能解决复杂的前端开发问题，有一定的设计及用户体验意识，同时希望你充满好奇心，学习能力强，心态开放，有很好的团队合作意识。你将有机会通过我们的项目，循序渐进地成长为前端大牛！\r\n\r\n### 你的工作职责：\r\n* 理清产品功能需求，评审设计，并向产品经理及视觉设计师共同给出建设性的建议；\r\n* 独立开发部分网站及 app 功能，包括日常研究；\r\n* 遵循项目前端约定及产品指导；\r\n* 测试自己的代码并保证质量，及时修复缺陷；\r\n* 与产品经理、设计师、其它前端及后端开发人员协同工作。\r\n\r\n### 理想型候选人：\r\n* 熟悉 JavaScript，拥有两年以上使用 JS 和前端架构的经验；\r\n* 了解 HTML5、CSS3 和前端设计模式；\r\n* 了解至少一种前端类库，如：React / Vue ；\r\n* 熟悉 Web 标准及跨浏览器兼容的解决方案\r\n* 了解版本控制系统，例如 Git ；\r\n* 运用流利的英语能力（听说读写）；\r\n* 适应多元文化工作环境，善于学习；\r\n* 适应在压力环境下工作。\r\n\r\n### 加分项：\r\n* 有使用 Linux 命令行的经验\r\n* 有使用 React Native 的经验\r\n\r\n### 作为一家与众不同的互联网公司，我们的特殊技能有：\r\n*  转正后第一年 16 天年假，之后每年多加两天，上限为 24 天；\r\n*  圣诞节额外带薪假期；\r\n*  弹性上班时间，早上 8 点到 10 点任意时间来即可；\r\n*  免费无限量自助餐饮；\r\n*  办公环境可与 Google 媲美；\r\n*  配备桌球和飞镖等以供休闲；\r\n*  年度公司及部门旅行；\r\n*  每月都有外出活动的机会，形式多样；\r\n*  每周四专人按摩，消除工作疲劳；\r\n*  中英文培训，提高沟通能力；\r\n*  配备藏书丰富的图书馆，帮助自我提升；\r\n*  每年的健康体检；\r\n*  健身费用补贴；\r\n*  全额缴纳五险一金；\r\n*  补充医疗保险。\r\n\r\n![image-3]( https://i.v2ex.co/WfFZbx0C.jpeg)\r\n\r\n## 关于简历回复：\r\n\r\n之前还有一些投递简历的小伙伴反应没有收到回复，其实每一封投入我们邮箱的简历（只要没有被判断为病毒）都会收到我们的自动回复，因为数量真的比较大，所以 HR 不能做到一一手工回复，望大家见谅！如果用邮箱投没有反应也可以试着通过官网或其他渠道投递噢，谢谢啦！\r\n\r\n### 联系方式：\r\n* 地址： 上海市普陀区宜昌路 751 号 E 仓创意园 C 区 7-14\r\n* 电话：021-51752778\r\n* 网址： https://thenetcircle.com/cn\r\n* 邮箱： jobs@thenetcircle.com\r\n\r\n### 社交平台：\r\n* 微博： http://weibo.com/thenetcircle\r\n* 微信： 人英网络（或 TheNetCircle ）\r\n* 领英： https://www.linkedin.com/company/the-netcircle\r\n* 脸书： https://www.facebook.com/TheNetCircle/\r\n* 推特： https://twitter.com/thenetcircle", "title": "[上海] 啤酒配海鲜，就让痛风来得更猛烈些！人英网络出去玩耍啦，@FE 年度最佳海吃海喝团等你来入伙！", "reply": 9, "click": 2323, "user_id": 51570, "user_name": "thenetcircle"}