{"id": 201790, "create_time": 1435497765, "create_datetime": "2015-06-28 21:22:45+08:00", "content": "#关于 云信 CreditCloud #\r\n\r\n云信 CreditCloud 成立于2013年4月，致力于为各类机构提供专业的互联网金融核心技术服务。公司专注于金融产品模型研发，创新性金融产品设计，线上金融产品交易平台搭建，以及后台的业务风控流程体系的咨询与实施业务。已于2014年获得顶级 VC 君联资本的数百万美金 A 轮融资。\r\n\r\n* 官网网站: creditcloud.com\r\n* 北京：海淀区知春路6号锦秋国际大厦 B 座404\r\n* 上海：斜土路359号1号楼\r\n\r\n\r\n#About More\r\n##* 关于团队 \r\n\r\n* 我们是靠谱的企业服务（to B）互联网公司，不用靠烧钱冲规模，盈利妥妥的，业务迅速健康成长才是我们的目标。\r\n* 我们提供金融产品和业务创新服务，挑战从未停止，一直走在业界最前端\r\n* 创始人陈忞毕业于清华大学，曾任摩根斯坦利资本国际（ MSCI ）的副总裁，多年的金融系统开发经验和金融业务，懂业务的程序员才是好 CEO\r\n* 技术驱动，浓郁的工程师文化，核心团队成员或既有专家金融业务和技术专家又有互联网前沿技术的能人，有极高的研发能力和实施效率，永远不用担心没有成长和发展空间\r\n* 我们互相尊重和信任，扁平化管理，充分的个人成长和发展空间\r\n\r\n##* 关于客户\r\n* 我们为数十家知名企业和金融机构提供创新业务咨询和实施服务，帮助他们迅速进军互联网金融，取得创行业记录的佳绩。\r\n* 客户包括：东方资产、凤凰卫视、中国民生投资集团、新希望集团、天风证券、新华保险、东方新华等\r\n\r\n##* 舒适自由的工作环境  \r\n* 顶级配置Mac开发环境（ME665+27寸高分显示器）  \r\n* 电竞座椅，24小时空调/热水，奋力净化过的空气，无限量供应的可乐、绿茶、咖啡\r\n* 办公室交通方便，上下班不打卡  \r\n\r\n##* 薪酬待遇\r\n* 实习补贴200元/天，欢迎通过实习争取全职岗位offer（别去拼校招啦，我们这儿来用实 \r\n力证明自己）  \r\n* 有竞争力的薪资+ 期权+社保+公积金+补充医疗, 年薪15W-35W用实力来争取\r\n\r\n  \r\n##* 应聘须知\r\n* 请仔细查看全职 JD 的基本要求，我们需要你用实力证明\r\n* 基础的扎实，优秀的学习能力\r\n* 很强的自我驱动能力，有想法敢尝试，快速迭代不断优化\r\n\r\n##* 心动不如行动 \r\n* 应聘请联系 hr AT creditcloud.com (请自行替换 AT)，并说明应聘岗位、应聘理由、目前状态和联系方式\r\n\r\n\r\n\r\n#最新招聘信息\r\n\r\n- ## Java 全栈开发工程师 === 技术研发 === 北京 / 上海\r\n\r\n  **技术和经验要求**\r\n\r\n  - 计算机科学或相关专业本科或者硕士学位，2 年以上 Java 开发经验\r\n  - 有扎实的编程功底，热爱编程\r\n  - 有良好的单元测试习惯\r\n  - 良好的沟通协作技能，能够与团队进行良好的沟通合作，按时保质保量完成开发任务\r\n\r\n  **加分项**\r\n\r\n  - 4 年以上 Java 开发经验\r\n  - 有 EJB 使用经验\r\n  - 熟悉 HTML、CSS、JS 编程\r\n  - 对互联网金融业务感兴趣\r\n\r\n\r\n- ## JavaScript 开发工程师 === 技术研发 === 北京 / 上海\r\n\r\n  **技术和经验要求**\r\n\r\n  - 你要真的懂 How To Make Love (HTML), 玩儿的转 CSS，熟悉 W3C 标准，经过你的调教，能搞定主流浏览器兼容问题\r\n  - 熟悉 JavaScript，熟悉主流的前端开发框架（AngularJS、Backbone.js、Ember.js 等）\r\n  - 掌握至少一种后端语言（Python、PHP、Java、Ruby 等），不一定有实战经验\r\n  - 会使用 Git 等工具，对 GitHub 不陌生\r\n  - 熟悉 Linux 环境，会使用命令行工具\r\n  - 另外，要有责任心和团队精神，懂合作（这听起来这很老套，但真的很重要），具备独立解决问题的能力和经验\r\n  - 除此之外，如果你还熟悉下面这些关键词就更好了：Grunt、CoffeeScript、Less、Jade、RequireJS、Sea.js、Node.js、React\r\n\r\n  **加分项**\r\n\r\n  - Linux 爱好者\r\n  - Apple 重度患者\r\n  - 有自己的开源作品或技术博客\r\n  - 对交互和设计有一定了解和践行\r\n\r\n\r\n- ## 测试工程师（QA） === 技术研发 === 北京\r\n\r\n  **工作内容**\r\n\r\n - 分析产品需求，制定合理高效的测试计划\r\n - 参与产品评审，能够快速了解需求，跟进项目\r\n - 根据项目需求和计划能够设计和编写测试用例\r\n - 执行测试用例，熟练运用JIRA提交和跟踪bug，并善于发现问题\r\n - 配合开发人员进行功能调试，以及突发事件的解决\r\n - 根据测试过程编写相关测试报告\r\n\r\n  **基本要求**\r\n\r\n - 本科以上学历\r\n - 有2年以上的WEB测试工作经验\r\n - 工作细心，耐心，有责任心，有较强的沟通能力和团队协作精神\r\n - 熟悉Java或python\r\n - 抗压能力强，富有激情，能胜任重复性的工作和能快速融入节奏的工作环境\r\n\r\n- ## 运维开发工程师 === 技术研发 === 北京/上海\r\n\r\n  **技术和经验要求**\r\n\r\n - 1年以上 Linux 运维经验\r\n - 熟悉 Mysql 数据库，有性能调优经验\r\n - 熟练使用至少一种至少一种脚本语言（Shell, Python, Perl）\r\n - 对新技术有兴趣，有强大的学习欲望和能力\r\n - 懂得团队协作，且有一定独立工作能力，易相处\r\n - \r\n  **加分项**\r\n\r\n - 熟悉 Splunk, Jenkins ,有相关使用经验\r\n - 有 JavaEE 开发经验\r\n - 有 SaaS 平台运维经验\r\n\r\n  - ## iOS 开发工程师 === 技术研发 === 北京\r\n\r\n  **技术和经验要求**\r\n\r\n  - 本科及以上学历，计算机相关专业、两年以上 iOS 工作经验；\r\n  - 扎实的 Objective-C/C 基础，以及熟练掌握 Cocoa Touch 框架;\r\n  - 熟练掌握 iOS SDK 中的 UI 、网络、数据库、XML / JSON 解析等开发技术；\r\n  - 对Singleton、MVC、Delegate、Observer、Factory等设计模式有自己的理解，并熟练使用；\r\n  - 熟悉多线程NSThread、GCD、NSOperation；\r\n  - 熟练使用开发过程中常用的第三方库；\r\n  - 熟悉Push消息推送机制及ARC内存管理机制；\r\n  - 良好的编程习惯，对数据结构，算法，内存管理有深入了解优先；\r\n  - 善于交流和表达，有责任感和服务意识，具有良好的团队合作精神。 \r\n\r\n  **加分项**\r\n\r\n  - 独立开发且有App Store上线成熟作品；\r\n  - 产品UI细节把控准确；\r\n  - 熟悉OS X开发；\r\n  - 熟悉Swift开发；\r\n  - Github等贡献过代码等。\r\n\r\n  - ## Android 开发工程师 === 技术研发 === 北京\r\n\r\n  **技术和经验要求**\r\n\r\n  - 2 年以上 Android 开发经验，熟悉 Android 软件的开发、测试、分发流程，有经历至少一个 Android App 设计到上线的过程\r\n  - 熟悉 Java 语言，熟悉虚拟机原理\r\n  - 擅长对 App 进行性能调优\r\n  - 能够独立主导进行项目开发\r\n  - 学习能力强，能独立思考并解决问题\r\n  - 对自己的作品有要求，有技术洁癖\r\n  - 懂得沟通和合作，有团队精神\r\n\r\n  **加分项**\r\n\r\n  - 真心热爱移动端开发，有自己的个人项目或者技术博客\r\n  - 熟悉移动网络通信机制，有网络编程经验者或 Java Server 端开发经验者\r\n  - 有一定界面或者交互设计基础者\r\n  - 对金融产品感兴趣，对理财产品有一定了解\r\n\r\n- ## 助理产品经理 === 商务运营 === 北京\r\n\r\n  **工作职责**\r\n\r\n  - 参与公司互联网金融平台基础产品的市场分析，需求调研，竞争分析，政策趋势研究\r\n  - 产品的规划设计，产品方案，政策趋势的研究\r\n  - 协调和管理产品的开发过程\r\n  - 支撑商务部门的市场以及业务拓展\r\n  - 分析产品运营数据，持续优化产品，提升客户满意度\r\n\r\n  **基本要求**\r\n\r\n  - 有 IT 产品设计及运营相关经验\r\n  - 热爱互联网，关注互联网的新事物和用户行为变化\r\n  - 优秀的定量分析能力和严密的逻辑思维\r\n  - 出色的语言、沟通、组织和协调能力\r\n  - 具有敏锐的市场意识、良好的运营思维和创新意识\r\n  - 熟悉国内外互联网金融发展现状\r\n  - 技术出身优先，熟悉 Java 开发者更优先", "title": "[北京/上海] CreditCloud 云信，召唤小伙伴一起实践金融产品和业务创新： Java 全栈/前端开发/移动端开发/测试等~年薪 15w-35w 拿实力来证明", "reply": 0, "click": 1681, "user_id": 41820, "user_name": "lynngeng"}