{"id": 831511, "create_time": 1643604620, "create_datetime": "2022-01-31 12:50:20+08:00", "content": "准备换工作的同学请看过来，Zoom 在招人中。薪资好，有股票激励！福利多，入职人手一台顶配 mbp ，12%的公积金，965 不加班！！！\r\n以下或 Boss 、拉勾上岗位可联系我帮内推，抓紧年后第一波 hc, 合肥、苏州、杭州都可：\r\n\r\n1. 系统架构师\r\n2. 微服务架构师\r\n3. Java 开发工程师(职位多)\r\n4. 云平台开发工程师\r\n5. Go 开发工程师\r\n6. Java 搜索中台开发工程师\r\n7. iOS 开发工程师\r\n8. Mac 开发工程师\r\n9. Android 开发工程师 \r\n10. Audio 应用开发工程师\r\n11. Linux C++服务端开发工程师\r\n12. Windows 客户端开发工程师\r\n13. C++跨平台开发工程师\r\n14. 安全工程师\r\n15. 软件测试工程师 (Server, Client 和 Web 都有)\r\n16. 测试开发工程师\r\n17. 用户体验设计师(UX)-需要英语口语好\r\n18. Build Engineer(持续集成工程师)\r\n19. Web 前端开发工程师\r\n\r\n#zoom\r\n\r\n为什么加入 Zoom ？\r\n- [ ] 真正的 965 WLB ！拒绝内卷！\r\n- [ ] 每周一天 homebase ，真心 YYDS\r\n- [ ] 技术氛围棒，全球化团队\r\n- [ ] 拒绝性别 年龄 学历歧视\r\n#zoom\r\n\r\n简历+职位+姓名 可以直接投递到我邮箱\r\nralph.zhang@zoom.us", "title": "[苏州][杭州][合肥]965 wlb zoom 年后招人了 大量 hc", "reply": 27, "click": 3488, "user_id": 324440, "user_name": "redhujiao"}