{"id": 497050, "create_time": 1539326553, "create_datetime": "2018-10-12 14:42:33+08:00", "content": "岗位职责:\r\n负责理财通金融产品接入，清算，零钱通，基金代销系统等系统架构设计，提高系统通用性，加快金融产品的接入，具有非常好的项目协调能力，驱动金融产品快速上线。\r\n \r\n岗位要求:（包含而不限于学历、工作年限、相关经验、技能等要求）\r\n 1、5 年以上金融交易、清结算系统的架构设计经验，熟悉金融产品（包括但不限于基金、券商、保险理财、银行理财、信托等）业务流程和交易结算规则；\r\n 2、具有良好的金融业务知识，并熟悉金融产品上线的全流程，并具有系统或流程优化经验；\r\n 熟悉 uml，熟悉常见设计模式，熟悉 LAMP 架构，有丰富基于 LAMP 架构开发分布式系统的经验；\r\n3、有金融系统开发经验或海量互联网系统的设计 /开发经验者或金融系统技术项目管理经验者优先。\r\n\r\n级别高，薪资灵活，有意者请加微信 13691030745", "title": "鹅厂金融系统架构师", "reply": 3, "click": 1590, "user_id": 343283, "user_name": "Ninawu0927"}