{"id": 831655, "create_time": 1643779934, "create_datetime": "2022-02-02 13:32:14+08:00", "content": "部门业务发展较快，产品规划清晰，大量招人，可以灵活办公区域，非远程办公。\r\n\r\n本人也是后端研发岗，符合岗位要求（上下）都会及时直接内推安排面试流程\r\n\r\n欢迎邮件: bGpwQHNhbmdmb3IuY29tLmNuCg==\r\n\r\nPS: 对福利感兴趣可以看邮件后缀信息了解公司，可以搜索一下，不差且福利好。\r\n\r\n### K8S 技术专家：\r\n\r\n1. 岗位描述：\r\n\r\n\r\n1 ）设计容器云产品的产品研发及技术规划，设计容器云产品的技术演进路线\r\n\r\n\r\n2 ）探索、研究业界最新的技术方向、开源技术产品、混合云、多云生态等；\r\n\r\n\r\n3 ）带领团队进行核心技术攻关，进行核心技术预研；\r\n\r\n\r\n2. 岗位要求\r\n\r\n\r\n1 ）本科及以上学历，计算机或相关专业，3 年以上容器、K8S 的开发、交付、运维工作经验；\r\n\r\n\r\n2 ）熟悉 K8S 开发，熟悉 CRD 、controller 、operator 开发，能独立基于 K8S 进行扩展；\r\n\r\n\r\n3 ）深入了解 IT 基础设施领域，如，linux 、计算机网络、虚拟化技术和架构，熟悉容器服务交付和云原生生态的最佳实践，对微服务架构有深刻理解。\r\n\r\n\r\n4 ）熟悉高并发、分布式，存储、领域驱动设计、微服务架构等相关技术。\r\n\r\n\r\n5 ）容器运行时、service mesh 或其他微服务治理工具至少熟悉一个；\r\n\r\n\r\n6 ）了解业务开发的需求和痛点，对业务实际中遇到的问题进行总结和抽象，并进行针对性技术攻坚；\r\n\r\n\r\n7 ）优秀的沟通，学习能力和自我管理的能力，心态沉着，积极，自驱力强，有好的团队协作精神\r\n\r\n补充：\r\n\r\n1 ）有 openstack 、kvm 、OVS 、SDN 、存储等开发经验的优先；\r\n\r\n\r\n2 ）具有 openshift 、rancher 等开源容器云开发经验的优先；\r\n\r\n\r\n3 ）有 springcloud 、istio 开发经验的优先；\r\n\r\n\r\n### 敏捷教练：\r\n\r\n1.岗位职责：\r\n\r\n\r\n1 ）负责容器云产品的敏捷项目管理；\r\n\r\n\r\n2 ）负责容器云产品的敏捷项目落地和敏捷化转型\r\n\r\n\r\n2.岗位描述：\r\n\r\n\r\n1 ）具备敏捷项目、瀑布项目的管理经验，具备项目集的管理能力；\r\n\r\n\r\n2 ）具备 devops 环境下的项目管理经验；\r\n\r\n\r\n3 ）能够制定项目计划，估算项目时间，识别项目风险，管理项目缺陷，能够协调项目各参与者达成项目目标；\r\n\r\n\r\n4 ）具备良好的团队协作能力，能够管理好项目相关方的预期；\r\n\r\n\r\n5 ）具备云计算和平台项目经验，具备计算机和云计算领域知识；\r\n\r\n\r\n### 虚拟化开发高级工程师：\r\n\r\n1. 岗位描述：\r\n\r\n\r\n1 ）负责容器云双引擎平台虚拟化的设计和开发；\r\n\r\n\r\n2 ）负责虚拟化平台性能、可靠性、稳定性的开发和维护；\r\n\r\n\r\n4. 岗位要求\r\n\r\n\r\n1 ）两年以上工作经验，熟悉 C/C++，python ，go ；\r\n\r\n\r\n2 ）熟悉 kvm-qemu 体系，熟悉 qemu 、llibvirt ，C 语言开发体系；\r\n\r\n\r\n3 ）熟悉计算机网络，存储，linux 系统和内核；\r\n\r\n\r\n3 ）良好的沟通和团队协助能力, 自我驱动强，有较强的学习能力\r\n\r\n补充：\r\n\r\n\r\n1 ）具备虚拟化和云计算经历的优先；\r\n\r\n### 容器云开发工程师：\r\n\r\n1. 岗位描述：\r\n\r\n\r\n1 ）负责容器云产品中日志、监控等常用组件的维护；\r\n\r\n\r\n2 ）负责容器云产品的功能研发，K8S 的二次开发；\r\n\r\n\r\n2. 岗位要求\r\n\r\n\r\n1 ）两年以上工作经验，熟练并掌握以下至少一种语言，Golang 、C/C++、python\r\n\r\n\r\n2 ）熟悉 EFK 、Prometheus 等常见的工具组件，具备调优、优化的能力；\r\n\r\n\r\n3 ）熟悉容器和 K8S 技术原理，具备 K8S 开发使用能力；\r\n\r\n\r\n4 ）良好的沟通和团队协助能力, 自我驱动强，有较强的学习能力\r\n\r\n\r\n补充：\r\n\r\n\r\n1 ）有云计算相关开发经验，具备 IaaS 、PaaS 开发经验优先；\r\n\r\n\r\n2 ）具备微服务开发经验的优先；\r\n\r\n\r\n### go 语言工程师\r\n\r\n岗位职责：\r\n\r\n\r\n1 ）负责 Kubernetes 集群的稳定性、安全、问题排查等；\r\n\r\n\r\n2 ）负责 Kubernetes 的二次开发及容器平台产品设计、开发；\r\n\r\n\r\n3 ）负责容器云产品研发，疑难问题的定位和分析，技术改进方案的制定和落地\r\n\r\n岗位要求\r\n\r\n\r\n1 ）两年以上工作经验，熟练并掌握以下至少一种语言，Golang 、C/C++、python\r\n\r\n\r\n2 ）熟悉 Linux 系统内核 cgroups 、namespace 等原理，具备丰富的 Linux 系统问题处理、优化经验者优先\r\n\r\n\r\n3 ）熟悉 Docker 相关的底层技术实现\r\n\r\n\r\n4 ）良好的沟通和团队协助能力, 自我驱动强，有较强的学习能力\r\n\r\n补充：\r\n\r\n\r\n1 ）熟悉 Kubernetes 生态、Operator 扩展开发，有实际落地经验者优先\r\n\r\n\r\n2 ）有基于 Istio 做微服务治理的项目经验优先考虑\r\n\r\n\r\n3 ）有 Openstack 开发经验，熟悉 KVM ，熟悉存储原理，熟悉 CDN 、OVS 的优先\r\n\r\n### linux 开发工程师：\r\n\r\n1. 岗位描述： \r\n\r\n\r\n1 ）负责容器云产品操作系统层面的开发； \r\n\r\n\r\n2 ）负责容器云产品 linux 下的功能开发；\r\n\r\n\r\n3 ）设计容器云的部署、在线升级、自动更新、自动化运维，稳定性、可靠性、性能的优化；\r\n\r\n2. 岗位要求 ;\r\n\r\n\r\n1 ）两年以上工作经验，熟悉 C/C++、GO 语言，熟悉 shell ，ansible ； \r\n\r\n\r\n2 ）精通 linux 操作系统，熟悉计算机网络，文件系统，熟悉 linux 下的性能调优； \r\n\r\n\r\n3 ）良好的沟通和团队协助能力, 自我驱动强，有较强的学习能力\r\n\r\n补充： \r\n\r\n\r\n1 ）具备虚拟化和云计算经历的优先 \r\n\r\n\r\n2 ）具备 linux 下大规模运维经历的优先；\r\n\r\n\r\n### 高级测试工程师：\r\n\r\n1.岗位描述：\r\n\r\n\r\n1 ）负责容器云产品线测试的管理、测试人员培养；\r\n\r\n\r\n2 ）负责容器云产品线测试人员在 devops 中的具体工作落地；\r\n\r\n2.岗位描述：\r\n\r\n\r\n1 ）熟悉软件的开发、测试和发布流程，熟悉 DevOps 流程；\r\n\r\n\r\n2 ）熟悉软件开发过程中的常用工具，例如 Jenkins 、Github 等；\r\n\r\n\r\n3 ）有云软件测试经验，具备团队管理经验；\r\n\r\n\r\n4 ）具有良好的沟通技巧，和推动问题解决的能力；\r\n\r\n\r\n### 安全研发工程师：\r\n\r\n1.岗位描述：\r\n\r\n\r\n1 ）跟踪和执行安全流程，包括但不限于代码审查和漏洞扫描、bug 响应，SDL 的落地；\r\n\r\n\r\n2 ）安全 bug 修复，安全问题分析和先修复；\r\n\r\n2.岗位要求：\r\n\r\n\r\n1 ）了解 golang 、容器、k8s ；\r\n\r\n\r\n2 ）了解 WEB 端的常见攻击；\r\n\r\n\r\n3 ）对网络安全拥有浓厚的兴趣，有创新精神、良好的学习心态，沟通能力好，责任心强。\r\n\r\n### 测试开发工程师：\r\n\r\n1.岗位描述：\r\n\r\n\r\n1 ）负责容器云产品自动化测试和自动化测试的开发；\r\n\r\n\r\n2 ）负责容器云产品公共工具和组件的开发；\r\n\r\n2.岗位要求\r\n\r\n\r\n1 ）熟悉 python 、go 等常用编程语言；\r\n\r\n\r\n2 ）熟悉 python 、unitest 、pytest 等自动化测试工具和框架；\r\n\r\n\r\n3 ）熟悉熟悉 shell 、ansible 、postman 等工具的使用；\r\n\r\n\r\n4 ）良好的沟通和团队协作能力；\r\n\r\n\r\n有感兴趣的岗位，欢迎自荐或推荐\r\n\r\n本人联系方式：\r\n\r\n邮箱: bGpwQHNhbmdmb3IuY29tLmNuCg==", "title": "[深圳、北京] 大量内推研发岗位，技术线路发展好，福利好，工程师氛围好", "reply": 8, "click": 1868, "user_id": 13865, "user_name": "junstrix"}