{"id": 825303, "create_time": 1640846759, "create_datetime": "2021-12-30 14:45:59+08:00", "content": "内容还是参考上个月的帖子： https://v2ex.com/t/813851\r\n\r\n已经成功的在 V 站招到 3 个坛友啦（居然还有校招的），开心！！ V 友们入职了都可以来找我面基啊，园区内部有喜茶、奈雪、%、星巴克等等随便你挑，请你喝到饱～\r\n\r\n继续招人呀，这里也可以回答各种咨询，支付宝工作、杭州生活、体验技术部相关的都可以～", "title": "[杭州] [支付宝] 体验技术部 - 招前端啦！ P5 - P7", "reply": 10, "click": 946, "user_id": 135817, "user_name": "Lothar"}