{"id": 658312, "create_time": 1585724275, "create_datetime": "2020-04-01 14:57:55+08:00", "content": "![https___s3-ap-northeast-1.amazonaws.com_psh-ex-ftnikkei-3937bb4_images_6_8_8_2_23242886-3-eng-GB_Cropped-15723443961366833.jpg]( https://i.loli.net/2020/04/01/4UnX3AIzhEf9ja5.jpg)\r\n\r\n### 概况\r\n\r\n- 抖音就不多介绍了，大家应该都很熟悉。\r\n- 更多职位可见：[字节跳动招聘官网]( https://job.bytedance.com/)\r\n- 简历请发 liutao.pm@bytedance.com\r\n- 建议邮件标题 [岗位]-[社招 /校招]-[地点]\r\n\r\n## 前端\r\n\r\n### 职位描述\r\n\r\n1. 岗位在北京、上海、深圳、杭州四地均有招聘。\r\n2. 负责抖音、抖音火山版、直播等产品 C 端前端研发，包括 Webapp 、ReactNative 、Hybrid 、运营活动等；\r\n3. 负责抖音、抖音火山版、直播等产品 PC 端前端研发，包括 MIS 后台、开放平台等；\r\n4. 探索新型高效前端开发模式；\r\n5. 创造出极致的用户体验。\r\n\r\n### 职位要求\r\n\r\n1. 计算机基础扎实，熟练掌握 Javascript 、CSS，熟练掌握各种布局；\r\n2. 熟悉一种 MVX （ React/Vue/Angular ）框架；\r\n3. 熟悉一种构建工具（ Webpack/FIS ）；\r\n4. 有良好的系统模块设计能力；\r\n5. 了解后端技术栈，熟悉一门后端语言（ Node/Python/GO 等），熟悉与后端的协作模式；\r\n6. 有跨端开发经验（ React Native/Weex/Flutter ）优先；\r\n7. 对大型网站架构有丰富经验者优先，有成功作品者优先。\r\n\r\n## 客户端\r\n\r\n### 职位描述\r\n\r\n1. 负责抖音短视频、抖音火山版、直播、Faceu 、轻颜、剪映等产品迭代改进及移动新产品的开发；\r\n2. 参与 APP 性能、体验优化及质量监控评估体系建设；\r\n3. 参与客户端基础组件及架构设计，推进研发效率；\r\n4. 参与 hybrid 容器搭建，插件、React Native 等动态技术调研。\r\n\r\n### 职位要求\r\n1. 本科及以上学历，计算机相关专业；\r\n2. 热爱计算机科学和互联网技术，对移动产品有浓厚兴趣；\r\n3. 扎实的数据结构和算法基础；精通至少一门编程语言，包括但不限于：Java 、Objective-C 、Swift 、C 、C++；\r\n4. 关注用户体验，能够积极把技术转化到用户体验改进上；\r\n5. 对新技术保持热情，具备良好的分析、解决问题的能力。\r\n\r\n## 后端\r\n\r\n### 职位描述\r\n\r\n1. 参与抖音、抖音火山版、直播、Faceu 、轻颜、剪映等核心产品的开发、迭代；\r\n2. 参与系统架构设计、优化，提升系统性能和开发效率，保证高并发高可靠；\r\n3. 通过不断的技术研究和创新，推动业务的快速发展和高效迭代。\r\n\r\n### 职位要求\r\n\r\n1. 有扎实的编程能力，有优秀的设计能力和代码品位，热爱编程；\r\n2. 深刻理解计算机原理，有良好的数据结构和算法基础；\r\n3. 有高并发服务设计和实现经验，对分布式系统有自己的理解；\r\n4. 对软件产品有强烈的责任心，具备良好的沟通能力和优秀的团队协作能力。\r\n\r\n### 其他\r\n\r\n- 更多职位可见：[字节跳动招聘官网]( https://job.bytedance.com/)\r\n- 简历请发 liutao.pm@bytedance.com\r\n- 建议邮件标题 [岗位]-[社招 /校招]-[地点]", "title": "[北上杭深] 抖音招聘前端、客户端、后端开发工程师", "reply": 1, "click": 2358, "user_id": 375721, "user_name": "yikejiucai"}