{"id": 834699, "create_time": 1645148751, "create_datetime": "2022-02-18 09:45:51+08:00", "content": "CTW 株式会社成立于 2013 年，是一个快速成长的互联网创业公司。2017 年发布了 G123.jp 这个基于 HTML5 的 IP 游戏互动平台，公司业务涵盖游戏的本地化 /运营 /宣发等多个领域；便捷快速的体验方式以及较高质量的内容，使得该平台得到了迅速成长，现在平台会员数已突破 5000 万人次。\r\n  \r\n具体福利请移步往期宣传： https://www.v2ex.com/t/733828\r\n\r\n  现公司团队规模持续扩大中，总人数已经过百；技术团队已从去年夏天（ 2021 年 7 月）的 14 人，增长到现在（ 2022 年 2 月）的 30 人；计划到年底（ 2022 年 12 月）要增加到 100 人。\r\n  规模扩大后需要对应的开发内容，除了现有 g123.jp 平台日语版本（面向日本市场）的功能扩张之外，还有平台英语版本（面向非日本市场，主要是北美和欧洲市场，已上线）的开发。\r\n  \r\n技术栈\r\n- Infra: AWS 、Kubernetes 、MySql 、Redis 、Alicloud 、GCP\r\n- Backend: Java 、SpringBoot 、Node.js 、Golang\r\n- Frontend: TypeScript 、React.js 、Vue.js 、PWA\r\n- Data: Python, AB test, Optimization, Recommender Systems, Sagemaker,  Tableau, Selenium\r\n\r\n面试流程\r\n- Online 人事面谈 15-30 min\r\n- Online Tech 1 面 30-90 min\r\n- Online Tech 2 面 30-90 min\r\n- Online CTO 面 30 min\r\n\r\n入职流程\r\n- 在日本国境开放前，支持远程入职\r\n- 日本国境开放并拿到入境许可之后，尽快来办公室入职\r\n- 公司赞不开放纯远程合约\r\n\r\n具体岗位请移步公司主页: https://careers.ctw.inc/\r\n简历发送至(请备注是 v2ex): hr@ctw.inc\r\n\r\n几个比较吸引人的地方：\r\n- 纯华人技术团队\r\n- 技术栈中使用的各种技术几乎都是最新的稳定版本\r\n- 用户量和用户直接产生的数据量很大\r\n- 产品迭代和技术迭代都很快\r\n- 人肉翻墙；不加班\r\n\r\n具体福利请移步往期宣传： https://www.v2ex.com/t/733828", "title": "[日本东京][CTW]招开发/运维/产品，团队持续扩大中；新办公室已经租好，就缺你了。", "reply": 82, "click": 0, "user_id": 549709, "user_name": "Banzhang"}