{"id": 654848, "create_time": 1584770008, "create_datetime": "2020-03-21 13:53:28+08:00", "content": "**我们是阿里巴巴新零售业务少有的实现盈利的团队。**\r\n\r\n最近，实习招聘陆续展开，我们决定改变一下形式。\r\n\r\n言简意赅，我们希望找几个徒弟，带着大家快速成长，而不只是短短两三个月的实习。\r\n\r\n## 你只需满足以下条件：\r\n\r\n1 ）海内外院校 2021 届毕业生（毕业时间：2020 年 11 月 - 2021 年 10 月） --- 首先你得来阿里和我们一起工作\r\n\r\n2 ）有志于从事后端、无线端、前端、测试等工作 --- 这些方向我们都能覆盖\r\n\r\n3 ）基础扎实、聪明好学 --- 我们最看重的特质\r\n\r\n## 我们在做什么：\r\n\r\n1 ）天猫优品：线上线下一体，数字化门店 --- 淘宝或地图搜索：天猫优品\r\n\r\n2 ）淘花：数字营销，社交导购 --- 2020 年新开拓业务，机遇和挑战并存\r\n\r\n3 ）数字乡村：乡村振兴数字引擎 --- 阿里巴巴乡村战略执行者\r\n\r\n## 为什么找我们：\r\n\r\n1 ）我们希望不只是帮大家内推，还希望能帮助大家更顺利地拿到 Offer，提供面试全程跟踪和思路辅导\r\n\r\n2 ）我们不只是让大家来打打杂，希望能帮助大家养成良好的思维习惯，以及扎实的技术功底\r\n\r\n## 联系：\r\n\r\n如果情投意合，大胆联系师兄吧！ WeChat：ho_race\r\n\r\n对面试有困惑的同学，也可以交流哈，希望对大家有帮助。", "title": "[阿里实习] 一群阿里师兄想找几个徒弟，不只是实习，一起成长！", "reply": 4, "click": 1606, "user_id": 300882, "user_name": "Vohkees"}