{"id": 363743, "create_time": 1495694334, "create_datetime": "2017-05-25 14:38:54+08:00", "content": "岗位职责：  \r\n1、利用 Java 技术构建 Restful 的 Web Service ；  \r\n2、利用分布式储存技术，例如：Redis, MySQL, SSH/SSI/Spring MVC 等，为项目提供高性能的接口服务；  \r\n3、负责接口代码的日常优化和代码 review code ；  \r\n4、参与系统架构设计和优化；  \r\n5、沟通并明确需求，根据需求完成模块功能的设计、开发工作；  \r\n6、熟悉业务，分析和发现系统的优化点，负责推动产品性能和优化，不断创新；  \r\n7、重点项目的技术支持，平日技术难点攻关。  \r\n \r\n任职要求：  \r\n1、本科及以上学历；  \r\n2、精通 Java 基础，至少三年以上的 Java 开发经验；  \r\n3、良好的学习自驱力，能独立学习，能独立发现问题，喜欢学习并运用新技术；  \r\n4、乐于与人交流和讨论，主导或者参加过开源项目或对此有兴趣；  \r\n5、精通 Struts, Spring, Hibernate, MyBatis 等主流开发框架；  \r\n6、熟悉 MySQL 数据库系统及其相关应用开发，熟悉使用 SQL 和优化；  \r\n7、熟悉 Memcache, Redis, Mongdb 等 NOSQL ；  \r\n8、熟悉大并发，分布式，多线程及高性能的设计与编码及性能调优；  \r\n9、熟练 Linux/Unix 服务器环境下部署和性能调优；  \r\n10、熟悉 JavaScript, Ajax, CSS3, HTML5, XML。  \r\n\r\n薪资范围：10-15K  \r\n\r\n工作地址：杭州市西湖区学院路 50 号 609 室  \r\n\r\n联系方式： ouyangqifeng@fhdream.com", "title": "[杭州] 凤翮正道文化发展有限公司 Java 后端招聘", "reply": 3, "click": 1066, "user_id": 85751, "user_name": "54yinhang"}