{"id": 496732, "create_time": 1539242752, "create_datetime": "2018-10-11 15:25:52+08:00", "content": "**有兴趣的朋友可以将简历发送到 [yangzhongjing@meituan.com](mailto:yangzhongjing@meituan.com) ，谢谢！**\r\n\r\n**基础研发平台**是 CTO 直属事业部，平台秉承 “服务，运营与专业” 的理念，通过数据、技术与基础服务支撑美团点评的所有业务，致力于建设最强大的基础平台，助力于业务高速发展。我们的使命是：“ CODE A BETTER LIFE ”。\r\n\r\n**前端技术中心**，支撑了基础研发平台下的安全、架构、数据、AI 等部门，业务方向包括：各种基础架构研发（ SDK ）、数据可视化平台、Node 服务中间件，工程效率工具等。业务的复杂多样性也给模型合理性、架构扩展性、系统稳定性、数据可视化等带来很大的挑战。\r\n\r\n* 在这里，有复杂的架构设计和算法逻辑的实现。\r\n* 有承接面对亿级的数据分析场景。\r\n* 有每天梳理处理 PB 级的数据平台的业务拓展，并致力于呈现多样且强大的前端逻辑与交互。\r\n* 这里更有浓烈的技术氛围、广阔的成长空间以及业内具有竞争力的待遇。\r\n* 在这里你可以和一群 geek 工程师一起解决技术难题，一起成长，一起体验激情创造的过程。\r\n\r\n\r\n目前我们主要用到的技术栈包括但不限于：\r\n\r\n*   React 全家桶\r\n*   Vue 全家桶\r\n*   TypeScript\r\n*   ES 6/7\r\n*   Node.js\r\n\r\n**下面是正式的 JD，如果有其他疑问可留言或邮件咨询**\r\n\r\n## 前端工程师 / 高级前端工程师 （对标阿里 P6，百度 T5 以上，薪资 open ）\r\n\r\n### 前端工程师  \r\n\r\n#### 工作职责：  \r\n    \r\n1. 负责公司平台产品的基础架构的设计与实现  \r\n2. 优化 Web 前端性能，研究前端新技术  \r\n3. 开发、维护、扩展前端代码框架，不断提升前端产品体验\r\n\r\n#### 职位要求：  \r\n1. 大学本科及以上相关计算机专业毕业，3 年以上前端开发经验  \r\n2. 熟悉各种 Web 前端技术（ HTML/CSS/Javascript 等)，熟练跨浏览器、跨终端的开发 \r\n3. 熟悉前端性能优化，熟练使用各种调试抓包工具，能独立分析、解决和归纳问题  \r\n4. 熟悉前端 MVVM 架构（ Vue.js 或 React.js ） 2 年以上开发经验者优先  \r\n5. 熟悉 Gulp，Webpack 等前端构建工具  \r\n6. 熟悉 Git，理解 Git 流，并有良好的代码开发习惯   \r\n7. 熟悉 ECharts、D3.js 、Highcharts 等可视化组件库开发优先（可视化方向选项）\r\n8. 较好的问题解决能力、沟通能力及学习能力，能反馈并主动 Push 项目问题的解决  \r\n9. 较好的团队精神，善于技术沉淀、技术分享、技术创新\r\n\r\n#### 加分项  \r\n\r\n1. 熟悉 Node.js 语言  \r\n2. 有开源作品或技术博客  \r\n3. 技术社区活跃分子  \r\n4. GitHub 上有独立作品  \r\n5. Geek 控，对技术有狂热兴趣和追求  \r\n\r\n### 高级前端工程师  \r\n\r\n#### 工作职责：  \r\n1. 负责 Web 前端架构设计及核心代码的实现  \r\n2. 分析和发现系统中的可优化点，提高可靠性和性能  \r\n3. 常用的 Javascript 模块封装和性能优化，更新和维护公司前端开发组件库  \r\n4. 研究业界最新技术及其应用，解决创新研发过程中的关键问题和技术难点\r\n\r\n#### 职位要求：  \r\n1. 大学本科及以上相关计算机专业毕业，4 年以上前端开发经验  \r\n2. 精通 Javascript、H5、Sass/Less/PostCSS 和 HTML 前端模板引擎  \r\n3. 熟悉 ECMAScript, CommonJS, Promise 等标准, 熟练使用 Git  \r\n4. 精通面向对象的 Javascript 开发，有开发过 JS 框架或公共组件开发经验  \r\n5. 熟悉使用 Vue.js 或 React.js 框架，并研究过其源码实现  \r\n6. 对 Javascript 引擎实现机制、浏览器渲染性能有比较深入的研究  \r\n7. 熟悉 ECharts、D3.js 、Highcharts 等可视化组件库开发优先（可视化方向选项）\r\n8. 熟悉 Gulp，Webpack 等前端构建工具  \r\n9. 有大型网站前端架构、前端性能、可访问性、可维护性等方面的实践经验优先；\r\n9. 较好的问题解决能力、沟通能力及学习能力，能反馈并主动 Push 项目问题的解决  \r\n10. 技术视野广阔，有主导前端技术方案设计的能力和经验；\r\n10. 较好的团队精神，善于技术沉淀、技术分享、技术创新\r\n\r\n#### 加分项  \r\n\r\n1. 熟悉 Node.js 语言  \r\n2. 有开源作品或技术博客  \r\n3. 技术社区活跃分子  \r\n4. GitHub 上有独立作品  \r\n5. Geek 控，对技术有狂热兴趣和追求  \r\n\r\n### 其他\r\n\r\n*   我们会为你提供业界足够竞争力的薪资，15 寸 rmbp + 27 寸显示器，工学椅（需排队），补充医疗，健身房，真弹性工作，美好的周末和充足的个人技术成长。\r\n*   如果你足够牛逼，职位要求里的一些内容可以基本忽略。\r\n*   美团目前正高速发展中，如果你有兴趣，十分欢迎你来和我们一起聊聊。", "title": "[北京社招 -- 美团网基础研发平台前端技术中心] 前端工程师 [20K ~ 50K]", "reply": 0, "click": 1012, "user_id": 49950, "user_name": "yangzj1992"}