{"id": 357011, "create_time": 1493020709, "create_datetime": "2017-04-24 15:58:29+08:00", "content": "## 关于公司\r\n\r\n**妙盈科技**是一家位于上海的大数据与 SaaS 创业公司，致力于打造财富管理智能操作系统， 客户群体为专业理财顾问、私人银行和家族办公室。妙盈竭诚帮助客户更高效地管理高净值人群的复杂资产。 公司已获得由真格基金领投，国内外多国家著名 VC 跟投的种子轮投资，并全面开始在全球布局。创始团队有深厚的金融和互联网背景，过去任职各跨国领导企业，包括渣打银行， LinkedIn ，甲骨文， Airbnb ，德勤等。\r\n\r\n公司网站：[https://www.mioying.com]( https://www.mioying.com)\r\n\r\n## 首席前端工程师\r\n- 性质 | 全职 \r\n- 薪水 | 28 - 32 万\r\n- 学历 | 本科及以上计算机或相关专业 \r\n\r\n职位描述：\r\n\r\n* 全权负责核心 Web 前端产品开发，分析、设计与实现相关项目需求 \r\n* 跨部门合作, 深度参与产品需求讨论, 功能定义等 \r\n* 按照产品计划提交高质量的代码，保证代码的健壮性、可读性、易维护性 \r\n* 定期对项目质量、进度进行评估，确保开发周期可控 \r\n* 指导并带领初级工程师共同完成研发任务 \r\n\r\n职位要求：\r\n\r\n* 3 年以上前端开发经验，精通前端开发平台及框架原理 Javascript 、 HTML 、 CSS \r\n* 熟悉 React 或 Angular 相关 Javascript 框架，对 Javascript 性能优化、兼容性、安全性有丰富的经验 \r\n* 有完整的网页开发经验，至少参加过一个完整的商业级网站开发项目\r\n* 学习能力强，有说服力，更有对产品的主人翁意识 \r\n* 想用科技改变财富管理的模式，愿意接受有风险却更有回报的挑战\r\n\r\n\r\n## UX/UI Designer\r\n\r\n- 性质 | 全职 \r\n- 薪水 | 12 - 25 万 \r\n- 学历 | 本科及以上交互设计或相关专业 \r\n\r\n职位描述：\r\n\r\n* 负责核心 Web 前端及 iOS 端产品设计及用户体验\r\n* 跨部门合作，深度参与产品需求讨论，功能定义等\r\n* 按照产品计划制作高质量的效果图，交互图，并参与产品文档的撰写\r\n* 参与公司品牌，产品等全方位的设计蓝图\r\n\r\n职位要求：\r\n\r\n* 熟悉 Bohemian Sketch, Adobe Creative Suite 等软件的应用\r\n* 思维活跃，敢于大胆提出创新想法\r\n* 有一定 iOS ， Android 及网页界面设计经验，参加过商业级网页及 App 开发项目者优先\r\n* 学习能力强，有说服力，更有对产品的主人翁意识\r\n* 用科技和设计改变财富管理的模式，相信财富管理也可以很酷！\r\n\r\n## 公司福利\r\n\r\n1. 办公室位于市中心， 2 、 12 、 13 号线南京西路站\r\n2. 大公司同等的薪资福利以及公司期权\r\n3. 除社保之外，额外的医疗商业保险\r\n4. 公司提供午餐、咖啡、饮料、零食、水果\r\n5. 员工标配 MacBook Pro ，国际化设计风格的办公环境\r\n6. 全年多次 outing 和聚餐，节日礼物\r\n7. 公司拥有一群国际金融和互联网背景的年轻小伙伴\r\n\r\n## 联系我们\r\n\r\n有兴趣的朋友请将简历发送至： jessie.chen@mioying.com\r\n\r\n（邮件标题：姓名 – 职位 – V2EX ）\r\n\r\n![]( https://ooo.0o0.ooo/2017/04/24/58fdae15ee5ec.jpeg)\r\n![]( https://ooo.0o0.ooo/2017/04/24/58fdae15d9520.jpg)", "title": "[上海] 妙盈科技 - 最酷 Fintech 团队招聘 Tech Team", "reply": 8, "click": 6493, "user_id": 226807, "user_name": "mioying"}