{"id": 664135, "create_time": 1587345567, "create_datetime": "2020-04-20 09:19:27+08:00", "content": "快手杭州业务大力发展，缺少较多客户端，Android/iOS/Flutter，还有测试工程师，有兴趣加我微信聊。\r\n\r\n1.在线 JD： https://zhaopin.kuaishou.cn/recruit/e/#/official/social/\r\n\r\n2.杭州办公区地点：西湖区德力西和黄龙万科 B 座\r\n\r\n3.相关业务：快手商业化和广告\r\n\r\n4.薪资待遇：Boss 直聘可以搜索，16 薪起+房补+三餐\r\n\r\n5.基本要求：第一学历为统招本科(请理解，HR 要求)。\r\n\r\n有兴趣加我微信，我帮你内推，可答疑，也可提供相关面试建议。\r\n\r\n微信：437806668，麻烦备注姓名，方便后续跟踪进度。", "title": "[北京 & 杭州 & 深圳 & 上海] 快手 移动端(Android /iOS/Flutter)、测试 ，靠谱研发在线内推", "reply": 1, "click": 860, "user_id": 161671, "user_name": "allencode"}