{"id": 204678, "create_time": 1436495920, "create_datetime": "2015-07-10 10:38:40+08:00", "content": "共享经济大热的互联网时代，杭州脆饼旅行致力于汇聚全球热门旅行目的地的本地达人（我们称为发现者），旅行者通过我们可以享受当地最地道最个性的深度游服务！脆饼旅行为旅行者、发现者建立信用体系和安全机制，保障旅行体验。我们的使命是，多一个朋友，多一种生活。\r\n我们是一个爱挑战，有追求，高质量的优秀团队，也是一个爱生活，有热情的温暖集体，如果你需要一个能发挥能力，一起成功的机会，那还等什么，快点砸来你的简历吧！\r\n\r\n产品设计师\r\n\r\n职位描述：\r\n脆饼旅行现有产品持续迭代和优化\r\n\r\n职位要求：\r\n◆2 年以上产品设计师、交互设计师或产品经理的工作经验\r\n◆具备较强的需求规划和交互设计能力，能独立完成产品设计\r\n◆善于通过数据驱动设计，并进一步改善产品体验\r\n◆具备一定项目管理能力，熟悉无线产品研发流程和技术细节\r\n◆善于协调开发资源，并快速推进产品迭代\r\n\r\n符合以下任一条件者优先：\r\n◆具备视觉设计能力者优先，如有相关作品，请随简历一起投递\r\n◆有无线产品项目经验者优先，原生 App 或 H5 应用均可\r\n◆具备旅游、旅行、电商、支付行业相关工作经验\r\n◆有保持更新的公众号或个人博客，请在简历中附注\r\n\r\n\r\n\r\n\r\n产品设计师（应届毕业或实习）\r\n\r\n职位描述：\r\n脆饼旅行现有产品持续迭代和优化\r\n\r\n职位要求：\r\n专业不限\r\n成绩不限\r\n\r\n\r\n\r\n网络推广专员\r\n\r\n职位描述：\r\n◆负责脆饼旅行 App 产品在各大软件下载平台、苹果商店、安卓应用市场等各类渠道的发布、管理工作\r\n◆负责各种发布渠道的数据监控和反馈跟踪，对数据进行分析，及时调整发布策略优化排名提高下载量\r\n◆负责与各大热门 App、广告平台和应用市场等进行资源合作，整合各类线上、线下渠道和资源进行 App 推广，实现下载量、激活量等目标\r\n◆负责产品上线推广及活动的宣传文案撰写，进行事件营销、口碑营销等推广方案的策划和组织执行\r\n熟悉 SEM 和 SEO 的推广原理，拓展行业内有价值的营销渠道资源，建立和维护资源合作伙伴关系。\r\n\r\n职位要求：\r\n◆熟悉各大软件下载平台、苹果商店、安卓应用市场的 App 推广工作\r\n◆熟悉 iOS 和 Android 平台及 App 产品，对 App 的推广和运营有自己的认识\r\n◆具备良好的理解、表达和沟通的能力，以及较强的逻辑思维、调研及分析能力\r\n◆具有良好的集体意识和团队协作精神，勤奋踏实，积极主动，有责任心，学习能力强\r\n\r\n\r\n\r\n运营专员\r\n\r\n职位描述：\r\n◆负责本地发现者的日常运营，协助本地发现者提升服务能力，帮助其达成运营目标\r\n◆负责本地发现者的调研和意见反馈，为运营方向提供决策依据\r\n◆负责挖掘和分析本地发现者的特征以及消费者需求\r\n\r\n职位要求：\r\n◆2 年以上电商平台（淘宝/天猫/京东等）或电商大卖家的运营经验\r\n◆活动策划功底扎实，了解活动、广告的相关流程和原理\r\n◆熟悉微信、微博等社交网络的特性\r\n\r\n\r\n你有能力和魄力，我们就愿提供机会和平台，薪资面议，有意向者请投简历至hr@cuitrip.com", "title": "[杭州] 脆饼旅行诚聘产品设计师/网络推广专员/运营专员", "reply": 1, "click": 1685, "user_id": 126145, "user_name": "cuitrip"}