{"id": 199542, "create_time": 1434606303, "create_datetime": "2015-06-18 13:45:03+08:00", "content": "完美世界招聘爱玩游戏，想制作游戏的未来游戏人，具体的招聘要求如下:\r\n\r\n招聘要求:\r\n1)客户端程序\r\n计算机及相关专业本科以上学历\r\n熟悉C++语言\r\n喜欢图形学\r\n喜欢游戏\r\n具有较强的学习能力、解决问题能力\r\n具有良好的团队合作精神，积极主动，能承受高强度工作压力\r\n\r\n2) 服务器端程序\r\n计算机及相关专业本科以上学历\r\n熟悉C++或者Java语言\r\n了解Linux环境下的编程环境，了解网络编程和数据库知识\r\n喜欢游戏\r\n具有较强的学习能力、解决问题能力\r\n具有良好的团队合作精神，积极主动，能承受高强度工作压力\r\n\r\n薪酬: 12-20K\r\n联系方式： lianshuming01330@pwrd.com(邮箱)", "title": "[完美世界][北京] 招聘爱玩游戏的游戏开发人(客户端+服务器)", "reply": 10, "click": 2529, "user_id": 117622, "user_name": "liansm"}