{"id": 496616, "create_time": 1539226857, "create_datetime": "2018-10-11 11:00:57+08:00", "content": "#本次内推岗位：高级前端工程师、Java 高级开发工程师、高级 PHP 工程师\r\n----\r\n**内推简历请发送至**: **uccent@sina.com**  \r\n**我的微信**：**weceshi123**  \r\n**前端**：  \r\n职位描述：  \r\n1、依据产品需求完成高质量的 Web 前端开发和维护；  \r\n2、对具体的产品进行性能优化，实现极致的 Web 加载、执行和渲染时间；  \r\n3、在理解前端开发流程的基础上，结合前端实际建立或优化提升工作效率的工具；  \r\n4、在理解产品业务的基础上，结合前端技术建立或优化 Web 的交互方式。  \r\n\r\n任职条件：  \r\n1、具备 2-5 年以上互联网 web 前端研发经验；  \r\n2、熟练使用如下框架中的两种或以上：Vue / AngularJS / React / jQuery 等；  \r\n3、熟悉 Webpack / Gulp / Grunt 其中的开发 /打包工具；  \r\n4、熟练使用 GIT 来作为代码版本管理；  \r\n5、熟练使用 Vue、AngularJS 框架，有移动端响应式开发经验的优先；  \r\n6、有小程序开发经验优先；  \r\n\r\n加分项：  \r\n1、参与 Github 的开源项目或者经常保持 Blog 更新 /分享；  \r\n2、熟悉或者精通一门后端语言；  \r\n3、有完整的产品开发经验；  \r\n4、ES6 重度使用者，有代码洁癖。  \r\n\r\n**JAVA**：   \r\n职位描述：  \r\n1、独立完成中小型项目的系统分析、设计，核心功能的设计与代码模板编写，开发与维护系统核心模块；  \r\n2、参与产品讨论，理解业务，识别需求，参与架构、系统、可行性分析设计等多领域项目的相关技术的实践、应用和研发；  \r\n3、参与产品线系统的规划设计以及技术发展计划，参与丁香园统一的后端技术架构规划和设计；  \r\n4、参与公司产品项目的架构评审，预研和评估新技术，做公司内部的技术培训和推广工作；  \r\n5、参与书写技术文档和制定开发规范，审核开发人员的系统设计和代码质量。  \r\n\r\n任职条件：  \r\n1、Java 编程基础扎实，有良好的架构和设计能力、学习能力，在 Github 上有开源项目者优先；  \r\n2、3~5 年以上 Web/Restful Web Service 开发经验，精通 Spring/Hibernate/Mybatis 等 Java 开源框架；  \r\n3、有 MySQL/MongoDB 等关系 NoSQL 数据库使用开发经验，有 Redis/MC 等高速缓存使用开发经验，掌握数据库设计和优化知识  \r\n4、熟悉数据库建模工具，数据库 ER、UML 等设计语言  \r\n5、从事过大规模 Web 应用开发，熟悉代码重构，性能优化，系统安全；  \r\n6、有相关的分布式系统开发、微服务框架经验者优先。  \r\n\r\n**PHP**：  \r\n职位描述：  \r\n1、负责产品级网站项目需求分析、系统设计、核心模块编码并撰写相关开发文档；  \r\n2、分析改进系统架构，增强系统稳定性与安全性并提高其实际性能；  \r\n3、与其他部门需求人员进行沟通。    \r\n\r\n任职条件：  \r\n1、计算机相关专业，学历不限，3 年以上一线开发经验；  \r\n2、熟练掌握业务分析方法，能独立进行 DB 结构设计、查询性能优化；  \r\n3、熟悉缓存策略应用，Redis、Memcache、TT 其中之一均可，有实际的项目应用实践；  \r\n4、熟悉主流开发框架，如 ThinkPHP、Zend Framework、Yii 之一；  \r\n5、熟悉 OOP 编程思想、数据结构、MVC 等常用设计模式，有实际的模块 /程序设计经验；  \r\n6、熟练使用 SVN、Git、Hg 等版本管理工具之一，具有良好的团队协作开发意识；  \r\n7、具备良好的编码习惯、文档习惯、清晰的结构与注释；  \r\n8、具有严谨的逻辑思维分析能力，惯于最优化的编程思想；  \r\n9、熟悉 Linux 常用命令及开发环境，能直接在 Linux 环境下配置、开发。    \r\n\r\n优先条件：  \r\n1、熟悉 MongoDB、NodeJS、Python、Perl、Java 中其一并能实践应用；  \r\n2、熟悉相关的技术原理、规范、标准，热爱技术、喜欢研究底层；  \r\n3、了解国内外常用开源产品 /项目，如：Drupal、Joomla、WordPress、Discuz 等；  \r\n4、有高并发、大流量网站开发经验者优先。  \r\n\r\n----\r\n**另有消息称，在这里公司为竭力帮你访问 Google，是不是很棒**  \r\n另有大量职位招聘：  \r\nhttps://app.mokahr.com/recommendation-apply/dxy  \r\n欢迎小伙伴稍扰", "title": "[杭州] [D 轮独角兽] [丁香园] 认真做内推，消息及时反馈（前端开发 + PHP 开发 + Java 开发）！团队氛围轻松，老板平易近人，关键是待遇靠谱！", "reply": 14, "click": 2415, "user_id": 344836, "user_name": "seawind"}