{"id": 659036, "create_time": 1585897391, "create_datetime": "2020-04-03 15:03:11+08:00", "content": "关键词：基金经理、C++、数据开发、AI 芯片、大数据开发 /架构、NLP 开发、图形图像算法\r\n\r\n一、量化交易\r\n1，基金经理，多家头部量化私募机构在招，地点可选北京、杭州、上海，考虑成熟策略及实盘交易者优先，Global pay+ PnL\r\n方向如下：\r\n1 ） 国内股票 T0 策略 /算法交易 /Alpha 策略\r\n2 ） 机器学习：强化学习 /深度学习 /机器学习方法进行量化投资策略研发\r\n3 ） 期货方向：高频 /日内 /CTA/套利\r\n \r\n2. C++开发，多家不同发展阶段的量化私募机构在招，地点可选北京、杭州、上海、香港， \r\n40~90 万\r\n方向如下：\r\n1 ） 应用层开发：适合互联网服务端开发 /基础架构研发转型，无需交易背景\r\n2 ） 高性能开发：汇编 /编译器 /底层优化背景，无需交易背景\r\n3 ） Exchange 开发：需有相关经验\r\n \r\n3. 数据开发-Python, 头部量化私募在招，可选北京、杭州。\r\n \r\n二、AI 芯片方向\r\n1.  Technical Marketing Director, AI 芯片初创，定义产品和市场，只看 AI 背景，上海。\r\n2.  NPU 架构师，杭州\r\n \r\n三、其他研发岗位\r\n大数据开发 /架构、NLP 开发、图形图像算法，可选上海、杭州\r\n\r\n [了解更多] \r\n猎头职位，欢迎联系我了解更多, Wechat: 18666933727, 邮箱： belinda.tian@bo-le.com", "title": "[上海/杭州/北京] [四月新增岗位]", "reply": 0, "click": 1170, "user_id": 346042, "user_name": "Coeus999"}