{"id": 362447, "create_time": 1495176834, "create_datetime": "2017-05-19 14:53:54+08:00", "content": "汽车之家招骋高级 python/golang 开发工程师 \r\n\r\n职位描述 \r\n\r\n该职位主要负责运维监控系统 /CMDB 等基础系统的开发，包括但不限于“网络质量和流量分析”，“自动故障定位”，“故障自愈”，“大数据分析”等等方面。 \r\n\r\n职位要求 \r\n\r\n本科及以上学历，3 年及以上相关领域工作经验 \r\n勤于沟通，喜欢协作，懂得如何共识目标，懂得如何开会，必须有严谨的工作风格 \r\n熟悉 Python/Golang 语言。 \r\n熟练使用 MySQL/MongoDB/HDFS/HBase/OpenTSDB 等数据库或者文件系统，有调优经验者优先 \r\n熟悉 Zabbix，Open-Falcon 原理和使用方法者优先 \r\n有高并发、高性能、大数据等应用架构及开发经验者优先 \r\n有算法开发经验者优先 \r\n有运维经验者优先 \r\n有独立需求分析和方案设计能力者优先 \r\n有软件项目管理经验者优先 \r\n有足够自信的英文读写能力 \r\n\r\n联系方式：robintoys#gmail.com 或者 加我微信号：robintoys", "title": "[北京] 汽车之家招骋高级 Python /golang 开发工程师", "reply": 0, "click": 1407, "user_id": 225835, "user_name": "robintoys"}