{"id": 366371, "create_time": 1496733519, "create_datetime": "2017-06-06 15:18:39+08:00", "content": "# 我们是谁\r\n- [Momenta]( https://www.momenta.ai)，致力于打造无人车的大脑\r\n- 专注基于深度学习的环境感知、高精度地图、驾驶决策技术\r\n- 团队拥有多位世界顶尖的深度学习专家\r\n- 宁缺毋滥的开发团队\r\n\r\n# 可能的职位\r\n- DevOps 开发工程师\r\n- 全职 /实习均可\r\n\r\n# 我们期待您\r\n- 全栈，或者有意成为全栈的工程师\r\n- 较强的学习能力和沟通能力\r\n- 开放，年轻，热爱技术，有理想追求\r\n\r\n# 为什么选择我们\r\n- 人工智能领域全新方向\r\n- 早期期权和成长空间\r\n- 年轻活力的团队, 舒适自由的工作环境\r\n\r\n# 薪资福利\r\n- 全职不少于 20W 年薪或足够竞争力实习报酬\r\n- 双屏工作站，MacBook / ThinkPad X1\r\n- 自由工作时间，免费午餐晚餐，健身房，以及互联网公司有的各种福利\r\n\r\n# 工作地点\r\n- 北京五道口\r\n\r\n# 联系方式\r\n- 简历发送至 talentoverflow@momenta.ai\r\n- 欢迎附带 github/stackoverflow/个人技术博客\r\n- 邮件题目注明 v2ex", "title": "[北京] 人工智能创业团队 Momenta 招聘全职/实习 DevOps", "reply": 3, "click": 2756, "user_id": 202799, "user_name": "Momenta"}