{"id": 634551, "create_time": 1577960140, "create_datetime": "2020-01-02 18:15:40+08:00", "content": "## 本科以上学历，计算机或相关专业；\r\n\r\n## base 杭州\r\n\r\n天猫超市招后端开发,3 年以上相关工作经验(P6 起步,P7 更好,P8 跪求)(有大厂 /名校经验可缩短工作年限要求)； 工作强度目前 995 薪资福利就不详细介绍了 ,大厂标配.\r\n\r\np6~P7 后端 JD:精通 Web 后台开发语言至少一种,目前来看懂 java 是必须的,其他语言想转过来得底子好才行(这里指的底子包括 名校 /大厂 /算法比赛排名 /开源项目等各种简历上的亮点),有一定的架构能力和良好代码规范； 熟悉 linux/unix 系统与开发环境； 熟悉 微服务框架,编程习惯良好,socket 编程； 熟悉 mysql 以及 SQL 语言； 责任感强、有较强的逻辑思维能力、沟通能力和抗压能力； 有高性能大容量服务系统设计开发,serverless 开发经验者优先。\r\nhttps://job.alibaba.com/zhaopin/position_detail.htm?trace=qrcode_share&positionCode=GP535717 \r\n链接里面是 P7 的 JD,但是我们 P6 也招的！！！ 组内直推!组内直推!组内直推!!!!\r\n\r\n互联网寒冬中的诺亚方舟,电商核心业务,阿里的基本盘,机会很好,值得一试。 有意者简历发至 jingwu.zmh@alibaba-inc.com or 加微信 emltaHk4Mzgw(base64) 可以年前面试,年后入职哦.. 明年开春有想法的同学可以先动起来了..早点面竞争压力小哈. 前端也招的哈 \r\nhttps://job.alibaba.com/zhaopin/position_detail.htm?trace=qrcode_share&positionCode=GP528031\r\n 有想法的可以来看一下", "title": "[阿里][天猫][杭州] 核心业务,海量 HC,年前面试,年后入职,天猫/天猫超市诚邀各位 v2er 共 修福报(划掉) 创大业。", "reply": 25, "click": 9720, "user_id": 128444, "user_name": "zimhy"}