{"id": 498278, "create_time": 1539702881, "create_datetime": "2018-10-16 23:14:41+08:00", "content": "招聘要求可以在微信小程序搜索[拼多多招聘]查看，有想换工作的童鞋们可以考虑一下。发展机会和薪资待遇都是顶级的，大家关心的加班情况随着人越来越多有所改善，不过整体上会加班偏多一些。福利很多，食宿全包，现金奖励等。有兴趣可以发送简历到邮箱 boyong@pinduoduo.com", "title": "[拼多多][社招]招聘各类研发岗位，前端、移动端、后端、大数据算法等应有尽有，快来加入吧", "reply": 4, "click": 2068, "user_id": 290173, "user_name": "zhoufusong"}