{"id": 664210, "create_time": 1587355621, "create_datetime": "2020-04-20 12:07:01+08:00", "content": "快手内推(16 薪起+2000 房补+三餐包吃) 实习 校招 社招 北京 杭州 深圳 上海 等\r\n\r\n杭州快手大力发展中，主要是商业化电商等相关业务\r\n\r\n基本要求：第一学历为统招本科\r\n\r\n在线 JD： https://zhaopin.kuaishou.cn/recruit/e/#/official/social/\r\n\r\n内推方式：\r\n\r\n1 、社招：从 JD 中挑选岗位，发邮件到邮箱(不能自己投递，否则无法内推)：eGlhbmdzb25nQGt1YWlzaG91LmNvbQ== (base64)，附上岗位链接\r\n\r\n2 、20 届校招&21 届实习：点击内推链接投递简历即可，不需要给我发简历，链接中含有内推码，在这个链接投递就是内推~内推链接： https://campus.kuaishou.cn/recruit/campus/e/#/campus/share/job-list/ehScjQhClBtC6jeAZqBMgA%3D%3D\r\n\r\n本人微信& QQ：1126331559 （加的时候麻烦备注下姓名），答疑&进度查询都可以找我\r\n\r\n基本福利：\r\n1. 全额六险一金，正常双休，加班会有双倍工资\r\n2. 工作环境舒适，园区内部星巴克、罗森、赛百味\r\n3. 16 寸顶配 macbook pro，无限量下午茶，无限量免费冰淇淋咖啡奶茶\r\n4. 打车可以直接企业滴滴支付，免费健身房，福利很多…", "title": "快手(16 薪起高年终) 北京+杭州(大力发展中) 内推", "reply": 28, "click": 4964, "user_id": 295724, "user_name": "becauseOf"}