{"id": 663648, "create_time": 1587171493, "create_datetime": "2020-04-18 08:58:13+08:00", "content": "广州经传多赢投资咨询有限公司是经中国证监会核准 [核准号：ZX0172 ] 的专业证券投资咨询机构，下属 4 个分公司、多个子公司，为客户提供优质的产品体验服务；拥有 100 余名投资顾问，排名行业前三。\r\n\r\n经过十八年的稳健发展，公司已成长为国内领先的金融信息服务商，与上交所、深交所、中金所、广东广播电视台、贝格数据、恒生聚源、华南理工大学、广州大学等国内知名金融机构及高校建立紧密合作关系，也是珠三角地区首家获得沪深交易所行情授权 Level-1 、Level-2 的信息发布商； 2016 年，获得国家高新技术企业认定； 2019，荣获沪深交易所颁发的卓越合作伙伴奖、广州省大数据协会颁发的广东省名牌软件 TOP15 。\r\n\r\nBTW:准上市公司，值得上车，不多说了哈。\r\n\r\nhttps://hr.lagou.com/company/gongsi/310815.html 请投递到拉勾，谢谢。", "title": "[经传多赢] 技术总监直聘 C++前、后端、移动端、 PHP 后端等岗位。", "reply": 2, "click": 986, "user_id": 186905, "user_name": "stanFX"}