{"id": 199626, "create_time": 1434620116, "create_datetime": "2015-06-18 17:35:16+08:00", "content": "工作内容：\r\n知道创宇专注于网络安全，背景就不多说啦。\r\n这次是监控预警中心招安全事件的分析、数据挖掘方面的实习生。\r\n需要具备基本的编程基础、数据统计方法。\r\n每天有超过上亿条的数据需要整理、分析、展示。\r\n共招4人。至少保证3个月下来，从数据采集、分析、展示 方面都能成为熟手。\r\n\r\n\r\n技能要求：\r\n1.接触过python、js、linux任一， 写过至少1000行以上、单个项目300行以上代码；\r\n2.对统计分析、数据挖掘感兴趣。（很有意思，也很无聊。有兴趣的来:) ）\r\n\r\n其他：\r\n1.对安全技术感兴趣、有过实践的优先；\r\n2.擅长Excel的优先；（能玩转数据透视表）\r\n3.对数据可视化感兴趣、有实践的优先。\r\n\r\n待遇：\r\n2000-4000；如果能力OK也有意愿，可以毕业后直接转正。\r\n\r\n感兴趣的话，请直接回复，或者联系我：\r\n邮箱：pan##knownsec.com", "title": "[知道创宇] [望京 SOHO] [实习] ——数据处理、实习研发工程师（每天上亿的数据需要挖掘和展示，可干的事情太多太多）", "reply": 12, "click": 2961, "user_id": 17586, "user_name": "notpan"}