{"id": 357928, "create_time": 1493356349, "create_datetime": "2017-04-28 13:12:29+08:00", "content": "清控九方科技有限公司（筹）是由原宏源证券首席经济学家、宏观计量博士生导师、金融工程博士生导师，现为清华大学企业成长与经济安全研究中心首席经济学家兼国家金融安全委员会主任的房四海教授创立的一家信息科技公司，公司目前正在做的工作的将房教授多年的宏观研究与投资经验与团队中经济金融学博士的研究成果转化成知识图谱，利用人工智能技术为机构和个人提供低成本的一流首席经济学家和金融工程师服务；未来会在已有的知识图谱数据库基础上向其他领域拓展业务，参考 Palantir。\r\n\r\n职位诱惑：\r\n充分授权，享受创始员工待遇，有股权安排\r\n\r\n职位描述：\r\n\r\n能玩得转 Java，领导做过大的软件开发项目；会 clojure 有加分\r\n\r\n对大数据相关技术有一定了解，cassandra, hadoop, storm 等\r\n\r\n有较好的学习能力和应对变化的能力\r\n\r\n紧跟业务前沿技术发展，相关知识面广泛，有较强的实践能力，比如利用 Docker 技术部署运维开发流程，参考 https://www.trulia.com/blog/tech/docker-data-science-at-trulia/\r\n\r\n工作认真仔细，能够对前沿技术进行深入学习和应用；喜欢看 paper 有加分\r\n\r\n我们会提供较为宽松的工作环境和个人发挥空间，弹性工作制\r\n\r\n办公地点目前在金融街的英蓝国际大厦，未来会迁移到清华科技园，交通方便\r\n\r\n如果你对大数据、数据处理有兴趣、激情，欢迎与我们联系，我的邮箱是 zouhx@ninthquant.com\r\n\r\n期待有兴趣的你与我们联系交流。O(∩_∩)O 谢谢", "title": "[ 北京］ 清控九方科技（筹）正在找寻知识图谱研发工程师", "reply": 1, "click": 1287, "user_id": 227131, "user_name": "zouhx"}