{"id": 816300, "create_time": 1637218765, "create_datetime": "2021-11-18 14:59:25+08:00", "content": "# 前端工程师（全职）\r\n\r\n## 职位介绍：\r\n- 负责 PC 和移动前端（ H5 ）界面的构建，各类交互设计与实现\r\n- 利用前端技术开发产品原型（ Web 端、小程序、App ）\r\n- 深度参与产品开发并讨论用户体验\r\n- 与产品、设计、后端及其他同事共同协作完成项目\r\n\r\n## 职位要求：\r\n- 熟悉各种 Web 前端技术，包括 Vue/React 等\r\n- 熟悉小程序开发 /发布流程\r\n- 有独立完成过的个人作品者优先\r\n- 极强的学习能力，愿意挑战不熟悉的领域\r\n- 有兴趣和能力承担其他职能，能够补位解决问题\r\n\r\n## 加分项：\r\n- 了解、使用过 Vue 3\r\n- 有 node.js 使用经验\r\n\r\n=====\r\n# 加入「正常工场」，直捣火热的创作者经济，让热情=体面 \r\n\r\n## 我们是谁\r\n- 正常工场是一支新成立的创业团队，我们相信热爱改变世界，相信互联网和工具的力量\r\n- 两位创始人来自蚂蚁，是一对老战友。一位是 14 年蚂蚁老兵，33 岁入选 MIT “全球 35 位 35 岁以下科技创新青年”榜单；另一位北大本硕，7 年投行 5 年蚂蚁\r\n- 我们不缺经验和实力、不缺头脑和专业、不缺资金 \r\n- 我们寻找正常人，正是“做正确的事”，常是“保持平常心”\r\n- 初始坐标在杭州，志向在全球\r\n\r\n## 什么产品\r\n- 第一个产品在 SaaS 领域，一个面向创作者（包括视频、文字、手工艺、数字艺术品等各领域），帮助他们创业的操作系统（ OS for Creators ）\r\n- 我们相信属于创作者的热情经济是不可阻挡的趋势，希望我们的产品能使创作者的热情和创造性都获得应有的经济收益和认可\r\n- 产品的定位是互联网工具，无直接海外对标（海外同类目的产品有 Patreon 、Substack 等）\r\n\r\n## 你能收获什么\r\n- 我们正在组建一支最优质 /最有潜力的队伍，你将与一群有意思的人一起做成几件有意义的事\r\n- 体验真正的从无到有\r\n- 工作内容同时具备自由度、施展空间和挑战，工作环境宽松人性化\r\n- 不管是现金还是期权，我们都承诺最充分的激励，对于人才我们绝不吝惜\r\n- 实现自己梦想的同时，还能帮助更多创作者追逐梦想 \r\n\r\n## 我们的诉求\r\n- 不要求你有名校 /大厂 /资历\r\n- 不能接受怨天尤人、好高骛远、眼高手低\r\n- 有自己的热爱，有好奇心和敬畏心\r\n- 有很强的学习能力\r\n- 愿意选择做正确的事，能够保持平常心\r\n\r\n## 联系我们\r\n- 简历发至邮箱 hi@normal.works\r\n- 更多有关我们的创业理念和产品方向，访问 https://normal.works 或发消息至微信公众号「正常工场」", "title": "[杭州][正常工场 -- 前端工程师][25k-40k][来做点正常的事]", "reply": 1, "click": 852, "user_id": 212554, "user_name": "rhythmzz"}