{"id": 498669, "create_time": 1539827820, "create_datetime": "2018-10-18 09:57:00+08:00", "content": "广州回头车信息科技有限公司于 2014 年 4 月 24 日在广州成立,同时已获得有资产规模超过 200 亿的前海宝创，还有现金投资能力超过 600 亿元的中科招商集团投资上千万 PRE-A 轮融资。省省回头车是公司专业经营的移动互联网公路物流服务平台，是中国第一个提供整车、拼车和零担全产品线的物流 APP，为中小工厂、物流公司等货主提供中短途回程货车整车、拼车和跨省零担物流服务，为用户提供交易安全保障、信用管理、物流路由规划等基础服务。省省回头车平台基于移动互联网 LBS 和电子围栏技术，运用供应链管理思维，突出资源“整合”“共享”发展理念，创新采用合作制发展模式，能够为货主、实际承运人提供信息发布、运价评估、承运人推荐、在线交易、运输跟踪、在线结算、服务评价、信息对接、数据处理、增值服务等全过程透明动态服务，致力于打造闭环生态链。\r\n\r\n高级 Python 工程师 （ 15-20K)\r\n\r\n职位描述：\r\n1.参与高并发的后台服务系统的需求整理和开发工作\r\n2.负责系统性能优化和改进\r\n3.运用在分布式系统，构建能够满足产品需求的平台，系统及网络基础结构。\r\n\r\n岗位要求：\r\n1.熟悉 Python，并具备良好的编程风格，以及能够撰写良好的技术文档；\r\n2.深入理解和使用 JSON and RESTful Web Services、RPC 通信接口开发；\r\n3.熟悉消息组件，Kafka、Mongodb、Redis 的使用；\r\n4.有除 Python 外，任一主流语言开发经验（ C/C++/C#/Java/PHP/Nodejs 等）；\r\n5.熟悉 Linux 环境，具备三年以上的 linux 环境开发经验；\r\n6.具备系统架构设计能力，有独立设计开发项目经验者优先；\r\n7.有较强的分析问题与独立解决问题的能力，良好的沟通能力及团队合作精神；\r\n8.有分布式系统设计经验者优先。\r\n\r\n公司福利：五险齐全、周末双休、弹性工作、每天下午茶、节日福利、扁平管理、八小时工作制\r\n\r\n招聘链接：\r\n\r\n拉勾： https://www.lagou.com/jobs/5224418.html\r\n51job： https://jobs.51job.com/guangzhou-thq/107581676.html?s=01&t=0\r\n联系人：陈小姐\r\nQ Q：472436288\r\n微 信：cf472436288\r\n\r\n推荐有奖：推荐成功入职一个月奖 2000 元，入职三个月再奖 2000 元。\r\n\r\n欢迎前来咨询，谢谢！", "title": "[广州天河 ] 高级 Python 开发工程师（15-20K），周末双休，弹性工作，八小时工作制", "reply": 7, "click": 1615, "user_id": 200246, "user_name": "cf472436288"}