{"id": 355305, "create_time": 1492389815, "create_datetime": "2017-04-17 08:43:35+08:00", "content": "要求：\r\n- 熟练掌握 Javacript 语言\r\n- 有实际的工作经历\r\n- 至少用过一些 canvas,svg 等库,对 canvas,svg 有一些了解\r\n- 会基本的 html,css\r\n\r\n你的工作是基于 [https://bitcoinwisdom.com/markets/bitfinex/btcusd]( https://bitcoinwisdom.com/markets/bitfinex/btcusd)做二次开发。\r\n\r\n薪资 18K 起\r\n\r\n工作环境:\r\n- 双休\r\n- 不加班,万一加班严格按照国家标准补贴工资\r\n- 水果零食，电脑等\r\n\r\n简历： xmr.to@qq.com\r\n\r\n比特币、区块链、数字货币相关行业。前景无量，如果你还有疑虑，那是你out了。", "title": "[杭州] 18K 起招聘 Javacript 开发", "reply": 5, "click": 1828, "user_id": 54035, "user_name": "songyuwen"}