{"id": 358798, "create_time": 1493793816, "create_datetime": "2017-05-03 14:43:36+08:00", "content": "寻人：创业路程，旅途艰险，长时间在“头脑风暴”中工作，脑细胞的死亡速率快于平常一倍以上，生还几率渺茫。若一旦生还，则功成名就！\r\n\r\n我们是一家专业做 H5 游戏研发并发行的公司，公司创立不久，正等待一种真正称得上技术合伙人的稀有鸟类来栖息。\r\n因此，\r\n下面我要说的是，\r\n我们需要的这种“稀有鸟类”应具备的信息：\r\n岗位职责：\r\n1. 负责公司游戏产品的服务端程序开发；\r\n2. 负责游戏程序架构设计，优化实现逻辑，解决技术难题，掌控开发进度，保证程序质量；\r\n3. 负责游戏业务模块开发，负责各种 SDK 的接入；\r\n4. 协调测试工作，组织设计及代码评审；\r\n5. 协调策划、程序、美术团队的工作及沟通，以确保项目顺利完成。\r\n6. 能够管理 2-3 人小团队进行快速迭代(技术管理岗位要求）。\r\n\r\n任职要求：\r\n1. 从事过游戏行业，有一年以上的游戏服务端开发经验；\r\n2. 精通 C/C++、Java 或 Erlang 游戏后端技术\r\n3. 精通 socket 网络编程，多线程编程\r\n4. 熟悉 Linux、MySQL 等游戏数据库设计与开发\r\n5. 有创业团队经验的优先，真正能够理解什么“技术合伙人”的定位。\r\n\r\n职位诱惑：\r\n五险，工作餐，办公室零食，各种丰富水果、饮料，弹性工作时间。\r\n\r\n栖息坐标：\r\n北京市大兴区首邑上城 40 号楼 1 单元 1108 室。\r\n\r\n薪资待遇\r\n基本工资 + 合伙人股权\r\n\r\n还在犹豫吗？这么好的碗看不到吗，就差你了！", "title": "秒玩科技-寻找 H5 技术合伙人", "reply": 0, "click": 1039, "user_id": 228623, "user_name": "cwrrrr"}