{"id": 198754, "create_time": 1434365584, "create_datetime": "2015-06-15 18:53:04+08:00", "content": "Hedge Up!\r\n\r\n你想飞吗？\r\n你想站在风口上吗？\r\n你想在互联网金融的大潮中弄浪吗？\r\n北京互联网金融公司招聘。\r\n\r\n资深华尔街对冲基金人士领军，\r\n雄厚国际资本背书，\r\n美国市场最新在线智能投资顾问模式，\r\n巨大的海内外财富管理市场，\r\n成熟的商业模式，\r\n\r\n你还在等什么？\r\n\r\n我们是华尔街 hedge fund 和 硅谷 startup 的混生体， 有着独特的 hedgeup 基因，体现在公司文化的每一个细胞里。\r\n\r\nHedgeup 的招聘标准\r\n\r\nSmart，聪慧过人：不需三好学生，但求卓越过人之处。奥数奖牌，编程大神，市场wizard，各类IT大拿，红毯欢迎。\r\n\r\nIndependent，独立自信：拒绝人云亦云，但求独立思考，有理有据，敢于逆势而为。\r\n\r\nDream big，高远有志：不满足于挣钱养家，而是寻求自我实现，充实人生的机会。并为此愿意承担风险，坚定不移。\r\n\r\nGet shit done，踏实肯干：身先士卒，榜样是最好的领导力。凡事不会就学，先想再干，厌恶写ppt开会走形式。工作结果导向，时间灵活自主，但9-5者免谈。\r\n\r\nKnow how to have fun：世界这么大，奇人趣事这么多，只争朝夕吧！\r\n\r\nHedgeup 的薪酬\r\n\r\n我们会给与员工高于市场标准的薪酬。不是钱多人傻，而是让员工有足够的自豪和自我价值感，努力工作就是最好的回报。薪酬包括工资，奖金与期权，具体面议。我们不会为了薪酬而放弃一个好的员工。\r\n\r\nHedgeup 的工作氛围\r\n\r\n远离中关村IT热点，避开CBD装B高大上，偏爱798文化创意氛围。我们注重员工言行品味，强调文化修养，提倡服务精神。员工就是公司最好的代言。\r\n\r\n你还在等什么？\r\n\r\n- 产品开发人员：移动应用产品经理，UI/UX 高级设计师，移动应用＋后端服务技术领队／高级工程师\r\n- 市场人员：金融机构销售，移动应用推广专家，社交新媒体专家\r\n- 量化研究人员：资深量化分析师\r\n\r\n聪明好学为上，不需金融行业经验，有移动互联网技术/市场经验者优先。愿者请送简历到 recruit@clipperadvisor.com，推荐者有奖。\r\n\r\nHedge Up！", "title": "奥数奖牌？编程大神？产品 9 段？市场传奇？北京互联网金融公司红毯欢迎！", "reply": 0, "click": 1233, "user_id": 122387, "user_name": "CaptainZ"}