{"id": 498038, "create_time": 1539659097, "create_datetime": "2018-10-16 11:04:57+08:00", "content": " [待遇优厚]  [年终奖多]  [发展空间大]  [岗位晋升] \r\n\r\n [云计算研发工程师] \r\n/**\r\n职责描述：\r\n1.跟 CloudBU 最具互联网范团队一起，用业界先进技术做出优秀的云服务产品，帮助用户真正简单快速的使用云上资源，展现华为云的价值\r\n2.负责华为云云监控服务、云管家服务、企业项目管理、SMN 服务中任一服务的前端或后端的研发\r\n3.对自己开发服务的特性质量端到端的负责，包括设计，开发，测试，上线部署，现网问题处理等\r\n\r\n技能要求：\r\n1.积极主动，能针对困难点有想法，敢于用新技术，新工具解决问题\r\n2.熟悉常用编程语言 C/C++/Java/Python/Go 任意一种，掌握 MQ,Cache,DB 等开源组件使用，具备良好的编程能力及工程能力\r\n3.有性能优化、可靠性优化方面经验优先\r\n4.有高并发、海量数据处理经验优先\r\n5.有企业管理软件(例如 ERP)使用、开发经验优先\r\n**/\r\n\r\n\r\n [大数据研发工程师] \r\n/**\r\n职责描述：\r\n1.参与构建华为云上云监控、云日志、云审计等服务的大数据平台\r\n2.根据华为云的业务数据实现实时和离线数据 ETL 过程\r\n3.负责大数据平台的技术攻关，性能调优，解决云服务开发过程中的各类问题\r\n技能要求：\r\n1、熟悉大数据开发框架，熟悉 Hadoop/Spark/Hbase/ElasticSearch 等及业界主流流处理平台如 Storm/Flink/Spark Streaming/Kafka Streams 之一;\r\n2、熟悉常用编程语言 C/C++/Java/Python/Go 任意一种，熟悉常用设计模式和开发框架，高并发、分布式编程；\r\n3、对数据有较高的敏感度，能从数据中发现价值，具有优秀的分析、解决问题能力\r\n**/", "title": "[西安] [华为云 CloudBU] 招募大数据研发工程师，云计算研发工程师** [待遇优厚] [年终奖多] [发展空间大] [岗位晋升] **", "reply": 1, "click": 1458, "user_id": 355499, "user_name": "memory321"}