{"id": 362902, "create_time": 1495421396, "create_datetime": "2017-05-22 10:49:56+08:00", "content": "**我趣成长时间线：**\r\n1. 2014 年 3 月：趣店集团成立，目前是中国分期购物的领导者；\r\n2. 2015 年 8 月：趣店集团获得蚂蚁金服领投的 2 亿美金 E 轮融资；\r\n3. 2016 年 7 月：趣店集团获得约 30 亿人民币 PRE-IPO 系列融资；\r\n4. 目前，趣店致力于中国 5 亿非信用卡用户提供实物分期与现金分期服务，期待你的加入……\r\n\r\n**我趣前端：**\r\n1. 技术栈：[基于 koa 的前后端分离架构]( https://feclub.cn/post/content/qudian_koa) + [vue/webpack 构建]( https://feclub.cn/post/content/grace-vue-boilerplate)，其他技术栈等你来开拓；\r\n2. 业务线：用户方向（用户业务产品）、后台方向（活动页后台及运营后台等）、技术方向（纯技术拓展研究）；\r\n3. 工作环境：我趣位于地铁站森林公园南门附近；高大上的办公环境：休息区、娱乐区一应俱全（文末有照片）；\r\n4. 另外：正式员工年终奖 6 个月起、全员餐补每月 1000 元、MAC coding 体验、各种福利和惊喜……\r\n\r\n**希望你来：**\r\n1. 负责趣店及相关产品线 WebAPP （ H5 ）前端开发；\r\n2. 负责前端构建工具优化、工作流工具开发，及其他前沿技术研发方向调研；\r\n\r\n**希望你能（实习生满足以下两项即可）：**\r\n1. 精通各种前端技术，包括 HTML/CSS/JavaScript/Node.js 等；\r\n2. 理解各类基础库的设计原理，并善于其完成各类产品需求，如 jQuery/Zepto/Bootstrap 等；\r\n3. 持续关注业界的新话题和新技术，如 HTTP2/PWA 等；\r\n4. 了解前端框架 /模块化开发 /构建流程，如 vue/react/webpack/Gulp/npm scripts 等；\r\n5. 热爱前端技术，个性乐观开朗；逻辑性及团队意识强，善于沟通合作。\r\n  \r\n**更希望你是这样的：**\r\n1. 全栈：有 Node.js/PHP 等服务端开发经验；  \r\n2. 沉淀：有个人博客，或笔记；  \r\n3. 开放：github 上有自己的开源项目，或贡献过 npm 包\r\n\r\n**联系方式：**\r\n\r\n*由于初期简历太多，本实习岗目前仅限 2018 年毕业的 985/211 院校同学投递哦，谢谢理解。*\r\n\r\n- 联系邮箱：\r\nxiongweilie@qudian.com\r\n\r\n- 或者微信：\r\n![Alt text]( https://img002.qufenqi.com/products/be/e5/bee5c574881f10a2c5e373c79142cdb5.jpg)\r\n\r\n**喏，这是我们的办公环境：**\r\n![Alt text]( https://img002.qufenqi.com/products/8d/b2/8db2ece1b34939031c7524adc89f5847.jpeg)\r\n\r\n![Alt text]( https://img002.qufenqi.com/products/7a/44/7a44e6b71903e2eb93b684efbcccd3d5.jpeg)\r\n\r\n![Alt text]( https://img002.qufenqi.com/products/ad/ef/adef608a1cfb3332007ac5601fd53e4c.jpeg)\r\n\r\n![Alt text]( https://img002.qufenqi.com/products/97/15/9715127a1c2f95e33056fb81bef5c635.jpeg)\r\n\r\n![Alt text]( https://img002.qufenqi.com/products/8b/75/8b7589b561c53ef640229839042d1206.jpeg)\r\n\r\n![Alt text]( https://img002.qufenqi.com/products/a6/4e/a64e880de84e1b1c8ae830cfd3b3f887.jpeg)\r\n\r\n![Alt text]( https://img002.qufenqi.com/products/f1/5c/f15c094c86a4319d0f39f8b7bda7f55d.jpeg)\r\n\r\n![Alt text]( https://img002.qufenqi.com/products/48/04/48043728ed29ff0bf3240de5a1519e1b.jpeg)\r\n\r\n![Alt text]( https://img002.qufenqi.com/products/21/cc/21cc3383332af90f91364d297bcb6c48.jpeg)\r\n\r\n![Alt text]( https://img002.qufenqi.com/products/90/38/9038cf1478b32728c7fd27f150425fff.jpeg)", "title": "[北京·奥森旁][前端·实习生]趣店招聘前端工程师", "reply": 5, "click": 2343, "user_id": 19454, "user_name": "wilee"}