{"id": 666702, "create_time": 1587984578, "create_datetime": "2020-04-27 18:49:38+08:00", "content": "阿里杭州要几个运维，偏信息安全的，一个月内可能会倒班一周，倒班时间会是 12 点-晚上 9 点，大致是这样，业务方是正禾。要求工作经验 3 年以上，薪资 10K-15k 。\r\n\r\n除此之外目前有 java，测试，运维，ui 招聘需求，外包，需要找工作的小伙伴可以私聊我。\r\n\r\n有兴趣的可以添加小姐姐 VX：809259268", "title": "阿里外包，招全职运维[信息安全方面]", "reply": 0, "click": 779, "user_id": 382070, "user_name": "avalon8"}