{"id": 204140, "create_time": 1436322852, "create_datetime": "2015-07-08 10:34:12+08:00", "content": "世界上本没有的猎人\r\n当有那么几个有理想有抱负有一技之长的人凑在一起想要改变世界的时候，猎人就出现了\r\n打造世界上最自由的职业，全职猎人/门神招募！\r\nhttp://www.duobx.com/?page_id=44\r\n\r\n招募条件：喜欢全职猎人，充满创意的大脑或软硬件开发者，不满足于现状，总想做点什么来改变这个世界！\r\n\r\n我们凑在一起做做什么：开发一套随身携带的智能硬件比如手环，按钮，项链，一方面可以用于我们猎人之间的沟通，另外一方面可以给老人们免费使用。\r\n\r\n我们怎么做：有开放的网络会议室，可以把大家讨论的点子收集记录起来，一方面通过GitHub+docker云+各种聊天工具和电话，协调全部猎人一起开发软硬件应用。", "title": "打造世界上最自由的职业，全职猎人/门神招募！", "reply": 0, "click": 1236, "user_id": 126084, "user_name": "duobxcom"}