{"id": 199466, "create_time": 1434594842, "create_datetime": "2015-06-18 10:34:02+08:00", "content": "Who we are?\r\n我们的目标：最好的工具产品研发团队\r\n我们的产品：\r\n•\t百度Hi ：简单高效的IM沟通工具。\r\n•\t百度OA：稳定高效的自动化协同办公系统。\r\n•\t百度Wiki&度学堂：知识管理工具，管理着内部沉淀的xxx份文档，xxx部视频。\r\n•\tHulk BI系统：大数据统计与分析系统。\r\n我们的技术积累：\r\n•\t轻量高效的移动端滑动解决方案iSlider\r\n•\t数据直接生成视图的系列组件iToolkit\r\n•\t基于Angular的UI解决方案yt-ui-angular\r\n•\tJS的二进制转换库Bit.js\r\n在这里，你可以接触到：\r\n•\tNode.js在server端、中间层和构建工具等方面的各种实践\r\n•\tHybird应用的开发，H5与各种类型终端的结合\r\n•\t复杂的工具webapp的开发\r\n•\t大数据图表系统的开发\r\n•\t各种内部分享，参加各种前端的论坛&会议\r\nWho we want?\r\n基本要求：\r\n•\t熟悉W3C标准，较好的Javascript, CSS, HTML基础\r\n•\t对大前端技术有兴趣，热爱钻研沉淀和分享。\r\n•\t优秀的编码能力和学习能力\r\n•\t良好的沟通和协作\r\n•\t本科及以上学历\r\n加分项\r\n•\t了解一门server端语言\r\n•\t对Android或iOS应用开发有一定了解\r\n•\t有自己维护的github项目\r\n•\t有任意一种前端MVVM/MVC框架的使用经验\r\n\r\n工作地点：北京市海淀区西二旗软件园首创空间大厦\r\n简历投递邮箱：BPIT_recruitment@baidu.com", "title": "[百度/北京/高薪] 资深前端工程师/Leader", "reply": 6, "click": 1683, "user_id": 120671, "user_name": "xxbd"}