{"id": 657264, "create_time": 1585462280, "create_datetime": "2020-03-29 14:11:20+08:00", "content": "部门简历少、OFFER 多、来了都是宝、你懂得\r\n\r\n各位学弟学妹们好，欢迎大家加入我们部门，我们部门招的是 java 工程师、算法工程师、前端工程师\r\n\r\n欢迎大家投递简历到我的邮箱、我会针对你的简历给出建议，并且简历直达主管哦~反馈都会及时告诉你\r\n\r\n非常欢迎大家投递简历, 投了简历合适必定面试，可以联系我查看进度\r\n\r\n欢迎投递简历至\r\n\r\n\r\nemh1YW5nd2VuaHVpQGFsaWJhYmEtaW5jLmNvbQ==    \r\n\r\n请用 base64 解码哈.", "title": "[杭州][阿里巴巴]菜鸟 CTO 线招聘来袭~~校招社招都能内推, 欢迎同学们投递简历", "reply": 0, "click": 901, "user_id": 468045, "user_name": "blackwing"}