{"id": 662805, "create_time": 1586951248, "create_datetime": "2020-04-15 19:47:28+08:00", "content": "个人发帖，不是营销，就不说客套话了。\r\n\r\n岗位：\r\nJAVA 架构师 | 面议\r\n高级 JAVA 开发工程师 | 面议\r\n中级前端开发工程师 | 15-20k\r\n初级 JAVA 开发工程师 | 12-15k\r\n初级产品 | 8-13k\r\n\r\n地址：\r\n广州市番禺区汉溪长隆地铁站 G 出口时代 E-park 。\r\n\r\n工作节奏：\r\n大小周，9.30 - 18.30\r\n\r\n福利\r\n每月 500 固定餐补，楼下健身房，每周 4 羽毛球，每个月 150 分钟的免责迟到时间。\r\n\r\n微信：18792896325\r\n简历邮箱： yushuixing@yy.com\r\n\r\n留言来自 V2ex", "title": "[自己公司内推] YY 集团 100 教育，前端+ Java +产品", "reply": 23, "click": 2618, "user_id": 50071, "user_name": "fish19901010"}