{"id": 205395, "create_time": 1436780412, "create_datetime": "2015-07-13 17:40:12+08:00", "content": "Ruby on rails开发：\r\n岗位职责：\r\n\r\n1、服务端产品的开发与维护（Ruby/Web为主）；\r\n2、参与、协助产品的需求分析、设计、实现、测试、集成以及维护；\r\n\r\n主要工作内容：\r\n\r\n1. 负责维护云平台的运行，负责修复存在的bug\r\n2. 梳理用户提出的需求，提出解决方案，完善云平台的功能\r\n3. 快速响应公司的其他需求, 如开发新的应用 等等\r\n\r\n任职要求：\r\n\r\n1、计算机相关基础知识扎实，熟悉常用数据结构与算法；\r\n2、熟悉Linux/UNIX操作系统和开发环境；\r\n3、两年以上Ruby开发经验，理解面向对象思想；\r\n4、熟练掌握HTML/CSS/Javascript;\r\n5、熟练握SQL语言和数据库知识；\r\n6、工作积极主动，具有强烈的责任感和团队合作精神；\r\n7、热爱编程，有Geek精神，乐于接受新鲜技术，技术包容性强。\r\n\r\nWeb前端开发：\r\n\r\n岗位职责：\r\n公司网站，云端平台，用户中心和产品管理界面的前端效果开发\r\n\r\n任职要求：\r\n1、三年以上前端开发工作经验，有实际的项目经验，互联网项目优先；\r\n2、熟练图像处理及代码编辑工具；\r\n3、熟练Web前端跨平台开发技术（XHTML、XML、CSS、Javascript等）；\r\n4、对HTML5/CSS3技术有实际的理解和一定的实践经验；\r\n5、熟悉主流的JavaScript开发开发框架，熟练使用jquery，能够独立编写常用交互效果；\r\n6、对非Web前端脚本的语言（如Ruby on Rails）有所了解，并在实际工作中接触过；\r\n7、具有Web Apps开发经验优先；\r\n\r\n福利待遇：\r\n具有竞争力的薪资+ 6险一金+带薪年假+各种节日礼品+各种国家法定假日+组织外出旅游聚餐+免费午餐晚餐+不间断大冰箱零食+各种醇香咖啡豆搭配全自动咖啡机+不打考勤的弹性工作时间+全额工资12%比例住房公积金+年底双薪+员工体检+Apple Macbookair+双屏\r\n\r\n办公地点：理想中心（地铁1号线高新站A出口）\r\n公司名称：成都瑞小博科技有限公司\r\n主页及产品： http://www.rippletek.com/\r\n成都案例之一： http://forum.rippletek.com/thread-167-1-1.html\r\n创业邦获奖链接： http://www.cyzone.cn/a/20140608/258765.html\r\n创业邦创新中国杭州决赛： http://www.cyzone.cn/a/20140903/262505.html\r\n相关报道：\r\nhttp://www.cyzone.cn/a/20140930/263727.html\r\nhttp://www.36kr.com/p/215968.html\r\n\r\n感兴趣的同学请随时联系我：\r\nQQ：83941793\r\n电话：028-83197959\r\n微信：-Penny-peng\r\n邮箱： penghui@rippletek.com", "title": "招聘 ruby on rails 和 web 前端开发各几名，工作地点高新区理想中心， 12%公积金，月薪 9-13K，靠谱技术团队等你加入！", "reply": 4, "click": 2067, "user_id": 64212, "user_name": "mimiph"}