{"id": 196137, "create_time": 1433411654, "create_datetime": "2015-06-04 17:54:14+08:00", "content": "我们是「即刻」，一个13人的小公司。 应用上线两个月，获「最美应用」官方推荐 & 获 36氪 「下 · 一个应用」官方推荐。\r\n\r\n我们的坐标是上海市杨浦区大学路，我们希望做更好玩更有效的信息获取app。除了产品，我们也希望能跟最聪明的人一起工作。\r\n\r\n官网：www.ruguoapp.com\r\nApp Store: https://itunes.apple.com/cn/app/ji-ke/id966129812?mt=8\r\nGoogle Play： https://play.google.com/store/apps/details?id=com.ruguoapp.jike\r\n\r\n我们希望有你的加入，如果你有空过来，让我们请你喝杯下午茶。\r\n\r\n\r\n招聘1  Android工程师\r\n\r\n职位描述：\r\n\r\n负责即刻Android主客户端的开发工作\r\n负责推进即刻Android的基础架构开发\r\n\r\n\r\n需求：\r\n本科以上学历\r\n两年以上Java开发经验，一年以上Android开发经验\r\n聪明好玩，学习能力强\r\n\r\n\r\n\r\n\r\n招聘2  后台工程师\r\n\r\n主要职责:\r\n- 负责 App 后端程序的开发和维护\r\n- 倾听用户反馈, 与团队成员配合迅速迭代产品\r\n- 快速学习成长，必要时敢于挑战完全陌生的技术领域\r\n\r\n职位要求:\r\n- 熟练使用 Java (Spring/Struts/MyBatis) 或 JavaScript (Node.js)\r\n- 熟悉 Linux / Unix 操作系统, 熟悉 Git\r\n- 优秀的计算机科学基础知识，熟悉数据库架构、算法及软件设计实践\r\n- 熟悉面向对象编程\r\n\r\n加分项:\r\n- 在Github拥有star数较高的项目，或给知名开源项目贡献过代码\r\n- 有大型网站的后端架构及优化经验\r\n- 熟练的代码优化能力\r\n- 对代码的整洁、可读性、可维护性有追求\r\n- 有幽默感", "title": "「上海」即刻 -- 获得过\"最美应用\"推荐", "reply": 13, "click": 2444, "user_id": 120503, "user_name": "jikenow"}