{"id": 664380, "create_time": 1587377713, "create_datetime": "2020-04-20 18:15:13+08:00", "content": "微软亚洲研究院-网络研究组招收研究实习生啦~\r\n\r\n微软亚洲研究院 (MSRA)-网络研究组 (Networking Research Group)\r\nhttps://www.microsoft.com/en-us/research/group/networking-research-group-2/\r\n\r\n========================\r\n岗位： [基于机器学习的爬虫检测-全职实习生, 1 名] \r\n\r\n1 、工作职责：\r\n- 收集 Azure 云平台租户的 Web 日志，利用深度学习、聚类等技术进行日志分析，实现对爬虫攻击行为的画像；\r\n- 挖掘日志中的 HTTP 协议字段、鼠标轨迹、设备指纹等特征，制定检测规则，训练 ML 模型，从而对 Azure WAF 安全防火墙进行改进；\r\n- 参与维护本组在 GitHub 上的开源项目。\r\n\r\n2 、职位要求：\r\n- 熟悉 AI 、机器学习、深度学习（如 CNN 、LSTM ）、数据挖掘、网络安全中的一个或多个领域，有相关项目经验；\r\n- 熟悉 Go 、Javascript (React) 、Python 中的一门或多门语言，有较强的工程能力，熟练掌握 git，代码格式清晰规范，善于团队协作；\r\n- 有一定英文学术论文阅读能力，能够根据论文进行系统实现；\r\n- 较强的沟通能力和逻辑表达能力。\r\n\r\n3 、具有以下条件者优先：\r\n- 本科就读 /毕业于 985 高校或北京邮电大学；\r\n- 在 GitHub 较为活跃，有自己的开源项目，或参与过知名开源项目；\r\n- 发表过学术论文；\r\n- 可以连续实习不少于 6 个月。\r\n\r\n========================\r\n工作时间：每周 5 天，3 个月以上，能够尽快入职\r\n工作地点：北京市海淀区丹棱街 5 号（疫情期间可远程办公）\r\n如有意向请发 [中文简历 PDF ] 至：nrg-intern-recruit@microsoft.com\r\n简历中需标明平均分，及专业或年级排名及排名对应的总人数\r\n [注意] 请务必采用学校邮箱（ edu 域名）发送简历，其他邮箱（如 163 、qq 、gmail 、outlook 、hotmail 等）发送会进入公司垃圾邮件，无法被 HR 看到\r\n邮件标题&简历 PDF 文件名格式：基于机器学习的爬虫检测-姓名-学校-本|硕|博-年级", "title": "[实习] [微软亚洲研究院] 基于机器学习的爬虫检测实习生", "reply": 13, "click": 2001, "user_id": 228479, "user_name": "hsluoyz"}