{"id": 355626, "create_time": 1492496324, "create_datetime": "2017-04-18 14:18:44+08:00", "content": "有大神着工作吗？我们在寻找搜索方面的系统架构师，希望是由 BAT 经验的，具体要求如下：\r\n\r\n系统架构（ 25k-40k ）\r\n\r\n岗位职责：\r\n1.负责高可用、高可扩展在线服务系统的技术选型、设计和搭建；\r\n2.制定接口规范，编写核心代码\r\n3.推动自动化测试与部署，重构和优化现有技术架构；\r\n4.负责关键技术的调研，提高系统的扩展性、稳定性与安全性。\r\n\r\n岗位要求：\r\n1.计算机相关专业本科及以上学历 ，算法和数据结构基础扎实；\r\n2.有 5 年以上后端开发相关工作经验， 2 年以上大型互联网系统的架构经验；\r\n3.熟悉 MySQL ， MongoDB, ElasticSearch 等常用数据库；\r\n4.熟悉 C/C++, PHP, Python, Java 等语言\r\n5.对技术有强烈的热情和好奇心，具备良好的学习能力, 分析解决问题能力及良好的沟通能力和文档能力；\r\n6.熟悉敏捷开发，能够领导和推进项目进展；\r\n7.阅读英文技术文档无障碍。\r\n\r\n发送简历给 recruiting@imoran.net \r\n公司地址：北京市海淀区王庄路清华同方科技大厦 D 座东楼 1506\r\n\r\n蓦然认知（ Moran ）是一家以认知计算为核心的人工智能公司，拥有领先的交互决策引擎 Mor 。 Mor 可称作小蓦机器人，他可以理解人类语言，并与人自然对话，驱动机器一起为人们提供更加友和高效的服务。我们相信 Mor 的持续演进将改变人与机器之间的交互方式和信息获取方式，并最终形成全新的互联网入口。 \r\n\r\n如果自己家研发的产品能把自己吓傻， \r\n那便是“黑科技”的真正奥义。 \r\n我们每天都在体会这种感觉。 \r\n如果你也好这口， \r\n那就来蓦然认知吧！ \r\n投递邮箱： recruiting@imoran.net \r\n\r\n我们拥有： \r\n极具竞争力的薪酬福利， \r\nBAT 核心人工智能技术团队； \r\n最先进的认知计算和自然语言理解技术； \r\n国内 AI 智能语音交互最屌最酷炫的产品—— Mor ； \r\n顶级 VC 投资，打破资本寒冬困境晋升 A 轮“黑科技”宠儿； \r\n\r\n小蓦机器人就是五行缺你！ \r\n你一定是我们要找的人： \r\n\r\n\r\n\r\n不搞点黑科技，好意思自称 IT 人么？ \r\n加入蓦然认知， \r\n一起做点最该做的！", "title": "招聘系统架构（大神看过来）", "reply": 11, "click": 2096, "user_id": 202324, "user_name": "MORHR"}