{"id": 197454, "create_time": 1433909240, "create_datetime": "2015-06-10 12:07:20+08:00", "content": "我们是谁？\r\n\r\n   LIZIX是一个聚合世界各地大咖设计师，将他们酷（diao)炫(bao)的创意变成产品销售的公司。\r\n\r\n   我们是一帮脑洞大开（坐标上海），没什么大的追求，就想颠覆点传统，改变改变中国设计圈生态环境的一群人。\r\n\r\n   我们崇尚“简单、精致、高效”，聪明的做事，快乐的工作。\r\n\r\n   我们希望招来的程序员小伙伴文能提笔写代码、武能上马控萝莉，更进一步，我们希望你是一个高尚的、纯粹的、有益于人民、脱离了低级趣味的人。如果你自信比CEO（公司保洁人员）还要帅，我们也（不）会录取！\r\n\r\n   当然，如果你不能做到上述的要求也没关系，你只要满足了以下的要求，我们还是会考虑让你加入到我们伟大的事业当中，一起开创一个美丽新世界。\r\n\r\n \r\n\r\n职位要求：\r\n\r\n1: 3年以上Python/HTML5/JS 开发经验，有独立开发经验的优先，熟悉大中型网站系统架构设计，了解各种框架以及存储结构的优缺点，熟悉大型互联网应用整体实现过程。\r\n\r\n2: 熟悉掌握Web架构，模板，缓存，优化等技术，了解Django,Tornado,Flask,Twisted,Gevent等开发框架中的一个或多个。\r\n\r\n3: 掌握基本数据结构和算法，扎实的SQL与NoSQL知识，能熟练设计应用部署PregreSQL/MySQL/MongoDB。\r\n\r\n4: 精通掌握HTML，Javascript，CSS。前端框架必须熟练掌握jQuery，Underscore以及RequireJS。在此基础上了解Backbone/AngularJS/EmberJS等SPA框架的优先。\r\n\r\n5: 熟练应用git等各种团队协调工具。\r\n\r\n6: 有良好的测试驱动开发习惯以及文档编写习惯。\r\n\r\n7: 工作主动性强,具有吃苦耐劳精神，具有团队沟通合作精神，为人诚信可靠，富有创业者的激情。\r\n\r\n \r\n\r\n \r\n\r\n岗位职责\r\n\r\n \r\n\r\n1: 参与项目整体开发和计划实施；\r\n\r\n2: 独立完成新功能新模块的开发，并负责各功能及模块接口设计，测试工作；\r\n\r\n3: 编写前后台核心代码；\r\n\r\n4: 负责系统性能优化和技术难点攻关；\r\n\r\n5: 敢于并且积极完成属于自己的任务与责任。\r\n\r\n \r\n\r\n项目开发现状：\r\n\r\n1: 目前Beta测试阶段已经结束，目前处于UI再设计阶段，后端采用Python Tornado设计，前端页面布局采用标准Bootstrap+jQuery驱动，数据存储与Index全部采用MongoDB。\r\n\r\n2: 目前UI的重新设计已经大体完成，需要对前台UI进行全面修改。\r\n\r\n3: 针对设计的变动，后端代码需要做部分修改与整合。\r\n\r\n \r\n\r\n \r\n\r\n薪酬标准\r\n\r\n   摩（mo)拳(dao)擦(huo)掌(huo)的小伙伴们最关心的问题来了，我们的试用期为2个月，试用公司3.5K，共招3名程序员，最终将留下1-2人。正式工资起薪8K，上不设限，看能力评估，三年内顶薪30k\r\n\r\n   \r\n\r\n公司福利\r\n\r\n   神马！你嫌钱少不来！？还能不能一起愉快的玩耍了！大哥，别走，咱再聊聊，您有什么要求？\r\n\r\n   零食？有有有，一定有！\r\n\r\n   咖啡？那必须的，您工作这么累，我们得给您端茶倒水是不？\r\n\r\n   按摩？您要按哪，肩膀还是腿啊？\r\n\r\n   升职加薪？别说升职加薪，俗，要聊就聊股票期权！\r\n\r\n   赢取白富美？...您等会，我下楼给您拐一个来！\r\n\r\n   \r\n\r\n   想想是不是都有点小激动呀？当然，公司嘛，还是困难重重，需要我们大家一起披荆斩棘，冰冻三尺非一日之寒，我们现在条件还有很多不够完美的地方，但是公司今年马上要进行大规模的升级调动，一切都会更好！\r\n\r\n \r\n\r\n\r\n\r\n邮箱     luyuidea@163.com\r\n\r\n联系人 岳小宇(男）", "title": "坐标魔都，寻找 Python/H5 有开发经验的小伙伴", "reply": 29, "click": 4328, "user_id": 14389, "user_name": "eminarcissus"}