{"id": 660402, "create_time": 1586321310, "create_datetime": "2020-04-08 12:48:30+08:00", "content": "真的招人！没有比这更有诚意的招聘了！！\r\n本团队务实，不搞虚的，不为 kpi 指标，真实招人，如实描述招聘要求：\r\n\r\n1. 有较好的教育背景，硕士学历（特别优秀的本科也可以），毕业工作 2-8 年\r\n\r\n2. 有 BAT 、京东、网易、滴滴或同类型巨头公司工作经验\r\n\r\n3. 有较好的计算机基础（数据结构、操作系统、数据库、编译原理），有较好的 java 基础（ jvm 、并发编程、jdk 类库源码）\r\n\r\n4. 掌握 java 技术栈相关技能，有流行开源框架使用经验，并对其有一定原理了解，最好阅读过源码为佳\r\n\r\n5. 有较高复杂度的项目经验，对异步、消息、SOA 、RPC 等使用信手拈来，随手就能整出两三页项目架构不眨眼。\r\n\r\n6. 团队内的核心成员，指导其他人员的方案设计、代码细节规范等\r\n\r\n7. 有会员经营相关业务领域的经验。\r\n\r\n\r\n以上要求\r\n\r\n5 条以上==非常非常非常有机会\r\n\r\n3 条以上==有机会尝试\r\n\r\n如果都不太满足，但是自己认为有信心尝试，也可以投递。\r\n\r\n（一旦投递简历，本人会事先亲自沟通，确认有机会才投递到系统，不会浪费面试机会，不会留底到系统）\r\n\r\n\r\n\r\n\r\n团队描述：\r\n\r\n本团队(用户运营平台)隶属于客户平台，客户平台是蚂蚁的超架构域之一，也是蚂蚁建站早起就简历的 4 大核心之一。经过多年的发展，积累了数十亿级别的用户量。\r\n\r\n用户运营就是面向这个体量的用户用平台化、数字化驱动业务发展，做精细化运营。产品上面临着技术驱动业务，数据推动决策；技术上面临大数据大体量稳定性高并发的挑战。\r\n\r\n用户运营（增长黑客）是当下非常潮流的运营领域，也是蚂蚁这几年内非常重要的战略阵地，**是蚂蚁域内不可多得的好坑位。\r\n蚂蚁上市前不多的机会了！！\r\n\r\n简历投递（注明来自 V 站）\r\nyanjie.wh@alipay.com", "title": "[内推] 真诚的。蚂蚁金服工程师。开发自招", "reply": 13, "click": 1956, "user_id": 370074, "user_name": "TOMORROWMOON"}