{"id": 811083, "create_time": 1635341834, "create_datetime": "2021-10-27 21:37:14+08:00", "content": "现在又开放了三十多个岗位\r\nJava 、C++、数据、QA 、桌面开发 都有\r\n主要在杭州 /上海 /合肥  几个城市\r\n\r\n\r\n\r\n有兴趣的可以看看下面，\r\n\r\n\r\n岗位列表： https://www.yuque.com/docs/share/078dc94d-b1f6-4069-95db-c7e6f380b437?# 《 2021-11  思科中国热招岗位》\r\n\r\nCRDC 介绍： https://www.yuque.com/docs/share/eb0d2683-1701-49cd-bf23-b1374ef4b5a9?# 《思科中国介绍和工作体验》\r\n\r\n简历及申请的岗位发送至 chenguli@cisco.com\r\n\r\n内推前，请核对城市、grade 、和岗位要求等信息 投递时最好把 jobid(下表最左侧一栏)提供给我\r\n\r\n我会在内网帮你上传简历完成内推 感兴趣也可以加微信 ihihihihi ，备注来意，提供答疑和进度追踪服务。", "title": "🔥🔥有没有想来 [思科中国] 的 ，三十多个岗位招人 [杭州/上海/合肥/苏州]", "reply": 12, "click": 885, "user_id": 186551, "user_name": "iiipeak"}