{"id": 346587, "create_time": 1489158514, "create_datetime": "2017-03-10 23:08:34+08:00", "content": "又到一年实习生校招的时候啦~（预计四月初笔试+面试） \r\n\r\n帮部门（[CDC, 用户研究与体验设计部]( http://cdc.tencent.com/about/)）发前端实习生招聘\r\n\r\n最重要的放在这里，**前端实习生简历直接到 lukezhu[at]tencent.com**\r\n\r\n_Tips: 非前端岗位也可以帮忙内推（注明岗位）_\r\n\r\n------\r\n\r\n**技能要求**:\r\n\r\n前端的技能要求就不贴啦， HTML/CSS/JS 是基础，熟悉常用的前端库等等，大家都懂的。\r\n\r\n技能重点是 JavaScript 的基础。而且，如果你热爱折腾肯定是我们的菜。\r\n\r\n对实习生来说，技术要求不会很高，投简历的童鞋可以放心。\r\n\r\n**加分项**:\r\n\r\n- 了解后端开发技术，参与或者实现过完整的 Web 应用\r\n- 了解客户端开发 iOS || Android ，有过客户端的开发经验\r\n- 有个人网站或者技术博客，个人网站和博客能让人了解你的技术水平\r\n\r\n**招聘对象**: 2018 年的毕业生（目前大三或者研一）\r\n\r\n**工作地点**: 深圳\r\n\r\n**部        门**: [CDC]( http://cdc.tencent.com/about/)（非常有爱的部门）\r\n\r\n**简历投递**: lukezhu[at]tencent.com", "title": "腾讯 2018 前端开发实习生招聘", "reply": 14, "click": 3283, "user_id": 5216, "user_name": "loo2k"}