{"id": 357752, "create_time": 1493283685, "create_datetime": "2017-04-27 17:01:25+08:00", "content": "## 公司介绍\r\n> Ubiquiti Networks 公司在全球范围内设计，制造和销售创新性的宽带无线解决方案。\r\nUBNT 的产品包括具有颠覆意义的无线产品，如 Bullet，NanoStation，以及其他结合基于内部开发、业界领先的产品设计核心技术，包括 Air OS 操作系统和频率自由技术（ 100MHz 至 10GHz 的 RF 设计）。\r\n\r\n> 创始人：罗伯特·佩拉\r\n\r\n> 罗伯特·佩拉（ Robert J. Pera,1977 年—），出生于美国加利福尼亚州的硅谷，毕业于加州大学圣地牙哥分校，并获得电子工程的硕士学位，是硅谷的一名创业家。\r\n\r\n> 2005 年，罗伯特·佩拉建立优倍快科技公司（ Ubiquiti Networks ），2011 年 10 月公司上市。\r\n\r\n> 2012 年 10 月 26 日，罗伯特·佩拉正式成为 NBA 孟菲斯灰熊队的老板。\r\n\r\n> 官方网站: https://www.ubnt.com/\r\n\r\n## 招聘需求\r\n\r\n- 服务端工程师\r\n  - 岗位要求\r\n    - 一年以上工作经验\r\n    - API 架构的设计和开发\r\n    - 快速高质量地完成功能的开发\r\n    - 协助定位并修复线上问题\r\n    - 配合国外运维制定持续发布流程\r\n    \r\n  - 任职要求\r\n    - 精通和熟悉主流语言的至少一⻔: Golang/Python/NodeJS 等\r\n    - 熟悉 Linux 工作环境\r\n    - 熟悉 Http 协议\r\n    - 熟悉 MySQL 及其性能优化,熟悉 Redis，并能在合适的场景下使用上述技术\r\n    - 较强的沟通能力\r\n    - 一定的英语交流能力(需要跟国外团队交流)\r\n    - 熟悉 ElasticSearch 的优先\r\n    - 熟悉 AWS 操作以及使用的优先\r\n    - 熟悉 RTMP 开发优先\r\n    - 熟悉 Docker 容器技术优先\r\n   \r\n   - 薪资范围\r\n     - 9k~18k * 14\r\n \r\n- 服务端实习生\r\n  - 岗位要求\r\n    - 快速高质量地完成功能的开发\r\n    - 有较强的主动学习能力\r\n   \r\n  - 任职要求\r\n    - 熟悉 Linux 工作环境\r\n    - 熟悉 MySQL\r\n    - 熟悉以下语言至少一门: PHP/Python/JavaScript\r\n\r\n## 联系方式\r\n\r\n> 邮箱: chenchuan.song@ubnt.com\r\n\r\n> PS:工作地点 在`厦门`", "title": "[厦门]优倍快/Ubiquiti - 寻找服务端工程师/服务端实习生", "reply": 28, "click": 3849, "user_id": 131974, "user_name": "robscc"}