{"id": 202692, "create_time": 1435805310, "create_datetime": "2015-07-02 10:48:30+08:00", "content": "内推的好处：\r\n1. 免笔试\r\n2. 如果不通过，还能参加常规校招\r\n3. 我可以帮你查进度，不会出现石沉大海的情况\r\n\r\n注意：\r\n1. 仅限毕业生；\r\n2. 仅限手机浏览下面网页；\r\n3. 如果你嫌麻烦，直接发邮件给我 frankfang1990@gmail.com\r\n\r\n**先给出我所在的B2B部门**\r\n\r\n内推链接：[B2B](http://tms.alicdn.com/market/seller/2016nt.php?id=b2b&name=B2B&taskId=160351435804306395)\r\n\r\n二维码：\r\n ![http://i.imgur.com/XjYJmH3.png?1](http://i.imgur.com/XjYJmH3.png?1)\r\n\r\n下面是其他部门：\r\n\r\n* [淘宝UED](http://tms.alicdn.com/market/seller/2016nt.php?id=tbued&name=%E6%B7%98%E5%AE%9D%E7%94%A8%E6%88%B7%E4%BD%93%E9%AA%8C%E9%83%A8&taskId=160351435804306395)\r\n* [天猫](http://tms.alicdn.com/market/seller/2016nt.php?id=tm&name=%E5%A4%A9%E7%8C%AB%E4%BA%8B%E4%B8%9A%E9%83%A8&taskId=160351435804306395)\r\n* [蚂蚁金服](http://tms.alicdn.com/market/seller/2016nt.php?id=myjf&name=%E8%9A%82%E8%9A%81%E9%87%91%E6%9C%8D&taskId=160351435804306395)\r\n\r\n需要内推其他部门请留言。", "title": "「阿里校招」内部推荐启动！全部门、全职位！", "reply": 35, "click": 5625, "user_id": 18869, "user_name": "FrankFang128"}