{"id": 813972, "create_time": 1636375153, "create_datetime": "2021-11-08 20:39:13+08:00", "content": "简历直达招聘经理，快速反馈，苏州北京均可。欢迎有工作经验同学投递简历~\r\n邮箱： taiyangdixiaeva@gmail.com\r\n\r\nProject: Bing User Retention\r\nDescription: A/B experiments on UX features to move S/UU and DAU as part of Bing Whole Page team\r\n \r\n\r\nJD:\r\n\r\nThe Bing Whole Page Experiences Team is looking for creative full stack engineers who are passionate about working on user facing projects that impact millions of people daily. We are a team of committed individuals aiming to develop differentiating features and deliver engaging user experiences with relevant search results.\r\n\r\nOur team is constantly experimenting and optimizing how search results are presented to users. As part of our team, you will generate new feature ideas backed by data and user insights, develop these features (using C#, Javascript, and other web technologies), run and analyze A/B experiments, and make informed decisions based on how these features are helping our users.\r\n\r\nYou will work closely with peer engineers, designers, program managers, and partner teams to quickly generate and iterate on creative ideas to improve Bing’s relevance and user experience. You can expect us to continually support your growth and always value your insights and contributions.\r\n\r\nOur goal is to not only build great products, but great engineers, who will deliver features that positively impact our users' search experience. Come join a creative team and help shape the search experience for millions of users daily!\r\n\r\n  \r\n\r\nUnder Responsibilities, we had:\r\n\r\nDesign and efficiently implement high quality software features\r\nAnalyze the results of A/B experiments and make informed decisions on user impact\r\nGenerate new feature ideas for user engagement through competitive analysis and user insights\r\nMaintain and improve our service monitors and test coverage, ensuring service availability and performance for our millions of users\r\nWork effectively with peer engineers, designers, and program managers to maintain team’s agility", "title": "[社招][组内直推] Bing 搜索前端开发", "reply": 0, "click": 821, "user_id": 302330, "user_name": "taiyangdixia"}