{"id": 201616, "create_time": 1435407112, "create_datetime": "2015-06-27 20:11:52+08:00", "content": "有没有同学想跳槽，想试试阿里的，技术类（研发、测试等等）、产品相关的都可以啊，北京/上海/杭州/成都等都可以的，并且各部门本人也有不少同学在，多少熟悉些各大部门情况，稍微可以提出一些建设性意见，如果感兴趣，欢迎联系我，绝对服务周到，如果拿到Offer并成功入职，内推奖金也可以分红啊，虽然一般也没多少，就是不成功，交个朋友也没问题。\r\n\r\n需要内推的同学，可以Email联系。 \r\nEmail: cm9vdEBsaW51eGVyLm1l （Base64解密）", "title": "有没有同学跳槽想来阿里的，欢迎找我内推，内推奖金可以分红啊", "reply": 52, "click": 9416, "user_id": 44582, "user_name": "YouXia"}