{"id": 198095, "create_time": 1434110708, "create_datetime": "2015-06-12 20:05:08+08:00", "content": "摩点网招聘安卓开发工程师了！！！！\r\n公司概况：\r\n\r\n摩点网是专注于游戏领域的众筹平台，游戏开发者可以在这里发布准备研发、正在研发或即将上线的游戏项目，通过互联网向大众筹集项目资金。 \r\n通过摩点网，筹资者不仅可以在产品正式上线前获得早期的核心付费用户、测试市场反馈、获取改进方案，还能够预售游戏道具/周边、筹集项目研发资金，对接摩点网丰富的游戏发行、渠道和媒体资源，同时获得顶级风险投资人的关注。摩点网希望汇聚一批有创意、有诚意并且好玩的游戏产品，是一个优质游戏内容的发现和孵化平台。 \r\n公司于2014年4月在北京成立，创立之初即获得多家知名机构的千万级人民币联合天使投资，主要股东包括：\r\n中国最大的游戏引擎平台——触控科技\r\n中国顶级的风险投资基金——真格基金\r\n中国最大的影视娱乐集团——华谊兄弟\r\n中国最大的互联网金融公司——宜信创始人黄胜利先生曾供职于中国领先的TMT投行——华兴资本，担任董事总经理一职，主要负责公司移动互联网、游戏、媒体、通讯行业的项目执行等相关工作。在职期间，他帮助众多互联网企业成功获得私募融资，包括京东(NASDAQ:JD)、陌陌、滴滴打车、美丽说、触控科技、银汉科技、昆仑万维、博雅互动(HK:00434)、乐动卓越、仙海网络、第七大道、当乐网等等。目前公司正在快速成长，欢迎有梦想、有能力的人加入一起奋斗！\r\n\r\n公司提供如下福利：\r\n\r\n全额的社保公积金\r\n\r\n午餐补助+话费补助+交通补助\r\n\r\n免费的早餐+加班晚餐\r\n\r\n季度奖金+年度奖金\r\n\r\n免费体检\r\n\r\n每周二+周四健身锻炼\r\n\r\n年终根据考核授予股权\r\n\r\n招聘要求：\r\n1、2年以上Android开发工作经验；\r\n2、精通Android开发平台及框架原理；\r\n3、熟悉各种算法与数据结构、多线程及网络编程；\r\n4、有责任心，有团队合作精神，能承担较大工作压力；\r\n5、有独立完成软件的开发经验；\r\n6、在Google Market/安卓市场/91市场/360市场有作品者优先，面试时请携带简历和作品。\r\n\r\n\r\nIOS开发工程师:\r\n\r\n1. 2年以上iPhone开发经验。\r\n2. 熟悉IOS平台，熟悉MacOS、Xcode及iPhone/iPad   SDK开发环境；\r\n3. 有面向对象的编程经验，了解Objective-C编程和iPhone开发平台及框架；\r\n4. 熟悉移动终端网络编程，了解3G、WiFi等技术，熟悉xml，掌握http、TCP/IP协议；\r\n5. 具备较强的设计能力。\r\n6. 具备一定的C&C++经验，可以熟练调用C&C++库接口。\r\n7、有良好的文档编写能力和编程风格；\r\n8、良好的沟通能力，良好的团队协作能力，能够为了团队的目标，顶住较大的工作压力；\r\n\r\n联系方式\r\nQQ:17110981\r\nmail:gangcao@modian.com", "title": "摩点网招聘 IOS 和 andriod 工程师了", "reply": 0, "click": 1480, "user_id": 121947, "user_name": "larker2000"}