{"id": 658168, "create_time": 1585702191, "create_datetime": "2020-04-01 08:49:51+08:00", "content": "## 关于公司\r\n\r\n2012 年成立于香港，公司自 2014 年起已实现持续盈利，且每年 100% 增长，公司目前暂时不需要融资。业务遍布全球，与全球 600 多家物流公司达成合作，涉及 30 多种主流语言业务体系。客户有 Amazon, Wish, eBay, Paypal, Groupon, Etsy,及各大小电商超过 100,000 家，是国际快递查询领域里面的龙头企业。\r\n\r\nAfterShip （爱客科技）是一个为国际性电商企业而设的 B2B SaaS 平台，通过提供全方位和全自动化的工具，帮助电商降低营运成本及实现智能营销。公司全自动化系统涵盖市场推广、订单管理、运单打印、快递跟踪及退换货管理等。\r\n\r\nAfterShip 是一家以产品为驱动，技术为核心的公司，日均承担过亿 API 请求。从公司成立开始，便大量使用优秀开源系统，拥抱创新科技，公司有良好的 SaaS 付费习惯，浓厚的工具化文化。\r\n\r\nAfterShip 注重人才培养，在这里工作，每个人都可参加从用户沟通、需求讨论、产品开发、到上线部署的环节 ，团队国际化，公司成员来自十个不同的国家。\r\n\r\n### [戳这里看看 Google 给我们的介绍]( https://cloud.google.com/customers/aftership/)\r\n\r\n\r\n## [招聘岗位全集]( https://app.mokahr.com/apply/aftership/791#/?_k=ew21n0)\r\n\r\n[高级 Node.js 后台工程师]( https://www.lagou.com/jobs/5545547.html)\r\n\r\n[高级 Node.js 全栈工程师]( https://www.lagou.com/jobs/6393182.html)\r\n\r\n[高级 Golang 后台工程师]( https://www.lagou.com/jobs/6124010.html)\r\n\r\n[高级 Python 工程师]( https://www.lagou.com/jobs/6578063.html)\r\n\r\n[高级 Java 开发工程师]( https://www.lagou.com/jobs/6835316.html)\r\n\r\n[数据仓库工程师]( https://www.lagou.com/jobs/6566585.html?source=pl&i=pl-4)\r\n\r\n[高级运维开发工程师]( https://www.lagou.com/jobs/6907473.html?source=pl&i=pl-0)\r\n\r\n[数据架构师]( https://www.lagou.com/jobs/6929683.html)\r\n\r\n[数据仓库工程师]( https://www.lagou.com/jobs/6566585.html)\r\n\r\n[DBA]( https://www.lagou.com/jobs/6211331.html)\r\n\r\n## 薪资待遇\r\n \r\n20--40K  14 薪起\r\n\r\n## 我们要找的人\r\n\r\n我们是一群热爱编程的代码农,但我们不是代码奴！\r\n\r\n我们为写的代码负责，对代码质素有要求，由代码风格开始，测试，编写技术文档，一丝不苟。 我们注重自动化，使用自动化测试，持续集成与持续交付提升生产力。\r\n\r\n我们使用 New Relic 作系统监测、Pingdom, Pagerduty 报警、Cloudflare CDN 加速、Twilio 发 SMS 、Sendgrid 发邮件、1Password 管理密码、Zoom 视象会议、还有很多很多的工具。\r\n\r\n我们为 AfterShip 公司自豪，是因为 AfterShip 对员工的重视，人才永远放在第一，为员工负责， 不断推动我们学习，提升技能。\r\n\r\n我们大量使用开源软件,因为我们深信分享是最伟大的。 我们願意贡献我们有用的,把好的东西跟全世界分享。\r\n\r\n[我们使用的 SaaS 工具]( https://github.com/AfterShip/SaaS)\r\n\r\n[我们的代码风格]( https://github.com/AfterShip/eslint-config-aftership)\r\n\r\n[自动格式化全球电话号码]( https://github.com/AfterShip/phone)\r\n\r\n[Koa middleware for New Relic]( https://github.com/AfterShip/koa-newrelic)\r\n\r\n## 划重点了\r\n\r\n如果你的想法跟我们一样,欢迎加入我们这支精小而灵活的公司!\r\n\r\nHR 直招，近期看工作的都可以跟我联系哦\r\n\r\n业务增长迅速，持续有需求，欢迎推荐和自荐（推荐他人成功入职，有奖励 1-2W ）\r\n\r\n##  联系方式\r\n\r\n欢迎投递：xh.wang#aftership.com\r\nWX：MTUwMTM2ODQxNzE=\r\n\r\n（备注 个人姓名+意向岗位）", "title": "[深圳] AfterShip 招聘高级 Node、高级 React、高级 Golang、高级运维开发、高级数据仓库、高级 DBA、数据架构师等岗位", "reply": 0, "click": 959, "user_id": 362832, "user_name": "xihua2018"}