{"id": 657527, "create_time": 1585543872, "create_datetime": "2020-03-30 12:51:12+08:00", "content": "这是最好的时代，在线教育发展正旺。我们迫切需要找到有梦想的你，懦夫从不启程，弱者死于路中，只剩我们前行。\r\n\r\n##  [我们在寻找这样的你] \r\n\r\n1. 本科及以上学历或大专优秀者，一年以上相关工作经验；\r\n2. 熟悉 Node.js ，熟练使用 Express 或 KOA 框架；\r\n3. 了解前端开发，熟悉 Vue 或 React 框架；\r\n4. 熟悉 MySQL，熟练运用增删改查语句维护用户数据；\r\n5. 掌握 Linux 基本操作命令；\r\n6. 学习能力强，能快速接受和掌握新技术；对技术有激情，喜欢钻研；具备独立解决问题的能力和良好的团队协作能力。\r\n\r\n**加分项：**\r\n了解 k8s ；\r\n\r\n##  [你的工作日常] \r\n\r\n1. 负责公司已有教学平台的完善，与产品经理和设计师协作，高效完成优化迭代；\r\n2. 负责优化系统性能，提高系统效率；\r\n\r\n##  [薪资福利] \r\n\r\n* 13 薪+每半年一次奖金；\r\n* 缴纳五险一金（入职即获得养老、医疗、失业、工伤及生育保险）；\r\n* 可享受 5-10 天带薪年假，国家法定节假日、婚假、丧假、产假、陪产假；\r\n* 入职即配备高配置 256G Macbook 电脑 + 显示屏；\r\n* 舒适的办公环境，与微信总部同一个园区，绿植覆盖广，午餐选择多，离地铁近；\r\n* 良好的职业发展及晋升通道，可以走技术方向、全栈方向、管理方向；\r\n* 免费年度体检。\r\n\r\n公司环境实景图：\r\n\r\n![水吧.jpg](//static.cnodejs.org/FoWTkE3lkUDpBzXwBmu1ivWIdteW)\r\n\r\n![洽谈.jpg](//static.cnodejs.org/Fodz4CJwwyf88WO6hu5zGhJrs3Q2)\r\n\r\n![茶水间.jpg](//static.cnodejs.org/FjVWhGRgVb4agJjOy0gGbByb-Ei6)\r\n\r\n![2J1A2580-47-204.jpg](//static.cnodejs.org/FtDoD9o139g_VAr7pkmAAjZIa4wT)\r\n\r\n##  [公司信息] \r\n\r\n官网：[麻瓜编程]( https://www.mugglecode.com/)\r\n\r\n公司创立到现在已经有 5 年了，虽然团队规模不大，但我们拥有超过 20 万学员。早期我们与图灵电子书平台和网易云课堂合作，内容上投入的重一些，曾创作 22 万读者喜爱的《编程小白的第一本 Python 入门书》，被读者誉为最好看的编程书，还是网易云课堂 2017, 2018 精品课程金云奖获得者。\r\n\r\n一直自负盈亏无融资，有稳定现金流。我们团队崇尚自由工作，正常上下班不加班，周末双休，年底目标完成了直接分奖金。\r\n\r\n产品经理之前在百度、聚美工作过很长时间，有基本的产品经理职业素养，需求逻辑会考虑清楚，不会像不靠谱的创业公司那样乱改需求。\r\n\r\n团队整体的风格是年轻、聪明、敏捷。比如来自渥太华大学的教研小伙伴从初一就开始教别人写代码。比如新媒体运营的小伙伴学视频剪辑只花了一天时间。我觉得这是我从业 7 年以来待的最舒服的一个团队。\r\n\r\n**12k-15k / 广州 / 经验 1-3 年 / 本科及以上 / 全职**\r\n\r\n如果你感兴趣，请发简历到 node@mugglecoding.com 与我们联系", "title": "[广州] 招聘 Node.js 工程师 | 在线教育行业", "reply": 3, "click": 1195, "user_id": 122271, "user_name": "linqianqian"}