{"id": 368375, "create_time": 1497427796, "create_datetime": "2017-06-14 16:09:56+08:00", "content": "斗鱼 TV 于 2014 年 1 月 1 日起正式成立， 是目前国内游戏直播行业的龙头企业，整个团队从事互联网相关产业已经有 8 年历史，从最初的游戏平台到游戏视频，从赛事直播到个人直播，积累了相当丰富的行业经验。\r\n\r\n 截止 2015 年 4 月，斗鱼的 ALEXA 排名已经进入全球 500 名，全国前 50 名。根据百度浏览器 2015 年的统计报告，斗鱼在 2015 年的晚间高峰时间段，访问人数比例已经接近淘宝网站的 80%，成为年轻人最热门的晚间互联网娱乐活动。\r\n\r\n斗鱼 TV 每天高峰时间段有 2000 位主播同时开播，累计有 5 亿条弹幕在斗鱼 TV 被玩家发送，每天通过主播 UGC 产生的视频达到数万小时，成为互联网行业最具有版权价值的视频内容产出。斗鱼移动端 APP 下载量和日活跃量也远远超出同类竞争产品，稳居直播行业 APP 的冠军。\r\n\r\n随着斗鱼 TV 的快速发展，斗鱼 TV 将在最近几年中真正成为整个行业中的“百度、阿里巴巴、腾讯”，地位无可动摇。\r\n\r\n16 年 8 月，斗鱼 TV 宣布完成新一轮 C 轮 15 亿融资。斗鱼此轮融资后将晋级为新一代独角兽，目前估值 100 亿。\r\n\r\n公司网址： http://www.douyutv.com/\r\n\r\nC++游戏服务器开发\r\n\r\n岗位职责：\r\n\r\n1.负责游戏服务端引擎的设计与实现；\r\n\r\n2.负责服务端开发规范制定；\r\n\r\n3.负责游戏核心业务逻辑设计以及开发实现；\r\n\r\n4.负责游戏服务端性能优化、网络优化及技术攻关；\r\n\r\n5.负责服务端小组工作计划制定和协调。\r\n\r\n6.负责游戏服务器、客户端、公司其他功能技术的整合；\r\n\r\n7.能够完成具体技术难点的解决方案。\r\n\r\n任职要求：\r\n\r\n1、3 年以上游戏服务器开发经验；\r\n\r\n2、熟悉 TCP/IP 协议及 Socket 服务器端通信技术；熟悉 mysql 使用，熟悉 mongodb，redis 等存储使用；\r\n\r\n3、熟悉面向对象系统设计与开发，熟悉常用数据结构和算法；\r\n\r\n4、有游戏服务端主程经验者优先。\r\n\r\n加：\r\n\r\n1、精通 c/c++语言特性，对程序效率、稳定性有高度敏感性\r\n\r\n2、精通 Linux/Windows 平台上的网络编程、多线程编程、数据库开发，有良好的编程习惯，熟悉常见开源网络通信框架优先\r\n\r\n3、具备优秀的逻辑思维能力，对解决挑战性问题充满热情，善于解决问题和分析问题\r\n\r\n4、具备大型游戏服务器端程序开发经验者优先；\r\n\r\n5、具有良好的学习能力，和独立解决问题的能力；\r\n\r\n6、善于沟通，较好的心理素质和工作承压能力，自我管理能力强，有团队合作精神\r\n\r\n投递方式： 442451925@qq.com", "title": "北京 游戏服务器开发 （是的 斗鱼要开始做游戏啦~）", "reply": 0, "click": 1762, "user_id": 226718, "user_name": "qingbao1991"}