{"id": 195490, "create_time": 1433216290, "create_datetime": "2015-06-02 11:38:10+08:00", "content": "地点：深圳/腾讯/MIG(移动互联网事业群)\r\n\r\n要求：\r\n(1) 熟悉主流数据库相关知识（Oracle, Mysql, Hive），最重要的是能够熟练书写SQL;\r\n(2) 了解Hadoop,能够熟练使用Java，并会写MapReduce程序；\r\n\r\n\r\n相关信息：\r\n待遇优厚，薪水由您的技术水平来决定，具备大数据处理等相关经验者优先。\r\n\r\n\r\n不限制工作年限，如有意向烦请发送您的简历到 MapAndReduce+job@gmail.com", "title": "[招贤] 腾讯深圳，数据工程师", "reply": 10, "click": 2902, "user_id": 29778, "user_name": "manmadewind"}