{"id": 832203, "create_time": 1644206978, "create_datetime": "2022-02-07 12:09:38+08:00", "content": "公司已经开放招聘一年了，今年还在持续招聘中，春节前又开放了部分岗位，感兴趣的小伙伴赶快来投呀。\r\n\r\n**薪资范围，初级 18 ~ 26K ，高级 28 ~ 35K ，能力强的可以争取更高的。**\r\n\r\n另外，公司对学历稍微有些要求，要求是一本院校毕业，部分学校既有一本也有二本的，问题也不大哦。（请允许公司保留最后的一点倔强 😄）\r\n\r\n公司福利见附言。\r\n\r\n**欢迎大家发送自己的简历到： zyue@microstrategy.com 或加微信（ ScriptJava ）了解。**\r\n\r\n## （高级）前端工程师（大量 HC ）\r\n\r\n### 工作内容\r\n\r\n- 主导微策略软件平台、应用程序和功能的设计和实现\r\n- 积极参与软件开发生命周期的各个环节，包括需求分析、开发设计、开发实现、测试设计、测试实现、功能优化和交付\r\n- 和技术支持团队一起解决重要的客户问题\r\n- 参与代码评审，知识分享和敏捷项目会议\r\n- 学习一系列的前沿新技术，并不断加强和改进我们的产品及开发流程\r\n\r\n### 我们希望你\r\n\r\n- 1 年以上 Web 前端开发经验，或优秀的 2022 应届生\r\n- 熟练掌握 JavaScript\r\n- 良好的英文书面和口语沟通能力\r\n\r\n## （高级）测试工程师（中等 HC ）\r\n\r\n### Job Description\r\n\r\n- Review requirements and define acceptance criteria that will be used for the design and testing of new features.\r\n- Work with engineering teams in China and the United States to ensure cross-product quality. Take ownership of test plan, test design, and test execution.\r\n- Design, implement and optimize test automation framework, tool, and scripts\r\n- Participate in the design and/or review of new functionality design for different MicroStrategy products.\r\n- Research and identify flaws in our products before they are released to the public.\r\n- Participate in the analysis and resolution of issues.\r\n- Conduct technical research and experiment in the specific testing areas.\r\n\r\n### Qualifications\r\n\r\n- Bachelor's degree in Computer Science, Engineering, or equivalent.\r\n- 1~5 years' experience in IT SW testing, integration, and verification work.\r\n- Knowledge of testing principles and methodology, understanding the SW development process, and how to guarantee SW quality.\r\n- Knowledge and experience with test automation tools like Protractor/Selenium, Espresso, UlTesting, and programming like Java/Swift/Python/Perl/Ruby is one plus.\r\n- Knowledge of data analytics, database management is one plus.\r\n- Proactive, self-motivated, target-driven, and innovative thinking is preferred.\r\n- Ability to pay close attention to details, and at the same time, to see the big picture.\r\n- Strong analytical skills, active to analyze complex problems and work out adequate solutions.\r\n- Good communication skills, strong verbal and written communication skills in English.\r\n- Team-oriented individual.\r\n\r\n## （高级） Java 工程师（少量 HC ）\r\n\r\n### 工作内容\r\n\r\n- 主导微策略软件平台、应用程序和功能的设计和实现\r\n- 积极参与软件开发生命周期的各个环节，包括需求分析、开发设计、开发实现、测试设计、测试实现、功能优化和交付\r\n- 和技术支持团队一起解决重要的客户问题\r\n- 参与代码评审，知识分享和敏捷项目会议\r\n- 学习一系列的前沿新技术，并不断加强和改进我们的产品及开发流程\r\n\r\n### 我们希望你\r\n\r\n- 1 年以上 Java 开发经验，或优秀的 2022 应届生\r\n- 熟练掌握 Java 服务端或客户端开发\r\n- 熟悉 RESTful 和微服务架构是加分项\r\n- 良好的英文书面和口语沟通能力\r\n\r\n## （高级） C++ 工程师（少量 HC ）\r\n\r\n### 工作内容\r\n\r\n- 主导微策略软件平台、应用程序和功能的设计和实现\r\n- 积极参与软件开发生命周期的各个环节，包括需求分析、开发设计、开发实现、测试设计、测试实现、功能优化和交付\r\n- 和技术支持团队一起解決重要的客户问题\r\n- 参与代码评审，知识分享和敏捷项目会议\r\n- 学习一系列的前沿新技术，并不断加强和改进我们的产品及开发流程\r\n\r\n### 我们希望你\r\n\r\n- 1 年以上 C++ 开发经验，或优秀的 2022 应届生\r\n- 熟练掌握 C++\r\n- 良好的英文书面和口语沟通能力\r\n\r\n## （高级） Android 工程师（ 2 个）\r\n\r\n### 工作内容\r\n\r\n- 主导微策略软件平台、应用程序和功能的设计和实现\r\n- 积极参与软件开发生命周期的各个环节，包括需求分析、开发设计、开发实现、测试设计、测试实现、功能优化和交付\r\n- 和技术支持团队一起解决重要的客户问题\r\n- 参与代码评审，知识分享和敏捷项目会议\r\n- 学习一系列的前沿新技术，并不断加强和改进我们的产品及开发流程\r\n\r\n### 我们希望你\r\n\r\n- 1 年以上 Android 平台移动 App 开发经验，或优秀的 2022 应届生\r\n- 熟练掌握 Java/Kotlin 语言\r\n- 良好的英文书面和口语沟通能力\r\n\r\n## （高级） iOS 工程师（ 2 个）\r\n\r\n### 工作内容\r\n\r\n- 主导微策略软件平台、应用程序和功能的设计和实现\r\n- 积极参与软件开发生命周期的各个环节，包括需求分析、开发设计、开发实现、测试设计、测试实现、功能优化和交付\r\n- 和技术支持团队一起解决重要的客户问题\r\n- 参与代码评审，知识分享和敏捷项目会议\r\n- 学习一系列的前沿新技术，并不断加强和改进我们的产品及开发流程\r\n\r\n### 我们希望你\r\n\r\n- 1 年以上 iOS 平台移动 App 开发经验，或优秀的 2022 应届生\r\n- 熟练掌握 Objective-C/Swift 语言\r\n- 良好的英文书面和口语沟通能力\r\n\r\n## 高级云迁移专家（ 1 个）\r\n\r\n*注意，职位中的「专家」和阿里的 P 序列没有任何关系*\r\n\r\n### 工作内容\r\n\r\n- MicroStrategy Cloud 基础架构的日常管理，包括计划和紧急维护活动以及预设的待命任务\r\n- 实施符合变更控制制度的客户变更请求\r\n- 事件响应，包括基础设施相关问题的故障排除以及与技术支持和技术团队协作解决平台相关问题\r\n- MicroStrategy 产品及平台管理\r\n- 维护所有相关任务的高质量文档\r\n- 协调任务并遵守项目时间窗\r\n- 主持与 Cloud 客户的 Zoom 会议以排查和配置 MicroStrategy Cloud 环境\r\n- 配置 MicroStrategy 产品验证方式，例如 SSO 和 LDAP\r\n\r\n### 我们希望你\r\n\r\n- 3 年以上相关工作经验\r\n- 熟练掌握 Python, Ansible, Jenkins 和 PowerShell\r\n- 具有网络基础知识，如 VPN 、DNS 、TCP/IP 、UDP 等\r\n- 有 AWS 或 Azure 相关经验者优先\r\n- 良好的英文书面和口语沟通能力\r\n\r\n## 高级云产品专家（ 1 个）\r\n\r\n*注意，职位中的「专家」和阿里的 P 序列没有任何关系*\r\n\r\n### 工作内容\r\n\r\n- 在 AWS 和 Azure 平台上为下一代产品后端最新技术创建自动化并调试\r\n- 进行质量、稳健性和性能设计\r\n- 寻求并推动改进 MCE 服务和基础设施维护及管理的机会\r\n- 直接支持客户升级、战略客户升级和功能验证\r\n- 总结过往经验，提供客户升级解决方案和预防性维护\r\n- 设计和运行自动化测试，持续改进软件开发、搭建、测试和流程部署\r\n- 与中国，美国和波兰的其他团队密切合作并为其提供支持\r\n\r\n### 我们希望你\r\n\r\n- 3 年以上相关工作经验\r\n- 熟练掌握 Python, Ansible, Jenkins 和 PowerShell\r\n- 具有 RedHat, Amazon Linux 和 Windows 经验者优先\r\n- 有 AWS 或 Azure 相关经验者优先\r\n- 良好的英文书面和口语沟通能力", "title": "[杭州][外企][微策略] 不加班，年后继续招人，前端，测试， Java ， C++， Android， iOS， Cloud 工程师 (18 ~ 35K) 13 薪，奖金另算", "reply": 1, "click": 834, "user_id": 72249, "user_name": "yuezk"}