{"id": 509626, "create_time": 1542697778, "create_datetime": "2018-11-20 15:09:38+08:00", "content": "简历投递:jinyu.njy@alibaba-inc.com\r\nbase：杭州西溪园区\r\n\r\n高级 Java 工程师：\r\n1. JAVA 基础扎实, 理解 io, nio, 多线程, 集合等基础框架, 对 JVM 原理有一定的了解；\r\n2. 3 年及以上使用 JAVA 开发的经验, 对于你用过的开源框架, 能了解到它的原理和机制; 对 spring, mybatis 等开源框架熟悉；\r\n3. 熟悉分布式系统的设计和应用, 熟悉分布式, 缓存, 消息通信等机制; 能对分布式常用技术进行合理应用, 解决问题；\r\n4. 掌握多线程及高性能的设计与编码及性能调优; 有高并发应用开发经验；\r\n5. 掌握 Linux 操作系统和大型数据库(Oracle, MySql), 对 sql 优化有丰富的经验；\r\n6, 学习能力强，适应能力好, 具备耐心 / 细心的品质；\r\n7, 喜欢去看及尝试最新的技术, 追求编写优雅的代码, 从技术趋势和思路上能影响技术团队。\r\n\r\n\r\n前端：\r\n3-5 年 web 前端开发工作经验，本科以上计算机相关专业，熟练使用 Reactjs ；\r\n熟练掌握 HTML5、CSS3、JavaScript、ES6 等；\r\n熟练使用各种调试、抓包工具，能独立分析、解决和归纳问题；\r\n具有跨浏览器、跨终端开发经验，有跨平台性能优化经验；\r\n熟练掌握 Node.js 开发者优先；\r\n熟悉前端自动化和工程化；\r\n对技术有强烈的进取心，具有良好的沟通能力和团队合作精神、优秀的分析问题和解决问题的能力；\r\n有团队管理经验，开源项目开发经验者优先", "title": "[社招] [杭州-阿里体育] 招聘高级 Java /高级前端", "reply": 0, "click": 746, "user_id": 300031, "user_name": "biubiu24"}