{"id": 361945, "create_time": 1495001291, "create_datetime": "2017-05-17 14:08:11+08:00", "content": "**我们在做什么**\r\n\r\n\r\nTeam247 是一家位于美国硅谷的软件创业公司。Team247 致力于将智慧产权投资于广大的互联网以及移动应用的初创公司，在过去的一年取得了高速的成长和发展。我们诚挚的希望，有志于创业并且同我们一起发展壮大的人员加入 Team247 团队。\r\n\r\n\r\n**我们可以为你提供什么**：\r\n\r\n\r\n1Team247 提供超过业界平均水平的优厚工资待遇，年薪￥ 150,000 以上；\r\n\r\n2 带薪假：12 天 /年；\r\n\r\n3 工作种类：全职；\r\n\r\n4 工作地点：弹性的工作时间，可远程；\r\n\r\n\r\n**我们希望你符合如下条件**：\r\n\r\n\r\n1 计算机或软件相关专业，本科以上学历；\r\n\r\n2 良好的英语阅读以及写作能力；\r\n\r\n3 熟悉 Android、IOS 应用开发框架、数据库开发、Socket 通信、HTTP 编程，具备良好的系统分析能力，良好的抽象思维和逻辑思维能力，独立分析问题解决问题的能力；\r\n\r\n4 可承受较大压力，有责任感，较强的沟通协调能力，具有团队合作精神,能带领团队进行产品的研发。\r\n\r\n\r\n**如何申请**\r\n\r\n联系人：徐女士\r\n\r\n\r\n联系电邮:  jobs@theteam247.com\r\n\r\n\r\n联系电话（可微信）：13643868253\r\n\r\n\r\n**注意**:\r\n建议大家发简历的时候在邮件标题写上比如[应聘移动开发人员 - 你的名字]，简历要以 PDF 的格式放在附件。PDF 文件名“你的名字 - 简历.pdf ”。最好不要用昵称，主要看中文名字。最好附上个人 Github 地址。", "title": "Team247 移动开发人员远程招聘", "reply": 2, "click": 1257, "user_id": 230954, "user_name": "princessxyq"}