{"id": 503335, "create_time": 1541043335, "create_datetime": "2018-11-01 11:35:35+08:00", "content": "抖音 Android 研发工程师 \r\n职位描述： \r\n1、负责负责头条互娱-抖音的 Android 手机软件的开发及设计，包括但不限于抖音、抖音海外版 tik tok 等产品的研发； \r\n2、根据产品的需求进行 Android 产品的开发，对相关模块做重构和优化； \r\n3、对 Android 平台开发技术进行研究，定位和解决一些技术上的疑难问题； \r\n4、根据项目需求进行学习并快速掌握技巧，有良好的沟通力和协作能力加强团队的建设。 \r\n职位要求： \r\n1、本科及以上计算机相关专业毕业，至少两年以上 Android 开发经验； \r\n2、熟练掌握 git，熟练掌握 android studio 开发工具及各种性能调优； \r\n3、熟悉 Android 平台的开发技术，如 UI，网络，性能和内存优化等； \r\n4、熟悉面向对象设计，代码风格良好； \r\n5、有一定的承压能力，良好的团队合作意识；\r\n6、有大型互联网 app 开发经验优先\r\n\r\n工作地点：上海市黄浦区 436 号八号桥二期创业园\r\n简历投递邮箱： shirley.cheng@bytedance.com", "title": "[上海] 抖音 Android 研发工程师招聘~", "reply": 4, "click": 1286, "user_id": 330351, "user_name": "SSSShirley"}