{"id": 359652, "create_time": 1494124404, "create_datetime": "2017-05-07 10:33:24+08:00", "content": "[Senior PHP Developer]－在赚美金的 B 轮硅谷智能硬件- 上海\r\n工作地点：上海嘉善路地铁站附近\r\n汇报线：CTO\r\n邮箱： jane.chen@techxtalents.com  微信：janelj78 \r\n薪资范围：25-35K/m, 16 薪起步，多至 20 薪，主要看产品的销售额\r\n\r\nB 轮硅谷智能硬件公司， 一家赚钱的创业公司，而且是赚美金，大部分成员都毕业于清华，复旦，交大，斯坦福等知名大学，团队技术氛围非常好。产品用户主要在海外，研发都在上海，有 50 多人，硅谷主要是设计和市场团队，上海也在招聘市场和产品人员。\r\n\r\n职能\r\n- 搭建用户系统, 对内对外 API 编写, 搭建数据收集和处理系统, 公司内部工具开发\r\n\r\n要求\r\n\r\n- 211 或者 985 本科以上学历，计算机相关专业 3 年以上后端 PHP 开发工作经验\r\n\r\n- 具有良好的代码风格和编程习惯，善于抽象、总结、思考，对技术有执着追求\r\n- 对前端开发有基本的了解\r\n\r\n- 熟练使用 MySQL 和 MongoDB 数据库，熟悉 Unix/Linux 操作系统、熟悉 LAMP Web 架构   \r\n\r\n吸引力\r\n\r\n- 一家赚钱的创业公司，而且是赚美金的\r\n\r\n- 在上海给全球用户开发一流产品，享受不一样的成就感,每年去硅谷工作交流的机会，硅谷式开放办公环境，超扁平的管理模式、简单的人际关系\r\n\r\n- 工资奖金全部透明，每 6 个月一次 promotion 机会\r\n\r\n- 午餐、晚餐补贴，公司附近租房补贴", "title": "[Senior PHP Developer]－在赚美金的 B 轮硅谷智能硬件- 上海", "reply": 2, "click": 1362, "user_id": 225101, "user_name": "itrecruit"}