{"id": 665600, "create_time": 1587697932, "create_datetime": "2020-04-24 11:12:12+08:00", "content": "国内头部公募基金，平台稳定，提供有竞争力的薪水\r\n简历通过后，面试可尽快安排\r\n\r\n [统一要求] \r\n普通本科以上，数仓方向需 211 本科以上。如技术能力特别强，可酌情放宽\r\n跳槽不要太频繁，五年三段以上这种，除非技术能力特别优秀\r\n\r\n数据工程师（两个方向：数仓建设和数据建模）\r\n•\t岗位职责：\r\n1 、负责业务板块数据平台建设，包括数据仓库建设、数据模型设计、数据报表开发等；\r\n2 、负责业务各项数据统计、报表输出、效果分析、用户行为等数据支持工作；\r\n3 、分析业务场景，输出专题报告，为业务决策和产品方向提供数据支持和指导。\r\n•\t任职条件：\r\n1 、重点院校计算机、数学、统计学、经济类相关专业毕业，本科及以上学历；\r\n2 、熟悉常用的分析方法，熟悉数据仓库方法论及 ETL 相关技术；\r\n3 、熟悉 SQL，具备 ETL 处理、SQL 优化、海量数据处理的实战经验；\r\n4 、熟悉 Linux/Shell，熟悉 Python/Java 等开发语言，编码基本功扎实；\r\n\r\nIOS 开发\r\n两个要求：懂 React Native 混编，5 年以上工作经验即可！这个超级着急！！！\r\n\r\nJava 开发：\r\n•\t岗位职责：\r\n1 、参与公司核心系统服务端的框架设计、程序开发和开发文档编写工作；\r\n2 、协助测试，分析并解决开发过程中的各种问题；\r\n3 、对系统进行持续重构与优化，提升性能、可靠性和可维护性；\r\n4 、完成项目的测试和部署等工作，保障系统可靠运行。\r\n•\t任职条件：\r\n1 、熟悉 Spring 、MyBatis 、Dubbo 等开发框架，熟悉 Redis 、RabbitMQ 、MongoDB 等中间件，能熟练使用 Maven 、Git 、SVN 等常用工具；\r\n2 、熟悉至少一种 RDBMS，掌握 MySQL 或 Oracle 尤佳，能够进行数据库优化查询性能优化，有高可用系统开发经验；\r\n3 、熟悉 Linux 系统的使用，具备一定的脚本编写能力；\r\n\r\n\r\n感兴趣的朋友请速发简历到 katherine.liu@falcontalent.com\r\n或加微信：18611891016 咨询详情", "title": "[国内头部公募基金] base 北京朝阳区，正在招数仓/数据建模/IOS 开发/ Java 开发", "reply": 1, "click": 762, "user_id": 475647, "user_name": "61ly1016"}