{"id": 358002, "create_time": 1493370748, "create_datetime": "2017-04-28 17:12:28+08:00", "content": "关于 Ekohe: \r\n\r\n2007 年，易空海在上海成立。十年间，我们在东京、巴黎和温哥华三个城市相继开设了公司。\r\n\r\n我们专业的设计和开发团队，以精准简洁的设计，敏捷高效的开发，创造丰富有趣的产品。我们欢迎有天赋的创意者，有远见的工程师加入我们的团队。如果你聪明，认真，忘我，富有激情，保持好奇，热衷于把理想变成现实，请快快联系我们！\r\n\r\n想了解更多，欢迎浏览[Ekohe]( https://ekohe.com)\r\n\r\n**[后端开发工程师]**\r\n\r\n薪资待遇：15K-30K \r\n带薪年假、工作午餐、社保五险一金、额外商业医疗保险 \r\n\r\n**岗位基本要求**： \r\n\r\n- 计算机本科及以上学历，2 年以上工作经验\r\n- 计算机基础知识扎实，了解操作系统、计算机网络、数据结构和算法\r\n- 至少熟悉一下任意一种后端开发语言，Ruby/Python/PHP/Java/Golang\r\n- 熟悉并掌握以上编程语言对应的主流 Web 框架\r\n- 熟悉关系型数据库，如 MySQL/PostgreSQL 等，熟悉 NoSQL, 如 Redis 等\r\n- 良好的编程与测试习惯\r\n- 熟悉使用 Git\r\n- 熟悉 Unix/Linux 系统\r\n- 良好的英文能力\r\n\r\n**加分项**：\r\n\r\n- 熟悉 Ruby/Ruby on Rails 者优先\r\n- 有一定的前端能力，熟悉 HTML, CSS, Javascript\r\n- 有大规模、高并发系统相关的设计和开发经验者优先\r\n- 有一个亮瞎眼的 GitHub           \r\n\r\n**工作职能**：\r\n\r\n- 大部分时间需要做系统架构和项目开发\r\n- 有时候需要 pair programming，指导 junior 的程序员开发，做 code review\r\n- 经常要和项目经理、设计师合作，对于功能和交互设计给出意见\r\n\r\n**请发送以下内容至 jobs@ekohe.com**\r\n\r\n- 中文或英文简历\r\n- GitHub 主页；\r\n- 参与的项目或其他工作成果", "title": "[上海]Ekohe-易空海诚聘后端开发工程师", "reply": 8, "click": 1579, "user_id": 198249, "user_name": "claire319"}