{"id": 355954, "create_time": 1492593833, "create_datetime": "2017-04-19 17:23:53+08:00", "content": "[招聘 iOS 资深工程师] 25K-40K 统招一本以上学历  \r\n\r\n[投递邮箱] guqiuyuan@imusics.net(投递前注意仔细看 JD 哈 O(∩_∩)O ）\r\n\r\n[工作职责]\r\n\r\n    开发公司 iOS 移动应用产品或框架；\r\n\r\n    移动应用核心技术研发；\r\n\r\n    学习和研究移动客户端新技术；\r\n\r\n    根据开发过程中的体验对产品提出改进建议；\r\n\r\n    配合市场等其他部门,提供产品相关技术支持。\r\n\r\n[职责要求]\r\n\r\n1.统招一本及以上学历（硬性要求）；\r\n\r\n    有强烈的求知欲和进取心；\r\n\r\n    具有扎实的编程工底，良好的设计能力和编程习惯；\r\n\r\n    熟练掌握 Objective-C/Swift, 熟悉 iOS ；\r\n\r\n    能独立开发 iOS App ；\r\n\r\n    学习能力强，具有良好的沟通能力和良好的团队合作精神。\r\n\r\n----------------------------------------------------------------------------\r\n\r\nPUSiC （谱思科技）在线音乐平台，产品主要面向东南亚市场，在日本，韩国等地拥有大量的用户，每日活跃用户数百万，目前运营模式处于盈利阶段。 团队成员都毕业于国内一流名校，曾就职于微软，腾讯等知名移动互联网企业。我们是一群移动互联网创业老兵，曾作为明星级创业公司创始期核心成员，亲手缔造了如今拥有上亿用户人人皆知的的明星级产品。\r\n\r\n[关于发展] 1 、 我们成长快速，前景广阔，能给优秀的你更大的舞台。 --每天获得大量用户反馈 --参与庞大访问次数的实时个性化系统构架的迭代 2 、 优厚的短期长期回报和大幅上升的空间。 --我们提供媲美名企的薪资，外加股票期权 --同时免费提供浩沙健身，精彩 building 不间断。 3 、 我们倡导精英团队，摒除大公司的冗杂人事，始终保持快速沟通的做事方式。 --每个方向保持很小的团队，保持干练 --扁平，没有通货膨胀的 title ，没有客套的称呼 4 、我们是国际化的团队 --我们的用户不但来自五湖四海，更来自世界各地，我们为日本，韩国，台湾，香港，泰国，马来西亚等十多个国家和地区提供优质的音乐服务 --这里，你能感受到不同文化的碰撞和挑战，不同语言和音乐的魅力。\r\n\r\n[关于希望] 对架构设计，代码简洁，实现质量有很高的标准，对 bug 有深恶痛绝的厌恶 无论是否经历过创业的成功或失败，依旧有一颗希望通过技术改变世界的心 认为创业本身是一种生活态度， it may sucks, but you're gonna love it.\r\n\r\n[公司福利] 五险一金、股权激励、三餐、水果、饮料、健身、软、硬件都棒棒哒~\r\n\r\n期待同样优秀的你加入！", "title": "[北京招聘 iOS 资深开发工程师]谱思科技-- 和优秀的人一起做优秀的事", "reply": 1, "click": 1207, "user_id": 149196, "user_name": "imusicshr"}