{"id": 820048, "create_time": 1638611736, "create_datetime": "2021-12-04 17:55:36+08:00", "content": "目前 thoughtworks 需要大量后端研发工程师，欢迎推荐，我可以进行内推，内推后面试效率高。\r\n\r\n公司介绍\r\nthoughtworks 是一家全球性的软件及咨询公司，通过软件设计和软件工程帮助企业开启流畅数字化之路。\r\n\r\n公司优势\r\n1. 看项目情况，作为项目交付的研发基本不加班，work life balance\r\n2. 公司内部有很浓厚的学习文化，并且有专门负责培训的团队，各种培训课程\r\n3. 每年各地都有出海计划，可出海到全球各地包括：德国、澳大利亚、新加坡、美国等，国内也可以转 base\r\n4. 公司追求精益文化，在软件工程层面有很多方法论和实践，比如：DDD 、TDD 、极限编程、结对编程等等\r\n5. 公司内部大佬云集，并不断致力于推动社区发展，诸如：技术雷达、DDD 社区等等\r\n6. 组织架构扁平，geek 风格，工作不压抑\r\n7. 公司美女众多，会考虑男女比例，是全球最佳女性科技人员雇主之一，欢迎广大程序猿加入\r\n\r\n职位描述\r\n1. 参与交付项目的开发，目前项目主要是利用 JVM 系语言做交付，如：Java 、Kotilin\r\n2. 看能力情况，会有带团队的需求\r\n3. 帮助团队在工程层面确保软件交付质量，如：CI/CD 的搭建，组织每日 code review 等等\r\n4. 解决项目上的技术难题\r\n\r\n职位要求：\r\n1. 对于候选人后端技术栈语言不限，只要有信心能够通过 Java 的编程模拟题就行，因为后期项目还是以 JVM 系语言为主，模拟题也主要是考察编程基础和业务理解\r\n2. 工作年限尽量满足 4-10 年左右，总体来说算是中高级开发职位的社招\r\n3. 能够熟练地编写高质量的代码，有良好的编程风格，对 OO 等有 sense\r\n4. 熟悉敏捷方法，如极限编程(XP)、Scrum 和看板\r\n5. 提倡技术上的卓越，同时在需要的时候保持开放的态度\r\n6. 加分：喜欢开源软件，乐于知识分享；有参与开源共享、社区线上线下分享经验\r\n\r\n\r\n如有兴趣，欢迎投递，同时请注明：职位-姓名-V2EX 。\r\ndongdong.xu1(AT)thoughtworks(DOT)com", "title": "[内推][武汉/深圳/香港] thoughtworks 招 Java / Kotlin 后端研发工程师（20K ~ 40K * 16）", "reply": 4, "click": 930, "user_id": 522041, "user_name": "edisonhsu"}