{"id": 821403, "create_time": 1639132271, "create_datetime": "2021-12-10 18:31:11+08:00", "content": "头部交易所。\r\n行业前三，，链圈优质赛道，拒绝加班，1075 工作制，全球轮岗，可全周居家办公！\r\n\r\n\r\n健身房，工作餐，下午茶，项目奖金，p6 以上几十万入职激励，超一线的薪资。\r\n\r\n公司提供团建费每周每人 200 ，年会 3 台保时捷和各种高端电子产品\r\n\r\n急招 Java ，前端，Android/iOS ，数据开发，数分，算法，测试，公链，钱包，Defi ，元宇宙，运营，品牌，产品！入职配备最新 2021 款顶配 MBP16,OK 入职大礼包。有意向的朋友们简历发到 silver.l.bell@foxmail.com ，有发必回\r\n![]( https://ftp.bmp.ovh/imgs/2021/12/01bf2bf39f60ca02.jpg)\r\n![]( https://ftp.bmp.ovh/imgs/2021/12/48c44794f78e2770.jpg)\r\n![]( https://ftp.bmp.ovh/imgs/2021/12/6430569ce90915be.jpg)", "title": "OK Group 区块链头部公司，大量 HC，分布式办公，来这里找回你生命的自由！", "reply": 49, "click": 3560, "user_id": 318248, "user_name": "silverbooker"}