{"id": 505428, "create_time": 1541578297, "create_datetime": "2018-11-07 16:11:37+08:00", "content": "上海端御信息科技公司请有识之士加入，期待您成为我们的 core member/team leader~\r\n\r\n员工福利：\r\n1.五险一金+；\r\n2.法定假期+带薪年假+带薪病假+； \r\n3.员工生日福利+每月团建+下午茶+午餐津贴+； \r\n4.岗位培训+； \r\n5.良好的发展平台+：\r\n6.待开发； 我们的宗旨是使每个员工都有机会施展自己的才能。\r\n\r\n✦ 岗位信息 ✦\r\n\r\n 信息安全工程师（全职 /实习）\r\n > 职位信息  \r\n- 参与公司的渗透测试、威胁响应、攻击溯源等常规安全服务业务；\r\n- 撰写渗透测试报告以及相关服务测试文档；\r\n- 参与编写辅助渗透测试工具。\r\n\r\n > 职位要求  \r\n- 熟悉 Windows/Unix 操作系统；\r\n- 熟悉 HTTP 协议，常见数据库及 IIS、Apache、Tomcat 等中间件的使用，了解 SQL 语句；\r\n- 熟悉渗透测试的步骤、方法、流程，熟练掌握各种渗透测试工具；\r\n- 熟练掌握 C, python, java 等编程语言至少一种；\r\n- 良好的团队合作精神和较强的沟通能力；\r\n- 对网络攻防技术具有浓厚的兴趣爱好。\r\n\r\n > 加分项  \r\n- 了解 CTF 比赛或有参赛经验者优先；\r\n- 了解漏洞挖掘经验者优先；\r\n- 拥有 CVE 编号者优先；\r\n- 有相关实战经历者优先；\r\n- 能够独自分析及编写相关 exp 优先。\r\n\r\n机器学习工程师（实习）\r\n > 职位信息  \r\n-协助项目进行数据处理工作\r\n-参与算法的实现以及模型结果评估\r\n\r\n > 职位要求  \r\n-扎实的数学基础（包括高等数学、线性代数、概率论等）\r\n-拥有较好的算法基础\r\n-熟悉常见的机器学习算法（ LR、SVM、K-means 等）\r\n-掌握 python/C/C++/golang/java 等其中两门以上语言\r\n-CET-4/CET-6 证书\r\n\r\n > 加分项  \r\n-有数据处理经验优先\r\n-有 kaggle 等竞赛经历优先\r\n-有省市级比赛（ ACM、数模等）经验优先\r\n-课设为相关机器学习方向优先\r\n\r\n联系人：方小姐\r\n电话：13761586207\r\n邮箱： join@rtshield.com", "title": "[社招] [上海] [福利多]机器学习工程师、信息安全工程师", "reply": 4, "click": 1575, "user_id": 320069, "user_name": "RTShield"}