{"id": 198646, "create_time": 1434342815, "create_datetime": "2015-06-15 12:33:35+08:00", "content": "关于我们的介绍可以参见这个帖子http://v2ex.com/t/190812 \r\n\r\n－－－－－－－－－－－－－－－－－－－－－－－－－－－－－－－－－－－－－－ \r\n我们是一家初创型公司，主要致力于一站式云计算和大数据平台的研发和运营。公司刚拿到某知名机构的天使资金，团队正在快速扩张中，来这里你将成为我们的初创核心，一起经历美妙的早期创业旅程！\r\n\r\n几个创始人都非常nice，虽然都是top2高校+BAT工作背景，但是不会有任何距离感哦。公司的管理方式非常人性化，一切都由你自己做主，完全弹性的工作时间，累了就早点回家休息吧。\r\n\r\n这样的公司待遇一般吧？NO！！！我们始终坚信：人才是公司最珍贵的财富。我们曾来自BAT，我们愿意给予BAT标准的薪资水平。当然少不了每半年的晋升加薪，各种过节礼品，绩效奖金，交通补助，加班餐补，团队腐败，带薪年假……\r\n\r\n如果你工作中表现出了一定的领导和运营能力可以快速成长为公司核心管理人员，并给予丰厚期权，甚至成为我们的合伙人。到时候大家一块聊聊以后上市的事情吧~~\r\n\r\n\r\n\r\n高级产品经理 \r\n 8k-15k 北京 经验1-3年   本科及以上 全职\r\n 职位诱惑 : 弹性时间 五险 初创核心 期权激励 交通补贴  \r\n\r\n职位描述：\r\n\r\n负责平台的产品原型设计，商业模式规划，能够在产品方面具有独当一面的能力。\r\n\r\n理解产品架构和发展方向，对平台产品的质量负责。\r\n\r\n完成平台网站、用户指南等企业服务页面的产品设计和部分文案工作；\r\n\r\n完成产品交付的全过程，不断优化迭代、提升产品质量。\r\n\r\n \r\n\r\n任职资格：\r\n\r\n有 2 年以上的平台产品或客户产品经验，对面向企业和开发者的产品有一定的理解；\r\n\r\n具备相当的产品设计知识和经验并能够应用于实践；\r\n\r\n了解企业服务和B2D市场，了解多种云服务业务；\r\n\r\n具备敏锐的市场意识、广阔的视野、良好的洞察力和创造性的思维。\r\n\r\n\r\n\r\n\r\n\r\n\r\nRuby工程师（15-25k） [可实习] \r\n\r\n职位要求：\r\n\r\n-自学能力强x3\r\n-善于独立思考，基础知识扎实\r\n-熟练使用Ruby语言及Rails框架\r\n-能熟练写出清晰整洁，可复用，注释良好的代码\r\n-有编写自动化测试用例的习惯\r\n-有良好的编写开发文档的习惯\r\n-有良好的分析解决问题能力，能规划和把控开发进度\r\n-熟悉Linux，Nginx，Git，Mysql，Redis，MongoDB\r\n-熟悉常用的设计模式\r\n-熟悉web后台开发的基本架构\r\n\r\n岗位职责：\r\n\r\n-负责平台后端的开发和维护\r\n-根据产品需求，分析给出解决方案\r\n-和前端工程师一起研讨技术实现方案，设计服务接口\r\n\r\n加分项：\r\n\r\n-熟悉自动化部署工具Chef，Puppet，Ansible\r\n-能熟练使用前端技术HTML/CSS/JavaScript，独立完成完整的web应用\r\n-熟悉HTTP API设计规范\r\n-熟练阅读英文技术文档，擅长独立解决问题\r\n-有丰富的web应用开发实践经验（不论是个人项目还是组织，公司项目）\r\n-熟悉CloudFoundry，Docker\r\n-参与过开源项目或者有写技术博客的习惯\r\n\r\n\r\n\r\n\r\n\r\n\r\n简历地址： hr (AT) apips.cn :)", "title": "[北京] 云计算初创公司前端工程师招募中！{newly updated} [可实习]", "reply": 0, "click": 1515, "user_id": 115726, "user_name": "yypswr"}