{"id": 664178, "create_time": 1587351399, "create_datetime": "2020-04-20 10:56:39+08:00", "content": "## 职位描述\r\n\r\n1. 根据产品定义，完成各类开发文档的整理和编写；\r\n2. 根据开发进度和任务分配，完成相应模块软件的设计、开发、编程任务；\r\n3. 参与整体系统架构的设计、讨论与实现；解决疑难技术问题，提供技术解决方案；\r\n4. 保证底层系统的结构合理性，并能不断的优化结构、提高性能；\r\n\r\n## 职位要求\r\n\r\n1. 熟悉 Java 语言编程，具备 3 年以上 Java 开发经验，掌握 JVM 和并发编程，理解 io 、多线程等基础框架，具备有大型企业应用系统开发相关经验\r\n2. 熟悉 Sql Server 、MySQL 、Oracle 中至少一种数据库，有数据库设计和优化经验\r\n3. 熟练掌握 Spring 、spring cloud 、spring boot 、zookeeper 、redis 、kafka 、mybatis 等框架\r\n4. 具备 WEB 前端相关技术(html/css/javascript)和经验，熟悉 vue 、nodejs\r\n5. 精通 Resin/Jetty/Tomcat 其中两种以上主流应用服务器；\r\n6. 熟悉分布式系统的设计和应用，熟悉微服务架构模式，了解云原生应用；\r\n7. 具备系统架构能力，熟悉分布式容错、分布式缓存、高并发等主流技术；\r\n8. 熟悉工作流引擎优先。\r\n\r\n## 简历投递方式\r\n\r\n简历我会初步筛选一下，满足条件的话会联系您\r\n\r\n邮箱: yaolishen@corp.netease.com", "title": "[内推][广州网易游戏互娱]在线游戏事业部-高级/资深 Java 开发工程师", "reply": 2, "click": 1074, "user_id": 396629, "user_name": "yaalsn"}