{"id": 201114, "create_time": 1435219872, "create_datetime": "2015-06-25 16:11:12+08:00", "content": "前端工程师 (2人）\r\n\r\n/配合设计师实现高品质跨平台web前端\r\n/对Web前端、手机Html5前端进行性能优化、浏览器兼容等\r\n\r\n/良好的艺术素养，对艺术设计潮流敏感\r\n/精通HTML5、CSS3、JavaScript等技术\r\n/熟悉Bootstrap、Jquery，velocity.js、transit.js等技术工具\r\n/理解能力强，能学习使用新技术\r\n\r\n只用兼容IE10！！只用兼容IE10！！只用兼容IE10！！！！(重要的事情说三遍）\r\n\r\n不要在框框里的写无聊的代码了 从框框里跳出来玩好玩的 实现程序猿的自由！自由！自由！\r\n\r\n去xxx的互联网 我们去折腾局域网 牛逼的要死 好玩的要死\r\n\r\n薪资15-25k\r\n薪资15-25k\r\n薪资15-25k(重要的事情说三遍）\r\n\r\n诚意跪舔 邮箱： recruit@emerge.cc\r\n诚意跪舔 邮箱： recruit@emerge.cc\r\n诚意跪舔 邮箱： recruit@emerge.cc(重要的事情说三遍）\r\n\r\n妹纸的电话 随时骚扰 18697140665 来吧 约不约！！！！！\r\n\r\n其他在招职位：UI设计师/产品工程师/硬件项目经理\r\n\r\n公司介绍：\r\n\r\nEmergeLabs是一家创意导向的智能硬件创业公司。我们是一群痴迷创新的年轻人，想把最新的技术和独特的设计灵感结合为用户提供极致的使用体验。\r\n\r\n你将要参与的是一个兴奋的项目。\r\n\r\n这不是另一个App，而是一款为改变互联网体验而生的硬件产品，一款刷新每个人对互联网理解的基础设施。我们相信下一个互联网体验变革的距离并不遥远。\r\n\r\n我们会一起努力，让你所构思的交互变成运转的电路和程序；\r\n\r\n我们会一起努力，让你所做的每个像素变成活的、可触摸的实现；\r\n\r\n我们会一起努力，让你所想的工业设计走出纸面、走进人们的家；\r\n\r\n这里是一个给有想法人的空间：\r\n\r\n不再为客户一日三变的要求打乱创意，你有想法就来尝试；\r\n\r\n不再受机构里条条框框的约束，我们自己探索无限可能；\r\n\r\n我们一起发现引导用户需求，让用户对产品每个细节赞叹不已；\r\n\r\n我们一起把工作室里炫酷的装备带入千家万户，让我们的产品变成现代生活符号；\r\n\r\n现阶段EmergeLabs处于项目开发关键阶段，在各方积极寻求各方面牛人和我们一起把理想变成现实。", "title": "#北京望京# #好玩的 有激情 自由的 写代码#不贪心只要兼容 IE10 Web 前端工程师（ HTML5/CSS3/Bootstrap/Jquery/nodejs/前端后端都是用 js 实现）", "reply": 5, "click": 1738, "user_id": 102408, "user_name": "StudioEmerge"}