{"id": 510807, "create_time": 1542958182, "create_datetime": "2018-11-23 15:29:42+08:00", "content": "岗位职责：\r\n\r\n1、 提取和整理平台上商品相关数据等相关信息；\r\n\r\n2、 对平台上的商品价格进行计算并标价，建立商品库；\r\n\r\n3、 配合公司在平台上更新扩充商品 SKU/SPU 数据。\r\n\r\n任职要求：\r\n\r\n1、 本科及以上学历，专业不限；\r\n\r\n2、 对数字敏感，理解能力好，学习能力强，具有强烈的责任心；\r\n\r\n3、 热爱互联网，熟练使用各种办公软件；\r\n\r\n4、 周一到周五至少工作 4 天，可持续实习至少 2 个月；\r\n\r\n5、 接受 2019、2020 或 2021 年毕业在校生；\r\n\r\n6、 需要自带电脑实习；\r\n\r\n7、 能尽快到岗。\r\n\r\n加分项非必要项：\r\n\r\n1、 国际贸易或电子商务相关专业；\r\n\r\n2、 有在电商行业运营实习经验或贸易公司报价实习经验；\r\n\r\n3、 英文书面可\r\n\r\n \r\n我们将提供给你：\r\n\r\n1、 熟悉了解电商行业的机会；\r\n\r\n2、 专人带教，快速积累实践经验；\r\n\r\n3、 实习费 150-170 元 /天；\r\n\r\n4、 市中心办公；\r\n\r\n5、 年轻充满活力的团队；\r\n\r\n6、 更多信息等你来发现。\r\n\r\n人数：20\r\n\r\n工作地点：上海 - 市中心 - 地铁 10,13 号线新天地地铁站附近 SOHO 复兴广场\r\n\r\n有兴趣的同学们请投递简历到 zhenli@designchain.com.cn ，欢迎大家相互奔走相告投递简历哦！！", "title": "联设空间 2019 年商品运营实习生招募啦！这次要 20 人哦！", "reply": 0, "click": 1024, "user_id": 326533, "user_name": "designchain"}