{"id": 486250, "create_time": 1536111733, "create_datetime": "2018-09-05 09:42:13+08:00", "content": "## 写在最前\r\n\r\n**抖音**是字节跳动旗下的核心产品之一，于 2016 年 9 月上线，一年多时间就成为了行业内现象级的短视频应用。截止到 18 年 6 月，抖音的国内日活突破 1.5 亿，刷抖音已经成为当下人们记录美好生活的方式。在 2018 年第一季度，抖音海外版 Tik Tok 一跃成为全球下载量第一的 iOS 应用，超过了 Facebook、YouTube 和 Instagram。\r\n\r\n**火山**是字节跳动旗下的一款手机社交 APP，主打 15s 短视频和娱乐生活直播。致力于打造全国最大的短视频社交平台，通过短视频帮助用户迅速获取内容，展示自我，获得粉丝，发现同好。目前火山也已经是日活千万量级的社交 APP。\r\n然而，DAU 一年从万到千万和亿的指数性增长也给抖音 /火山幕后的技术团队带来了巨大的挑战，在这个过程中，抖音 /火山技术团队不仅需要不断迭代、优化用户的体验，还要防止用户爆发性增长带来的不稳定性。\r\n那么，抖音 /火山技术团队在背后付出了哪些努力呢？期待你加入后一起探寻！\r\n\r\n## 为什么加入\r\n\r\n### 诚意满满的员工福利\r\n1. 就近租房补贴：减少通勤时间，就近租房可享受租房补贴，减少租房和交通压力；\r\n2. 免费三餐和下午茶、夜宵，无限量零食：味觉和营养并重；\r\n3. 免费健身房福利：关注健康和身材；\r\n4. 六险一金、生育礼品、员工体检、个人综合消费贷款；\r\n5. 5 折享受英语在线课程，6 折享受子女 1 对 1 英语课程；\r\n6. 免费子女商业保险，分担潜在就医支出；\r\n\r\n### 年轻有活力的文化氛围\r\n\r\n1. 不重职级，扁平管理：团队内部不讲 title 和等级，流程简短高效，沟通坦诚清晰！\r\n2. 不看资历，选贤任能：做事看能力而非资历，信任新人、给足空间！\r\n3. 务实敢为，追求极致：在更大范围找最优解，不断提高要求，延迟满足感！\r\n4. 坦诚清晰，开放谦逊：实事求是，准确、简洁、直接，ego 小，积极听取多方意见！\r\n\r\n### 巨大的技术挑战、发挥空间\r\n\r\n1. 业务前景：亿级日活、数据持续快速增长、用户渗透强，新人能随业务快速成长；\r\n2. 发挥空间：业务发展快，挑战和发挥空间极大，更大化体现个人价值；\r\n3. 团队牛 X：团队牛人多，战斗力极强，mentor 和团队大牛亲自带你飞！\r\n\r\n## 校招攻略\r\n* 投递完完毕请联系我（ luoruiciATbytedance.com ），查看招聘进度，以及各种 Q&A ；另，如果想要更快的速度，可以申请白金内推码直接进入面试环节，欢迎优秀的大家用优秀的简历堆满我的邮箱~\r\n* 内推码：**NCVPHDB** （内推码可免去简历筛选环节，优先进入笔试环节！）\r\n* [招聘流程+宣讲行程]( https://job.bytedance.com/campus/flow)\r\n* [投递简历请戳我我我，不要忘了内推码哟]( https://job.bytedance.com/campus/position)\r\n* [校招 Q&A]( https://job.bytedance.com/campus/q&a)\r\n\r\n\r\n## 你不知道的字节跳动\r\n\r\n* [第一份工作在字节跳动是什么体验]( https://mp.weixin.qq.com/s/gRI2sfNRl6tWHkjuF-jjYA)\r\n* [你好，未来出类拔萃的研发专家]( https://www.toutiao.com/i6592818293772386830/)\r\n* [舌尖上的字节跳动]( https://www.toutiao.com/i6592079484239741448/?wxshare_count=2&pbid=15805363094)", "title": "字节跳动校招内推", "reply": 8, "click": 2733, "user_id": 36519, "user_name": "luoruici"}