{"id": 498599, "create_time": 1539786340, "create_datetime": "2018-10-17 22:25:40+08:00", "content": "# 平安科技-平安科技数据库产品团队监控及运工作\r\n## 职责\r\n1. 负责数据库监控系统 /运维管理平台的设计、开发、运营工作；\r\n2. 负责监控 /管理平台和其他系统对接工作；\r\n3. 负责跟进平台的运营监控和数据分析工作；\r\n4. 研究新兴技术，持续优化系统架构。\r\n## 要求\r\n1. 具备 2 年及以上 Golang 开发经验；\r\n2. 熟悉各种关系型数据库(Oracle/PostgreSQL/Mysql)和 NoSQL(Redis/MongoDB/Influxdb)数据库；\r\n3. 熟悉 nginx,nsq,kafka 等技术产品；\r\n4. 熟悉 RESTful API 规范，并有丰富开发经验；\r\n5. 有监控和自动化运维产品开发经验者优先。\r\n\r\n**wechat:siorri**", "title": "招聘 golang 开发工程师", "reply": 0, "click": 1512, "user_id": 287330, "user_name": "bluetoy"}