{"id": 817198, "create_time": 1637575198, "create_datetime": "2021-11-22 17:59:58+08:00", "content": " [工作岗位] 资深 golang 工程师  \r\n [工作薪资] 面议  \r\n [工作地点] 远程，任何地点  \r\n [职位描述]   \r\n1 、负责后端服务开发的完整生命周期，包括且不限于设计、开发、测试、部署、运维和优化；\r\n2 、基于微服务架构，为各类项目需求设计架构和技术方案、开发后端功能并撰写设计文档和测试文 档；\r\n3 、编写简洁、高效、清晰和可测试的代码，并通过单元测试、集成测试和 CodeReview 等保障代码质 量；\r\n4 、参与各种头脑风暴会议并对用到的技术、算法和产品功能提出意见和建议；\r\n5 、同产品、增长、运营和市场等团队协作，理解业务需求，归纳功能用例，并转化为高效的技术解决 方案。\r\n\r\n [工作岗位] 高級前端工程師  \r\n [工作薪资] 面议  \r\n [工作地点] 远程  \r\n [职位描述]   \r\n1 、 相关项目产品 Web 前端原型和代码实现与开发\r\n2 、 负责高质量编码设计，承担业务重点技术攻坚，保证高可靠、高性能、高可扩展的业务支撑；\r\n3 、 探索和优化前端团队的开发模式和流程规范，提高团队的效率。\r\n4 、 持续的优化相关的产品的质量、性能、用户体验。完善业务监控，报警和体验评估\r\n5 、 与 UI 设计师、后端开发人员紧密配合，完成产品的整体开发\r\n\r\n [工作岗位] 代码审计工程师  \r\n [工作薪资] 面议  \r\n [工作地点] 远程  \r\n [职位描述]   \r\n1 、负责 0day 相关挖掘；  \r\n2 、对程序中未知的安全漏洞和代码缺陷，并对漏洞进行验证，编制安全加固报告；  \r\n3 、能对常见的漏洞原因、原理、可利用性、风险程度等相关分析报告。  \r\n [任职要求]   \r\n1 、3 年以上安全行业经验，具有 0day 挖掘能力；  \r\n2 、有实际的 php 、java 漏洞挖掘经验；  \r\n3 、熟练掌握掌握主流的源代码审计工具，如 Checkmarx CxEnterprise 、Armorize CodeSecure 、Fortify SCA 、RIPS 等；  \r\n4 、熟悉常见安全攻防技术和安全漏洞，熟悉常用渗透测试工具；  \r\n5 、熟悉常见 Web 安全漏洞分析与防范；熟练掌握源代码测试工具及测试流程，有源代码安全检测实战经验者优先录用。  \r\n如有意向，可投简历至： julia.real@foxmail.com", "title": "[远程] 资深 golang｜资深前端｜代码审计｜ MI&电竞行业｜任何地点可远程", "reply": 8, "click": 1318, "user_id": 525503, "user_name": "JuliWu"}