{"id": 495722, "create_time": 1539003098, "create_datetime": "2018-10-08 20:51:38+08:00", "content": "产品技术部｜后端工程师（ Java 方向）\r\n广州 正职 1 名\r\n\r\n岗位职责：  \r\n1.熟练掌握常见的数据结构和算法； \r\n2.熟悉 Spring boot, Redis, RabbitMQ 等常用主流框架； \r\n3. Java 基础扎实，具备良好的面向对象编程经验； \r\n4.熟悉 MySQL 数据库，有 SQL 优化经验； \r\n5.熟悉 Linux 环境，熟练使用 Git。 \r\n\r\n加分项：      \r\n1.掌握除 Java 以外的任意一门后端语言； \r\n2.提供有意义的 GitHub 主页或技术博客主页； \r\n3.良好英文阅读能力； \r\n4.有相关经验者优先。 \r\n\r\n\r\n---------------------------------------------------------\r\n\r\n\r\n公司介绍：\r\n\r\nWhatYouNeed 是一个致力于挖掘新一代年轻人的精神文化需求的青年媒体平台。\r\n\r\n我们将自己定义为“一个年轻人的聚集地”，并且正在聚集越来越多的创作者、策划人以及优质读者。我们相信，我们的聚集将会产生价值，并与这一独特的群体共同成长。\r\n\r\nWhatYouNeed 微信公众号，聚集了超过 130 万追求精神生活和新生活方式的年轻人，累计点击率已经超过 8 千万。 在 2018 年，开始致力于发展线上产品，为年轻人创造更有价值的生活方式。", "title": "[广州 CBD] [ Java ] 后端工程师 | 小程序 | 超过 20 万青年用户", "reply": 2, "click": 831, "user_id": 354344, "user_name": "Whatyouneed"}