{"id": 205497, "create_time": 1436830923, "create_datetime": "2015-07-14 07:42:03+08:00", "content": "掌赢信息科技求贤令！\r\n公司概述：\r\n3G/4G/WIFI 等无线通信技术正在引领新一轮的通信及互联网产业革命，掌赢科技专注于移动视频社交领域，致力于构建覆盖全世界的视频互动网络平台，以帮助人类实现5A 级交流为使命，即在任何时候、任何地点，可以和任何人，就任何事进行任何形式的沟通交流（Anytime、Anywhere、Anyone、Anything、Anyform），为真正使人类进入全时空沟通时代而不懈奋斗！\r\n如果你有 Write the Code. Change the World 的雄心壮志；\r\n如果你有技术，有责任感，有超越常规思维的广阔视野；\r\n如果你有各种新奇的想法，并渴望将它们一一实现；\r\n如果你有终有一日成为技术大神的信念与梦想；\r\n我想，我们会一见钟情~\r\n [我们能够给你提供] \r\n1.顶尖薪资待遇：本硕研发实习生薪资1.2万起（面试评分90~94，试用期一个月，试用期6k；面试评分\r\n95，无需试用期，薪资亦不设上限），博士实习生15K 起（试用8K），全职面议（高于 BAT）。\r\n2.全球顶尖的团队导师：国内一线互联网公司顶尖互联网企业技术精英组成的团队作为你的导师。\r\n3.核心技术的能力锻炼：在这里，你永远不会被边缘化；在这里，你可以接触到最核心的技术架构；在这\r\n里，你永远不会被当做是一颗螺丝钉。\r\n4.雅典的人文关怀：工作时间自由弹性；部门聚会温馨任性；订书系统开放随性；茶点零食多样供应。\r\n5.坐标南京、北京：南京公司在鼓楼附近，北京公司位于五道口附近。\r\n公司官网：www.zhangying.mobi\r\n公司现在目前主要产品主页：www.chatgame.me\r\n\r\n（1）iOS客户端研发架构师 [急需] \r\n [工作地点] \r\n南京/北京（九月份之前入职的话需要在北京和团队磨合）\r\n [招聘人数] \r\n1人\r\n [岗位职责] \r\n1、主导iOS移动终端产品技术架构的设计；\r\n2、参与项目需求分析和系统设计；\r\n3、完成核心/重要模块的设计、编码、测试以及相关文档；\r\n4、主导代码设计、审核和检查；\r\n5、能独立解决开发中遇到的难点问题；\r\n6、主导系统稳定性、性能和扩展性调试；\r\n7、完成移动终端产品iPhone版的开发、测试、发布；\r\n8、与团队成员充分、有效沟通协作，指导和训练其它工程师。\r\n [任职要求] \r\n1、大学本科及以上学历；5年以上iPhone、iPad应用开发经验；\r\n2、具备扎实的C/C++、Objective-C及Xcode/IB 编程基础，熟悉 Mac OS及GCC的使用；\r\n3、精通 iPhone SDK开发环境及底层调用；\r\n4、精通iOS操作系统和Xcode开发环境；\r\n5、熟悉无线互联网络应用开发，精通socket和http网络接口编程；\r\n5、熟悉iPhone的摄像头、音频、蓝牙等设备API接口，并有丰富使用经验；\r\n6、责任心强，富有创新意识，具备良好的沟通能力和团队协作精神；\r\n7、有APP Store上架作品或相关作品者优先。\r\n\r\n（2）iOS研发高级工程师 [急需] \r\n [工作地点] \r\n南京/北京（九月份之前入职的话需要在北京和团队磨合）\r\n [招聘人数] \r\n2人\r\n [岗位职责] \r\n1、负责iOS客户端主要功能模块的设计与代码编写；\r\n2、参与产品的系统设计，代码编写，单元测试和bug修复工作；\r\n3、编写iOS产品的程序设计等技术相关文档；\r\n4、与产品、测试等相关人员配合共同完成产品的研发工作。\r\n [任职要求] \r\n1、本科及以上学历，一年以上工作经验；\r\n2、有两年以上iOS/Objective-C、Xcode使用及开发经验；\r\n3、熟练掌握 Objective-C 及 iPhone SDK， Xcode， Interface Builder 开发环境，擅长iPhone UI开发；\r\n4、熟悉iOS App 开发流程，参与或独立进行过一次完整的iOS/iPhone App产品开发；\r\n5、责任心强，富有创新意识，具备良好的沟通能力和团队协作精神；\r\n加分项：\r\n6、有相关以下经验优先：有实际项目开发经验：OSX应用、iOS应用；有发布过开源项目；GitHub、StackOverflow、知乎等网站活跃用户；\r\n7、有App Store线上作品。\r\n\r\n（3） [iOS 开发实习生]  [特别急需] \r\n工作地点：北京/南京\r\n [岗位职责] \r\n1、负责 iOS 客户端主要功能模块代码的编写；\r\n2、参与产品的系统设计，代码编写，单元测试和 bug 修复工作；\r\n3、编写 iOS 产品的程序设计等技术相关文档；\r\n4、与产品、测试等相关人员配合共同完成产品的研发工作。\r\n [任职要求] \r\n1、本科及以上学历，\r\n2、有 iOS/Objective-C、XCode 使用经验；\r\n3、 掌握 Objective-C 及 iPhone SDK, XCode, Interface Builder 开发环境， 擅长 iPhone UI 开发优先；\r\n4、熟悉 iOS App 开发流程，参与或独立进行过一次完整的 iOS/iPhone App 产品开发优先；\r\n5、有 AppStore 线上作品者优先。\r\n\r\n感兴趣的朋友可以把简历和邮件命名为姓名+岗位+实习/全职发至 jliu@v5.cn\r\n [我是谁] \r\n我的名字叫做掌赢信息科技！想了解更多，请移步公司官网： http://www.zhangying.mobi/\r\n或者 www.chatgame.me 关注我们公司目前最新产品，可以让您进一步了解我司。", "title": "[高薪] 掌赢科技 iOS 架构师/工程师/实习生求贤令！！（实习起薪 12K，全职面议）", "reply": 16, "click": 3057, "user_id": 126113, "user_name": "juice123"}