{"id": 363237, "create_time": 1495527475, "create_datetime": "2017-05-23 16:17:55+08:00", "content": "我们有自己的小楼，自己的院子，环境 bigger than bigger ！\r\n我们有自己的食堂，自己的健身房，连冲凉房都准备好了！\r\n豪华茶水间，饮料、零食无限供应！\r\n在这你可以住泊寓，走路上班！\r\n有车的小伙伴超级福利，专属停车位，停车永远免费！\r\n我们每周都聚餐，每月去团建，出门就可以逛街！\r\n别以为龙华很远，现在的龙华就是十年前的福田，三条地铁线经过，交通四通八达！\r\n还等什么？赶紧来泊寓吧！\r\n\r\n---前方高能预警---\r\n\r\n工作职责： \r\n\r\n1. 负责业务系统业务代码开发 \r\n\r\n2. 负责应用接口开发，撰写相关接口文档 \r\n\r\n3. 项目持续迭代优化，配合产品经理制定开发进度\r\n\r\n\r\n任职资格： \r\n\r\n1. 精通 PHP，3 年以上开发经验，本科；\r\n\r\n2. 了解 MVC 设计模式，熟悉一种以上 PHP 开发框架，掌握面向对象编程思想 ；\r\n\r\n3. 精通 MYSQL 相关的 SQL 语句和相关的性能优化； \r\n\r\n4. 较强的业务、产品的理解能力，能够从用户、体验的角度思考问题 ；\r\n\r\n5. 有责任心及团队合作意识，能承担一定的工作压力，具有良好的沟通和表达能力；\r\n\r\n6. 熟悉 javascript,html 和一些基本的 css，掌握 http 协议相关原理，拥有基本的前端开发能力和排错经验；\r\n\r\n7. 有电商、房地产行业经验优先；有 you+、蘑菇、自如、warm+等长租公寓行业经验优先。\r\n\r\n工作地址：\r\n\r\n深圳 - 龙华新区 - 坂田 - 万科星火 online\r\n\r\n有兴趣的小伙伴可留下联系方式，或者去拉勾直接砸简历！\r\nhttps://www.lagou.com/jobs/2767598.html", "title": "[诚聘小伙伴] 万科泊寓后端 PHP 开发工程师~年 16 薪！高逼格环境！", "reply": 0, "click": 1585, "user_id": 232015, "user_name": "portapartment"}