{"id": 512816, "create_time": 1543486039, "create_datetime": "2018-11-29 18:07:19+08:00", "content": "## **职位描述**\r\n\r\n### **研发工程师**\r\n\r\n- 本科及以上学历，计算机或信息技术相关专业\r\n- 至少掌握一门编程语言，包括但不限于 C/C++、Java、Python 或 Objective-C\r\n- 扎实的计算机基础知识，包括操作系统、网络、数据库等\r\n- 扎实的算法和数据结构基础，具备「发现 - 分析 - 解决问题」的能力\r\n- 良好的团队协作精神，有责任心和 owner 意识\r\n\r\n---\r\n\r\n### **你将获得**\r\n\r\n- 不亚于 BAT 级别公司的薪资水平\r\n- 一家公司应有的所有体面配置（全顶配办公设备、五险一金、各种良心补贴等等）\r\n- 和能力相匹配的期权回报\r\n\r\n---\r\n\r\n## **团队介绍**\r\n\r\n### **「 Soda 苏打」是什么**\r\n一款有着高级趣味的社交 App，希望每个人在这里记录生活的同时，被发现、了解并获得认同。现已上架 App Store，欢迎体验。\r\n\r\n[‎ App Store 上的「 Soda 苏打」]( https://itunes.apple.com/cn/app/soda%E8%8B%8F%E6%89%93-%E9%85%B7%E5%88%B0%E6%9C%89%E6%9C%8B%E5%8F%8B/id1406224118?mt=8)\r\n\r\n---\r\n\r\n### **北京心连互通科技有限公司**\r\n\r\n- 正式成立于 2018 年 2 月\r\n- 2017 年 11 月完成天使轮的融资，估值 5000 万人民币\r\n- 2018 年 8 月完成 A 轮融资，估值 2.4 亿人民币\r\n- 公司规模：18 人\r\n- 办公地点：望京\r\n\r\n---\r\n\r\n可能是社交领域最优秀的团队之一，团队性格和我们产品的性格很像。\r\n如果你认为机会合适，或者喜欢我们的产品，欢迎随时和我们聊聊。\r\n\r\n如果有机会加入我们，希望我们能一起把她做得更好。\r\n\r\n---\r\n**联系方式**\r\n\r\n- 联系人：Eric\r\n- 微信 / 电话：18511491210\r\n- 邮箱： soda@soullink.com.cn\r\n\r\n*请注明来自 V2EX，thx*\r\n\r\n\r\n![]( https://ws3.sinaimg.cn/large/006tNbRwly1fxp30twsy4j31900u0asl.jpg)", "title": "[北京] [社交] Soda 苏打 招聘「研发工程师」", "reply": 4, "click": 1743, "user_id": 59064, "user_name": "cmlsy"}