{"id": 499941, "create_time": 1540200828, "create_datetime": "2018-10-22 17:33:48+08:00", "content": "PHP 开发工程师\r\n\r\n岗位职责:\r\n1、负责 App 产品的后台服务器技术架构设计，功能模块编码，及后台管理页面的实现；\r\n2、负责公司微信服务号的接口开发；\r\n3、负责公司官网，移动网站的开发维护\r\n4、配合前端网页工程师，完成各项 WEB 活动运营页面的开发；\r\n5、参于其他各项目中的编码工作；\r\n6、相关开发文档的整理与编写。\r\n\r\n任职条件:\r\n1、计算机或相关专业本科以上学历，5 年以上 php 开发经验；\r\n2、熟练使用 PHP 开发，熟悉 Apache 和 Nginx 的 PHP 环境配置和 PHP 应用，熟悉 ThinkPHP 框架；了解各种 WEB 缓存技术,了解网站构架和性能优化；熟悉 HTML/HTML5、JS、CSS，能精通 jQuery、W3C 标准、SEO 优化为佳；\r\n3、具备程序调试与程序故障分析能力；具备良好的代码编程习惯及较强的文档编写能力；能够写出高质量的 SQL 语句；\r\n4、沟通能力强，富于团队精神和敬业精神，能承受工作压力；\r\n5、有独立开发网站经验，熟悉和了解手机 APP 开发流程者优先。\r\n\r\n\r\n公司信息：衣邦人 ，“互联网+上门量体+工业 4.0 ”服装定制行业，致力于打造全球领先的时尚 C2M 平台\r\n成立时间：2014 年 12 月\r\n融资信息：17 年 9 月完成 B 轮 5000 万\r\n品牌代言人：朱亚文\r\n公司规模：500-1000 人，在中国拥有 40 个子公司，服务覆盖 200 多个城市，用户超过 45 万，微信粉丝 300 万。\r\n工作时间：朝 9 晚 6\r\n工作地点：杭州江干区下沙\r\n福利简介：六险一金，加班有免费加班餐，25 公里外搬家到 5 公里内有搬家补贴 2000\r\n\r\n我是产品经理啊，给个面子啊！！！！\r\n感兴趣的可以加个微信嘛似不似  微信号 18702308145。简历发邮箱也行 lifajian@beidukeji.com", "title": "[杭州-招聘] PHP 开发工程师 薪资大概 15-20k，可谈", "reply": 9, "click": 1372, "user_id": 238846, "user_name": "fajian"}