{"id": 360071, "create_time": 1494302293, "create_datetime": "2017-05-09 11:58:13+08:00", "content": "蓦然认知（ Moran ）是一家以认知计算为核心的人工智能公司，拥有领先的交互决策引擎 Mor。Mor 可称作小蓦机器人，他可以理解人类语言，并与人自然对话，驱动机器一起为人们提供更加友和高效的服务。我们相信 Mor 的持续演进将改变人与机器之间的交互方式和信息获取方式，并最终形成全新的互联网入口。\r\n发送简历给 recruiting@imoran.net \r\n公司地址：北京市海淀区王庄路清华同方科技大厦 D 座东楼 1506\r\n\r\n推荐算法工程师\r\n\r\n岗位职责\r\n1.\t与团队一起工作搭建信息流（ feed 流）服务\r\n2.\t使用机器学习算法，在海量数据上建立预测模型\r\n3.\t根据用户行为数据建立的用户模型，发现用户兴趣\r\n4.\t与基础构架团队一起构建稳定，可扩展的后端服务\r\n任职要求：\r\n1.\t1 年以上信息流（ feed 流）项目经验；\r\n2.\t有深厚的机器学习背景，理解常用的机器学习和数据挖掘算法\r\n3.\t有推荐、ranking、NLP、文本挖掘等方向的实际工程和项目经验\r\n4.\t熟练掌握 C++、Python、Java 等其中的一种或几种编程语言，参与过实际工程项目\r\n5.\t使用过 Hadoop、Spark 等并行计算平台中的一种或几种，对并行化计算有较深入的认识和理解\r\n\r\n安卓前端工程师全职\r\n\r\n任职要求：\r\n1. 良好的数据结构和算法基础, 精通 Java 编程\r\n2. 至少 1 年以上 Android SDK 开发经验，能独立完成设计和编码，并作为主力工程师完整开发过 1 个以上的上线 app\r\n3. 精通 Android UI 布局，精通不同机型适配，熟练掌握多线程、SQLite 数据库等操作\r\n4. 精通网络通讯协议，有 Restful API 使用经验\r\n5. 熟悉 Android 内存管理机制，有大规模数据缓存处理优化经验\r\n6. 熟悉 Android 各种开源组件和 Android 界面设计规范\r\n7. 熟练掌握自定义 view 开发，GitHub 有开源项目者优先考虑\r\n8. 熟悉 JNI 与 NDK 有实际开发经验者优先考虑\r\n\r\n语音识别工程师全职\r\n\r\n任职要求：\r\n1.数学、计算机信号处理、通信工程相关专业硕士或博士\r\n2.至少 1 年音频信号处理，语音识别或语音合成相关经验\r\n2.熟悉信号处理、语音识别核心算法（如阵列信号处理、HMM-GMM、深度学习等）\r\n3.熟悉 C/C++编程，会使用 Python 等脚本语言, 能编程实现音频处理算法\r\n4.熟悉 Kaldi 开源工具，了解降噪，回声消除等方法者更佳\r\n6.有良好的理解、沟通和逻辑分析能力\r\n7.学习能力强，积极主动，注重细节，做事耐心\r\n\r\n系统架构\r\n\r\n岗位职责：\r\n1.负责高可用、高可扩展在线服务系统的技术选型、设计和搭建；\r\n2.制定接口规范，编写核心代码\r\n3.推动自动化测试与部署，重构和优化现有技术架构；\r\n4.负责关键技术的调研，提高系统的扩展性、稳定性与安全性。\r\n任职要求：\r\n1.计算机相关专业本科及以上学历 ，算法和数据结构基础扎实；\r\n2.有 5 年以上后端开发相关工作经验，2 年以上大型互联网系统的架构经验；\r\n3.熟悉 MySQL，MongoDB, ElasticSearch 等常用数据库；\r\n4.熟悉 C/C++, PHP, Python, Java 等语言\r\n5.对技术有强烈的热情和好奇心，具备良好的学习能力, 分析解决问题能力及良好的沟通能力和文档能力；\r\n6.熟悉敏捷开发，能够领导和推进项目进展；\r\n7.阅读英文技术文档无障碍。\r\n\r\n算法工程师全职\r\n\r\n岗位职责：\r\n1.负责后端服务的研发和维护，策略 /算法的迭代升级\r\n2.相关领域的数据挖掘和自动更新\r\n3.支持产品线的效果迭代\r\n任职要求：\r\n1. 至少有 1 年自然语言处理 /机器学习 /数据挖掘方向的项目或工作经历\r\n2. 数据结构基础扎实，熟练掌握常用算法\r\n3. 熟悉 C++编程语言\r\n4. 熟悉 Linux 开发环境，熟练使用至少一种脚本语言 python/perl 等\r\n5. 善于思考，有较强的分析与解决问题的能力\r\n6. 踏实，上进，有较强的沟通协作能力\r\n\r\n深度学习\r\n\r\n岗位职责： \r\n1. 从事 DL 的相关工作的技术开发和优化 \r\n2. 从事 QA 问答，闲聊，话术生成等技术研发 \r\n任职要求：     \r\n1. 了解常用机器学习、数据挖掘或 nlp 模型算法，熟悉更佳\r\n2. 至少熟练使用一门编程语言(c/c++等)和脚本语言(python 等) \r\n3. 熟悉常用数据结构和算法，有较强的实现能力，有 ACM/ICPC 竞赛经验者优先 \r\n4. 具有统计或数据挖掘背景，并对机器学习算法和理论有较深入的研究优先 \r\n5. 有问答 /知识图谱等领域项目经验者优先\r\n6. 有深度学习应用经验者优先 \r\n\r\n商务拓展\r\n\r\n岗位职责\r\n1、 负责智能电视产品的商务合作拓展及接入，\r\n2、 负责接入智能电视产品的日常商务对接，接入产品后商品的智能渠道营销工作，\r\n3、 商务合作相关合同洽谈及签订，\r\n4、 分析产品数据，以持续优化产品策略及计划。\r\n任职要求：\r\n1、本科及以上学历，3 年以上商务拓展经验，至少 1 年智能电视市场及营销工作经验\r\n2、对行业有较深的理解，有互联网行业经验者优先\r\n3、具备把握方向和大局的能力，有高度的工作热情和良好的团队合作精神，思路清楚，乐于接受挑战\r\n4、 对人工智能行业有足够的热情，希望与公司一起成长\r\n5、 沟通力好，亲和力强，具备超强执行力。\r\n\r\n发送简历给 recruiting@imoran.net \r\n公司地址：北京市海淀区王庄路清华同方科技大厦 D 座东楼 1506", "title": "{北京} 持续招聘，惯性努力===蓦然认知", "reply": 4, "click": 1457, "user_id": 202324, "user_name": "MORHR"}