{"id": 199041, "create_time": 1434448412, "create_datetime": "2015-06-16 17:53:32+08:00", "content": "# 关于65group\r\n\r\n65group是新加坡起家的跨境电商公司，我们的目标是：Buy the world for you.\r\n\r\n是滴~口号用英文写，因为我们目标客户是海外用户，帮海外的用户，比方说新加坡的用户购买淘宝、亚马逊的商品。\r\n\r\n我们是一家“慢公司”，有耐心的在物流、客服等领域耕耘。经过5年发展，我们已有多个公司实体分布于新加坡、中国大陆（上海、广州、厦门、长沙等）、台湾、香港、马来西亚、美国等等。闷声做实事，去年才终于被一线风投“发现”，拿了A轮。\r\n\r\n我们也强调企业文化。不，不是那种洗脑式的企业文化，而是强调“仁爱 谦卑 激情 实效”与员工共同成长，分享收益的文化。\r\n\r\n我们业务持续高速发展，技术挑战也非常之大。套用句俗话，技术团队现在干的便是给飞奔的跑车换引擎的事。不仅引擎要换，我们还要在更多的跑道上冲刺。\r\n\r\n位于上海数字产业园的研发中心又要扩展了！\r\n\r\n以下所有职位薪资范围均是：\r\n\r\n* 10~25K+，13薪，季度奖，五险一金。\r\n\r\n# 安卓工程师\r\n\r\n坦白的讲，我们现在安卓的app做得比较差。『在手机上打开我们的app需要勇气』，这是我们设计师MM的原话。\r\n\r\n但是呢~在过去半年里，我们安卓客户端的日活翻了三倍！这大概就是传说中在风口上飞的猪的感觉吧~\r\n\r\n有兴趣一起边飞边从猪变成超人？我们希望您：\r\n\r\n* 熟悉安卓开发，activity life cycle应该闭着眼也能说对吧？\r\n* 热衷性能优化，对，这是手机，必须热衷性能优化！\r\n* 了解交互设计，读过Apple Human Interface Guideline想师夷之长技以至夷那就更好了！\r\n* 为自己写的代码骄傲！\r\n\r\n# .Net工程师\r\n\r\n没错~我们用.net。\r\n\r\n这是.net程序员最好的时代~ ^_^\r\n\r\n上回促销，我们的秒杀抢购程序用了类似[GroupCache](https://github.com/golang/groupcache)的分布式缓存，纯c#，实现CA，压测轻松跑满千兆带宽。\r\n\r\n有兴趣来写更多类似的.net程序？我们希望您：\r\n\r\n* 熟悉c#，泛型、async/await等语言特性烂熟于心\r\n* 有一定架构能力\r\n* 熟悉算法，至少得能反转二叉树 :P\r\n* 熟悉各SQL / NoSQL数据库使用\r\n* 为自己写的代码骄傲！\r\n\r\n# web前端工程师\r\n\r\ngulp, browserfy, react.js, bootstape等等我们都用，因为面向海外市场，我们的用户超过50%使用chrome。\r\n\r\n还在跟IE纠缠的前端工程师，有兴趣？我们希望您：\r\n\r\n* 熟悉web标准\r\n* 精通前端性能优化，至少得懂Last-Modified / Max-Age是常识对吧？\r\n* 熟练使用npm等前端构建工具\r\n* 为自己写的代码骄傲！\r\n\r\n有兴趣？简历请砸： wengwei[AT]team.65daigou.com", "title": "[上海]跨境电商求安卓/.net/web~10~25K+", "reply": 12, "click": 3043, "user_id": 31641, "user_name": "Wuvist"}