{"id": 660121, "create_time": 1586244625, "create_datetime": "2020-04-07 15:30:25+08:00", "content": " [关于长亭] \r\n\r\n长亭科技作为网络安全行业表现亮眼的新锐力量，以下一代 Web 应用防火墙雷池（ SafeLine ）为拳头产品，搭建攻、防、查、抓为核心理念的产品+服务应用安全塔防体系，连续三年实现营业额四倍增长。\r\n\r\n数年里，长亭科技不断创新升级产品，形成了系列针对各类场景的解决方案，陆续发布的解决方案涉及金融、区块链、互联网、云安全等多个方向，更全面、实际有效且满足需求的实践方案，受到了各行业资深专家和客户的一致好评。\r\n\r\n阿里云和长亭科技的战略合作，将实现双方产品和服务能力上的再次升级，无论是服务于 B 端客户，还是在安全产品和服务的创新上，长亭都将会有新的突破，深耕细作在安全行业内脱颖而出。\r\n\r\n更多详情请点击： https://www.chaitin.cn/zh/products\r\n\r\n\r\n [岗位职责] \r\n\r\n参与后端服务的需求分析与技术方案设计\r\n\r\n完成服务模块的编码与测试工作\r\n\r\n根据项目计划，按时提交高质量代码\r\n\r\n完成所负责模块的文档撰写\r\n\r\n\r\n [薪酬] \r\n20-40K * 14\r\n\r\n\r\n [岗位要求] \r\n\r\n熟悉 Python/Go/SQL 等后端相关编程语言，并有一定的深入研究和调研工作。\r\n\r\n熟悉常用数据结构与算法、操作系统内核、计算机网络与体系结构等，了解相关原理，基础扎实牢靠。\r\n\r\n熟悉至少一种常用后端框架如 Django，深入了解过内部实现原理。\r\n\r\n熟悉至少一种常用关系型数据库如 PostgreSQL 、MySQL 等并有一定的海量数据表设计、维护、调优与调研工作经历。\r\n\r\n熟悉至少一种常用非关系型数据库如 MongoDB 、Redis 等，了解相关实现原理与常用调优手段等。\r\n\r\n\r\n [加分项] \r\n有 DevOps 实践经验。\r\n\r\n了解前端相关技术，有前端相关开发经验。\r\n\r\n有自己深耕的开源项目，拥抱开源，为开源社区作贡献。\r\n\r\n扎实的计算机基本功，算法、操作系统、编译器、自动机、网络原理、汇编等。\r\n\r\n\r\n\r\n [简历投递] \r\n\r\n邮件格式：「 V2EX 招聘」「后端」姓名\r\n\r\n工作邮箱： xiao.zhao@chaitin.com\r\n\r\n通过筛选，快速回复！", "title": "[北京] [长亭科技] [后端开发 Go]", "reply": 0, "click": 877, "user_id": 447597, "user_name": "zoe1016aaa"}