{"id": 359035, "create_time": 1493868990, "create_datetime": "2017-05-04 11:36:30+08:00", "content": "人工智能研究员\r\n\r\n岗位职责\r\n1、负责人工智能领域前沿技术的研究与实现；\r\n2、负责人工智能、深度学习基础平台建设及相关研发工作。\r\n\r\n工作领域\r\n1、负责人工智能、深度学习领域的研发工作；开展深度学习平台研发；\r\n2、负责视频、图像领域的研发工作，包括视频、图像识别与分类，视频质量评估等；\r\n3、负责大规模 P2SP 网络调度算法研究；\r\n4、负责人工智能前沿技术领域，包括但不限于图像识别、视频处理、语音识别、自然语言处理等领域。\r\n岗位要求\r\n1、全球顶级名校计算机科学、机器学习、人工智能、模式识别等专业博士、硕士；\r\n2、有图像处理、视频编解码、语音识别、计算机视觉、自然语言处理等领域领的工作经验；\r\n3、精通至少一种计算机语言，如 C++、Java、Python、Matlab、R 等；\r\n4、在世界顶级期刊或会议 IEEE、SIGGRAPH、IJCAI、AAAI、CVPR、ICML、NIPS 等上发表过论文；\r\n5、具有很强的学习和研究能力，能够阅读相关领域英文论文；\r\n6、有深度学习项目经验者优先。\r\n\r\n音视频开发\r\n\r\n岗位职责\r\n1.对公司现有音视频 SDK 进行功能维护；\r\n2.对产品新需求进行需求分析及功能开发。\r\n岗位要求\r\n1.精通 C/C++语言、多线程编程，对网络编程有深入了解；\r\n2.理解 Android 和 iOS 平台特性，尤其对音视频采集及播放深入理解；\r\n3.掌握 autotools、cmake、makefile 等源码编译方式；\r\n4.熟悉 YUV、RGB 图像格式，PCM、AAC 音频格式等音视频开发基础知识；\r\n5.熟悉 TCP/IP、HTTP 网络协议，RTMP、HLS 等流媒体协议；\r\n6.熟悉 Xcode、Eclipse 或 AndroidStudio 开发环境，了解 C++与 OC、Java 混编及调试技能方法；\r\n8.了解或有 ffmpeg、openh264、x264、FDK_ACC 等编解码器开发经验优先；\r\n9.了解或有 Android NDK 开发、iOS C++编程经验优先；了解或有 C++11 编程经验优先。\r\n\r\n推荐算法工程师\r\n\r\n岗位职责\r\n1、负责短视频、广告等推荐系统的研发；\r\n2、对迅雷海量数据进行用户行为分析和挖掘，支持海量用户的短视频推荐和广告推荐；\r\n3、应用深度学习技术，分析用户的个性化需求，研发并优化推荐算法。\r\n岗位要求\r\n1、具备扎实的统计学、自然语言处理、数据挖掘、机器学习、信息检索等相关领域的理论基础，并且在某个方向上有深入的研究和积累； \r\n2、具有阅读英文文献能力，并能深入理解业务形态，具有算法向业务场景持续转化的能力； \r\n3、具有大型推荐、搜索、广告系统的实际研发经验，能够把握相关领域的前沿动向，并且有自己的洞察力；\r\n4、精通 C\\C++、Java、python 等至少一门编程语言；\r\n5、全球顶级名校计算机科学、机器学习、人工智能、模式识别等专业博士、硕士；有相关领域论文者优先。\r\n\r\n欢迎投递简历或微信勾搭 \r\n邮箱： linmiaoxuan@xunlei.com \r\n微信：ella25839\r\n\r\nhttp://wx4.sinaimg.cn/thumb300/64e23719gy1ff96chpin7j20x011a7el.jpghttp://wx1.sinaimg.cn/thumb300/64e23719gy1ff96cf9jmqj20vw10uti0.jpg", "title": "深圳 [迅雷招聘] 音视频，推荐算法，人工智能研究员", "reply": 20, "click": 3352, "user_id": 151965, "user_name": "pennylin"}