{"id": 361267, "create_time": 1494754645, "create_datetime": "2017-05-14 17:37:25+08:00", "content": "Magic Tavern 时空幻境（北京）科技有限公司  \r\n       我们是一家面向国际市场的游戏公司，在北京和旧金山均有办公。公司团队此前制作的游戏累计下载超过 5 亿，被苹果和谷歌在上百个国家首页推荐过。我们致力于打造影响世界的华人游戏，把快乐传递给亿万用户。   \r\n      公司高手云集，包含来自清华、Berkeley、Google、EA、完美、Square Enix 等多处的游戏狂热分子和技术高手。公司有多名业内知名制作人、技术总监和美术总监。\r\n\r\n公司福利：\r\n正规的社会保险体系（五险一金）\r\n不限量零食、饮料\r\n弹性工作时间\r\n开放式办公环境\r\n图书购买补贴\r\n可携带宠物上班\r\n节日福利年度体检\r\n行业竞争薪酬\r\n灵活的人才晋升方式\r\n和谐融洽的团队氛围，简单高效的沟通方式\r\n不定期团队活动\r\n \r\n公司网址 http://www.magictavern.com\r\n\r\n\r\n\r\nu3d 前端开发工程师 薪资：10-20k\r\n招聘要求：\r\n\r\n* 热爱游戏、热爱编程\r\n\r\n* 熟悉常用算法及设计模式\r\n\r\n* 精通面向对象编程，熟练掌握 C#语言特性和开发规范\r\n\r\n* 熟悉 UnityEngine 的主要功能\r\n\r\n* 有架构设计和重构、优化的能力\r\n\r\n* 具备良好的协同开发习惯，了解 Git 基本原理及使用原则\r\n\r\n* 能够快速准确阅读英语技术文章及文档\r\n\r\n* 三年以上程序开发经验，两年以上 unity 游戏开发经验\r\n\r\n* 加分：熟悉 iOS 和 Android 系统下的开发和 App 发布\r\n\r\n* 加分：有自己的技术博客或积极参与开源项目\r\n\r\n\r\n\r\nnode.js 后端开发工程师    薪资：10-20k\r\n招聘要求\r\n\r\n2 年以上后端服务器开发经验。\r\n\r\n参与过互联网相关工程项目，熟练掌握 Javascript(Node.js), Java,PHP,Python,C/C++中的 1~2 种。\r\n\r\n熟悉 linux 操作系统命令，会简单的使用 shell 脚本完成日常的运维工作； \r\n\r\n使用过至少一种云平台(包括但不限于 AWS，QCloud，Aliyun，UCloud...)。\r\n\r\n自我驱动以及行动力，认为今日的行动大于夸夸其谈的计划。\r\n\r\n对新技术敏感，权衡用何种技术能最有效率的实现目标。\r\n\r\n团队合作能力／乐于帮助别人并分享自己的经验和知识。\r\n\r\n岗位职责\r\n\r\n持续改进基于 SOA 的后台服务架构，使服务部署，运行方式更具弹性。\r\n\r\n对所有游戏数据，进行自动 ETL 抽取，分析，并持续改进分析速度，分析指标，分析质量。\r\n\r\n持续改进运营数据分析系统（ BI Report 和 Data Visualization ）\r\n\r\nGrowth Hack，做一些非常酷的横跨各种技术栈的实验性产品。\r\n\r\n其他\r\n\r\n第一天，你就有权利贡献代码到 production 上。\r\n\r\n第一周，你就可以贡献一个上线运行并实际使用的功能。\r\n\r\n在你入职的第一个月, 你就能接触到各个技术栈，从后端的 web servers ,big data, 到前端的 Bootstrap, AngularJS，到线上各种云服务等。\r\n\r\n在你入职的半年内, 你将会主导并重构公司某一个重要的技术，以适应公司高速增长的需要。\r\n\r\n\r\n\r\n接收简历地址： hr@magictavern.com", "title": "国内顶尖休闲游戏公司招聘 u3d 前端开发工程师， node.js 后端开发工程师。各种大拿各种求！！", "reply": 4, "click": 1741, "user_id": 178619, "user_name": "chichi"}