{"id": 812820, "create_time": 1635936321, "create_datetime": "2021-11-03 18:45:21+08:00", "content": "* Python 后端高级工程师*:\r\n\r\n        * 项目简介：\r\n            * 我们为 otis 开发的一套内部系统，后端使用 Django 开发，需要一个 Django 后端工程师，帮助项目持续迭代。\r\n\r\n        * 主要职责：\r\n            * 参与系统框架设计，数据库设计和核心模块的详细设计和实现\r\n            * 独立进行单元、功能测试，查出软件缺陷并保证其质量；\r\n            * 负责代码管理、优化、版本控制；\r\n            * 协助完成项目的测试工作，对上线和实施提供技术支持；\r\n            * 参与产品需求分析、概要 /详细设计、测试等相关文档编写\r\n\r\n        * 职位要求：\r\n            * 后端开发 5~10 年以上经验\r\n            * python web 至少 3 年以上经验\r\n            * 精通 Django 、Django Restframework 等主流 python web 框架技术\r\n            * 精通 Spring Boot 、Spring Cloud 微服务等主流 Java 框架技术优先\r\n            * 熟悉 API 设计规范及数据库设计；熟悉 RESTful API 、MVC 架构\r\n            * 熟悉 Git ，有良好的代码管理习惯\r\n            * 有独立开发经验，以往的项目经历中有带领团队的经验\r\n\r\n            薪酬待遇：20-30k\r\n\r\n            工作形式：全职远程\r\n\r\n            联系方式：vx 13392476733", "title": "招聘 Python 后端高级工程师", "reply": 1, "click": 697, "user_id": 62620, "user_name": "sky123488"}