{"id": 206075, "create_time": 1437020377, "create_datetime": "2015-07-16 12:19:37+08:00", "content": "公司：掌阅iReader \r\n工作地点：北京市朝阳区四惠东四惠大厦 \r\n薪资：10k-30k，能力优秀者上不封顶 \r\n福利：六险一金，午餐补助，交通补助，全勤奖，技术分享。 \r\n简历投递邮箱： fuxiuli@zhangyue.com \r\n咨询QQ：75283473\r\n\r\nPHP高级工程师 \r\n\r\n招聘人数：3人 \r\n\r\n岗位职责\r\n1.公司后台服务端程序维护与升级；\r\n2.公司内部相关基础服务平台的分析设计与开发。\r\n\r\n\r\n任职要求\r\n1.计算机相关专业本科以上学历，2年以上开发工作经验，具有大型网站项目开发经验者为佳；\r\n2.精通PHP 5，具备OOP编程思想，熟悉设计模式和算法，具备命令行下开发经验，深入了解PHP的性能最优化和安全最大化；\r\n3.熟悉Linux/Unix基本操作，熟悉Apache、MySQL、PHP等软件的编译安装和最优化配置，了解这些软件的版本差异和不同安装/运行方式及原理；\r\n4.熟悉数据库，精通SQL和数据结构，具有MySQL/Oracle等关系型数据库开发经验；\r\n5.掌握Linux/Unix环境编程，掌握Socket编程，熟悉TCP和UDP协议；\r\n6.熟练掌握XML、HTML/XHTML、CSS、Javascrīpt、AJAX、JSON等Web页面技术。\r\n\r\nJava高级工程师 \r\n\r\n招聘人数：5人 \r\n\r\n岗位职责： \r\n1.负责iReader用户账户体系研发和维护，参与需求评审、需求变更、系统架构、概要设计、编码、单元测试、系统测试等环节； \r\n2.在满足业务需要的前提下保障极致的用户体验、系统良好的扩展性和可维护性，拥抱变化不断重构和优化用户系统； \r\n3.配合处理线上问题，维护线上业务稳定运行； \r\n4.辅导初级开发人员，参与团队建设工作。 \r\n\r\n任职要求： \r\n1.熟悉java语言，熟悉面向对象开发体系，3年以上java服务端开发经验； \r\n2.深刻理解和掌握常用设计模式，熟悉主流开发框架spring、struts、hibernate等； \r\n3. 熟练使用mysql数据库，熟练使用linux，熟悉常用的linux命令； \r\n4. 熟悉webservice、RMI等常用的远程调用技术； \r\n5. 熟悉主流NOSQL数据库，Redis、memcached等，了解基本的数据结构和算法； \r\n6. 熟悉爬虫抓取系统或有文本内容处理算法相关经验者优先。 \r\n\r\nPython高级工程师 \r\n\r\n招聘人数：5人 \r\n\r\n岗位职责： \r\n1.负责iReader用户服务体系研发和维护，参与需求评审、需求变更、编码、单元测试、系统测试等环节，主导系统架构、概要设计、系统性能调优等关键环节； \r\n2.在满足业务需要的前提下保障极致的用户体验、系统良好的扩展性和可维护性，拥抱变化不断重构和优化用户系统； \r\n3.独立分析并解决线上问题，维护线上业务的稳定运行，针对业务瓶颈制定合理的优化方案并实施，配合并实施系统架构师提出的优化方案； \r\n4.辅导初级开发人员，参与团队建设工作。 \r\n\r\n任职要求： \r\n1.丰富的后端系统开发经验及面向对象编程知识,精通PHP/Java/Go/C++中一种语言优先； \r\n2.熟练使用Linux系统，熟悉TCP/IP，HTTP网络协议,深入理解Mysql，Redis，MemCache等数据库，并了解工作原理以及使用场景； \r\n3.熟悉Tornado、Django、Bootstrap、Web.py等常见框架以及原理，可根据具体业务进行扩展； \r\n4.熟悉W3C标准，对表现与数据分离、Web语义化等有深刻理解； \r\n5.熟练掌握线上服务部署维护与调试； \r\n6.持续关注自身所用技术生态圈者优先考虑。 \r\n\r\nAndroid高级工程师 \r\n\r\n招聘人数：3人 \r\n\r\n岗位职责： \r\n1. 配合项目需求完成模块开发； \r\n2. 优化Android客户端软件的模块结构和流程逻辑； \r\n3. 对先进技术进行调研，并以此推动产品体验优化； \r\n4. 对View的动画效果以及帧率进行优化以达到产品要求； \r\n5. 撰写模块设计等工作相关文档； \r\n6. 指导初级工程师提高技术能力。 \r\n\r\n任职资格： \r\n1. 本科及以上学历，计算机相关专业毕业； \r\n2. 精通android手机应用开发，包括UI、网络、数据库等； \r\n3. 熟悉View的绘制原理，精通自定义动画以及自定View的开发； \r\n4. 擅长性能调优者优先； \r\n\r\n加分技能： \r\n1. 具备NDK开发者优先； \r\n2. 对算法有独到见解者优先； \r\n3. 对内存优化有丰富经验者优先； \r\n4. 独立或参与开发过阅读产品者优先； \r\n5. 在android平台有优秀作品者优先。 \r\n\r\niOS高级工程师 \r\n\r\n招聘人数：2人 \r\n\r\n岗位职责： \r\n1、通过独立或协作方式高质量完成重要的开发任务； \r\n2、解决项目开发中的疑难软件bug； \r\n3、技术开发代码符合代码规范要求，同时检查其他成员的代码是否符合规范； \r\n4、撰写模块设计等工作相关文档； \r\n5、配合完成上级领导交代的其他开发任务。 \r\n\r\n任职资格： \r\n1、熟练掌握 iOS 的开发调试工具； \r\n2、对 UIKit 设计原理和基础控件运行机制等有初步的认识； \r\n3、熟知 SDK 版本更新的内容； \r\n4、具备面向对象的设计思想； \r\n5、主导编写过复杂的 UI 模块或数据模块。", "title": "[掌阅 iReader] 15k-30k，诚招 PHP， Java， Python， Android， iOS， FE。", "reply": 4, "click": 1789, "user_id": 70587, "user_name": "shelley88"}