{"id": 662409, "create_time": 1586866963, "create_datetime": "2020-04-14 20:22:43+08:00", "content": "滴滴 2020 年大量职位内推，具体如下：\r\n\r\n一、主要招聘职位\r\nJava/前端 /Go/Php/C++/算法 /Android/iOS/大数据 /数分等等职位大量招聘。\r\n业务包括网约车 /国际化 /车服 /两轮车 /外卖 /专车 /快车 /金融 /大数据 /地图等。\r\n\r\n二、主要待遇\r\n① 有竞争力的薪资或期权\r\n② 六险一金，父母及子女的商业保险\r\n③ 全员 Mac，免费下午茶、免费晚餐\r\n④ 有孩子或者怀孕的女性员工有每周一天的在家办公机会\r\n\r\n三、职位描述及要求\r\n技术岗位主要在北京、杭州。所有职位详情可见： http://talent.didiglobal.com/social/list/1 可在这里选择合适职位\r\n\r\n四、内推方式\r\n欢迎将合适职位链接及简历直接发送到 trinea.cn@gmail.com 或微信联系我(trinea 点击扫码)内推。 任何问题或疑惑欢迎留言，有关系好的小伙伴也可以给我们推荐。", "title": "[滴滴出行-北京、杭州] 前端/算法/Android/ Java /Go/iOS/ PHP /C++等各类职位大量招聘，月 25k-60k，优秀另有期权", "reply": 0, "click": 909, "user_id": 48095, "user_name": "Trinea"}