{"id": 207500, "create_time": 1437545628, "create_datetime": "2015-07-22 14:13:48+08:00", "content": "JS前端工程师\r\n团队亮点：追求技术领先，看重用户体验，把握产品细节。\r\n职位优势：技术领先，看重前端技术，未来就是懂体验，懂产品，懂技术的全栈前端人。\r\n职位JD：\r\n1. 熟练运用熟练多种前端技术 HTML5/CSS3/JavaScript和angular.js，并热爱它；\r\n2. 深入掌握jQuery/AngularJS框架，熟悉Ajax技术；\r\n3. 深入理解响应式Web设计，看重用户交互体验；\r\n3. 熟悉 Git, Git Flow 或类似工作流程；\r\n4. 有较强独立解决有趣问题的能力。\r\n个人方面(加分)\r\n1.学习能力强，懂得寻找和运用开源项目；\r\n2.对新技术新产品新创意保持热泪盈眶的激情；\r\n3. 非常享受创业公司work hard, play hard的工作环境\r\n\r\n自荐推荐简历接收： HR@easystack.cn", "title": "EasyStack 招聘 JS 前端", "reply": 0, "click": 1477, "user_id": 128140, "user_name": "Tina2015"}