{"id": 833039, "create_time": 1644492136, "create_datetime": "2022-02-10 19:22:16+08:00", "content": "远程工作机会- AWS Devops\r\n投递方式：请发送简历至 hr@joinbrix.com\r\n\r\n薪资范围：\r\n月薪税前 30K-40K RMB\r\n\r\n工作形式：\r\n远程全职工作模式\r\n\r\n工作内容：\r\n1.在 AWS Cloud 环境中进行应用的部署，并负责维护网站的可靠性，网络安全，架构优化等。\r\n2.构建微服务应用架构标准，部署架构，资源效率，成本优化等，提升业务系统的研发，运维，容灾体系升级。\r\n3.撰写文档，编写系统运维手册、部署文档、性能参数说明。\r\n\r\n岗位要求：\r\n需要有如下的技能中的多数项（不要求全部）：\r\n1.DevOps 项目经验（ 3 年以上）\r\n2.掌握 Jenkins/Ansible/Terraform/Python 等相关技能\r\n3.熟悉 Cloudformation/Terraform 等 IaC 经验\r\n4.熟悉 Kinesis ，熟悉 K8S 和 DevOps 流程\r\n5.具备运维自动化项目交付，管理经验\r\n6.可以使用英文作为工作语言", "title": "[远程] AWS 运维工程师-月薪 30-40K", "reply": 16, "click": 1881, "user_id": 423195, "user_name": "Brixlabs"}