{"id": 365290, "create_time": 1496316625, "create_datetime": "2017-06-01 19:30:25+08:00", "content": "DESCRIPTION 公司简介\r\n\r\nFaria was founded in 2006 to transition schools off paper onto a Curriculum First learning platform, which acts as the core repository of a school ’ s curriculum and academic records, including attendance, assessment, coursework, exams and activities management.   Today, we serve over 2,300 international schools and over 600,000 students, including 4 in 5 IB Diploma students, in 120 countries with a distributed global team. Our graduating student cohort equals ~12% of all inbound international students attending university in the US, UK, Australia and Canada.   Our service commitment to schools encompasses global 24-hour telephone & e-mail support Monday through Friday with weekend coverage for the Middle East, over 600 annual on-site visits, and hosting annual user group conferences in each region. Our annualised churn rate of less than 1% together with a sustained compound annual ARR growth rate of over 60% since 2012 best reflects this enduring service commitment and our record of product development. \r\nThe OpenApply team within Faria Education Group is responsible for maintaining and enhancing our product for student application management. OpenApply is a mature product with a substantial user base. This is an opportunity to contribute directly to the enhancement of a product that has measurable positive impact in education.\r\n\r\nCurrently we are a Ruby shop, though you may have the chance to explore additional technologies as our systems mature. We use a variety of other software in production including Rails, Redis, PostgreSQL, MySQL, Memcached, and more.\r\n\r\nRole Description 工作内容：\r\n\r\nThis is a high-level, full-time, development position in our new Shanghai office. We expect you to be able to contribute to the development of high-quality software solutions with minimal guidance. You should already be familiar with web development using Ruby on Rails, and have experience using and creating complex solutions. You will need the ability to quickly learn and maintain a mature codebase. We also value high-quality UI/UX work that matches our emphasis on customer service.\r\n\r\n\r\nResponsibilities 工作职责：\r\n\r\n* Successfully drive the internationalization of OpenApply for the Chinese market, with specific attention to database and other backend issues.\r\n* Integrate with China-specific APIs from other services.\r\n* Support Chinese customers in their use of OpenApply as needed by our S&S organisation.\r\n* Troubleshoot functionality issues, suggest and implement solutions.\r\n* Assist our DevOps team with administration of servers in China.\r\n* Work effectively as part of a worldwide, remote-first team.\r\n\r\nREQUIREMENTS 具备以下技能：\r\n\r\n* Minimum of 4+ years writing web applications in Ruby on Rails. Rails 5 experience a plus \r\n* Good working knowledge of Ruby and JavaScript.\r\n* Experience with source code control via Git and GitHub.\r\n* Experience with code quality and continuous integration tools.\r\n* Experience with work as part of a global team\r\n\r\n\r\nCommunication 交流方式：\r\n\r\nBecause of Faria ’ s worldwide nature, effective communication is essential:\r\n* Communicate with other parts of Faria Education Group including product teams, QA, design, support and marketing\r\n* Proper remote presence & etiquette through Slack, BaseCamp, GitHub and other systems.\r\n* Adherence to operating procedures with timely followups to avoid surprises and dropped work.\r\n* You will report to a Senior Developer for OpenApply, who is a direct report to the OpenApply Principal Developer.\r\n\r\nLocation 工作地点：\r\n\r\nThis is a full-time job in our Shanghai office. Because of the global nature of our business, you should also be prepared for conference calls outside of business hours. Potential emergency situations can call for support at any hour, though we work hard to minimize those situations. \r\n\r\n\r\nBENEFITS 福利：\r\n\r\n● Salary negotiable \r\n● Company-supplied laptop (Retina MacBook Pro or other) \r\n● Desk space in our Shanghai office is available if desired \r\n● Books (\"unlimited within reason\") and conference attendance budget. We expect you to have a plan for professional development\r\n● Company office with remote connectivity \r\n\r\n应征方式：\r\n\r\nPleae fill your resume online 请进入以下连结并填写您的履历:\r\n\r\nhttps://faria.workable.com/jobs/448100/candidates/new", "title": "美商诚招资深 Rails 工程师 (Senior Rails Engineer)", "reply": 0, "click": 995, "user_id": 233285, "user_name": "fariaedu"}