{"id": 654983, "create_time": 1584806919, "create_datetime": "2020-03-22 00:08:39+08:00", "content": "**云原生应用平台部门介绍**\r\n\r\n```\r\n云原生应用平台团队致力于打造稳定、标准、先进的云原生应用系统平台，推动行业面向云原生技术升级与革命。在这里，既有 CNCF TOC 和 SIG 联席主席，也有 etcd 创始人、K8s Operator 创始人与 Kubernetes 核心维护成员组成的、国内最顶尖的 Kubernetes 技术团队。在这里，你将同来自全球的云原生技术领域专家们（比如 Helm 项目的创始人、Istio 项目的创始人）密切合作，在独一无二的场景与规模中从事 Kubernetes 、Service Mesh 、Serverless 、Open Application Model （ OAM ）、Cloud Native Microservices 、OpenMessaging 、Event Streaming 等云原生生态核心基础技术及 Apache Dubbo，Apache RocketMQ，Nacos，Arthas 等顶级开源项目的研发与落地工作。在业界标杆级的平台上既赋能阿里巴巴全球经济体，更服务全世界的开发者用户。\r\n```\r\n\r\n欢迎应届同学扫描下图 **二维码** 进行自荐、推荐其他同学，或站内 PM 联系内推。\r\n\r\n另外，社招也有 HC，欢迎感兴趣的同学了解信息。\r\n\r\n![849zp6.jpg]( https://s1.ax1x.com/2020/03/22/849zp6.jpg)", "title": "[阿里云][云原生应用平台][应届实习招聘] 内推、自荐、推荐", "reply": 1, "click": 901, "user_id": 1578, "user_name": "moonese"}