{"id": 359166, "create_time": 1493896952, "create_datetime": "2017-05-04 19:22:32+08:00", "content": "![img]( https://programmerinnfile.b0.upaiyun.com/community/10001/20170422/jCDYwxKgnP.png)\r\n\r\n## 什么样的公司\r\n\r\n客栈是一家服务程序员为使命的公司。我们只搞和程序员有关的业务。这几年我们一个重要目标就是让远程工作、自由工作真正能成为程序员可靠的有保障的事业。改变程序员的工作方式，让平台+优秀个体取代部分公司+雇员。过去两年我们是这么想的，也是这么做的。\r\n\r\n\r\n## 目前成绩\r\n\r\n当前公司天使轮，知名早期投资机构投资（和锤子手机是一家 [捂脸]），20 多人，我们已经是这块国内最大的平台之一（当前目前整体这块市场还不是很大），注册用户 9 万，月流水 100 万，同时并发在平台开发的项目有 100 多个，单个签约开发者在平台月收入最高 3 万。\r\n\r\n## 工作职责\r\n\r\n技术经理 /Java/PHP 工程师，具体做什么事情？\r\n\r\n>* 负责平台项目开发标准规范制定\r\n\r\n>* 负责程序员技术认证考核\r\n\r\n>* 负责项目经理等级制定建设及评级\r\n\r\n>* 探索敏捷开发流程\r\n\r\n其他推动业务产品化智能化的工作\r\n\r\n\r\n## 有什么发展？未来在哪里？\r\n\r\n我们公司最近在讨论建设一条价值观:『产品技术化智能化』\r\n\r\n具体到细节，就是我们所有的工作都可以区分为『主动工作』和『被动工作』。\r\n\r\n主动工作就是不断总结分析问题，不断探索优化工作流程，不断探索新的模式并落地。 被动工作就是我们身边大部分公务员做的工作啦，甚至像是司机。我们认为，在我们公司每个人都应该规划自己的主动工作：发现问题->分析问题->解决问题，经过实践从而整体提升能力和认知。 而所有被动的工作都应该交给机器去做。\r\n\r\n事务->标准化->产品化->智能化\r\n\r\n\r\n## 资历要求\r\n\r\n3 年开发经验，偏全栈，想转管理的程序员\r\n\r\n工资待遇 10-20k \r\n\r\n------\r\n\r\n有能力的可以谈，总之好商量\r\n\r\n我们非常欢迎也希望遇到牛逼闪闪、野心勃勃、奋斗不止的年轻人，应届生。\r\n\r\n欢迎勾搭交流，欢迎砸简历，欢迎入坑\r\n\r\nadmin@tvery.com", "title": "[杭州]客栈 技术经理/ Java / PHP 工程师 程序员想转管理或升级技术经理的来", "reply": 15, "click": 1899, "user_id": 186179, "user_name": "hllllll"}