{"id": 498014, "create_time": 1539656693, "create_datetime": "2018-10-16 10:24:53+08:00", "content": "大家普遍吐槽阿里流程长，效率低。。。\r\n但我们不一样！\r\n\r\n目前基本都是一到两天都会接到面试沟通通知！\r\n\r\n有想法的同学可以直接发简历到邮箱也可以私信沟通具体事宜！\r\nmail: day_voice@aliyun.com\r\n\r\n我们是：\r\n\r\n业务平台商品平台团队是阿里巴巴电商业务最核心的部门。阿里 CEO 逍遥子“大中台，小前台”新战略的目标是让业务能够更快捷、更灵动地适应瞬息万变的市场，商品平台作为核心业务，是阿里超过二十亿商品的 owner，负责商品领域发布、存储、透出、管控、大数据挖掘全链路的工作。作为核心中的核心，商品一方面卖家通过它向买家传递购物信息，另一方面所有业务行为包括交易、营销等都是基于商品进行的，可以说无商品不电商。 \r\n\r\n商品平台目前有两个工作方向：一方面是我们一直在行业中最强的实物商品体系，每天有几百万商家发布几千万的商品，我们负责管理超过二十亿商品，强调系统的吞吐率、稳定性、可扩展性；另一方面是业务创新，无论是国际化还是新零售，随着阿里电商体系的发展我们在不断拓展自己能力，支持更多业务场景，例如盒马鲜生、阿里健康、Lazada 海外电商等业务。所以无论你想要面对最强的技术挑战，还是要接触互联网最酷最热的业务，我们这里都有机会。\r\n\r\n我们是业务技术平台，所以您最好参与过一些复杂业务系统的设计和实现，例如电商、电信、银行、财务等行业，有业务敏感性。另外技术方面希望能比较不错，掌握流行中间件，对其内部原理也有一些了解，但是不需要您真的专攻中间件多年，这点在程度上和中间件要求有些不一样，我们强调的是技术和业务的综合人才。真心希望能在这里找到意气相投的小伙伴，和我们一起建设阿里的中台，电商的未来！\r\n\r\n岗位要求：\r\n1、至少 3 年以上 Java 开发经验，编程基础扎实，理解 io、多线程、集合等基础框架。 \r\n2、精通 Java 及 Web 应用的开发，深入了解 spring，ibatis，cache，rpc，jvm 等机制与代码。 \r\n3、熟悉分布式系统的设计和应用，熟悉分布式、缓存、消息等机制。 \r\n4、熟悉 Linux 开发环境，熟悉 Tomcat/Nginx/Apache 服务的安装配置，对生产系统故障排查有实际工作经验。 \r\n5、具有高度的责任心与自驱力，良好的沟通协作、应急响应与处理问题的能力。", "title": "阿里巴巴业务平台事业部商品平台急招", "reply": 2, "click": 1208, "user_id": 356274, "user_name": "day666"}