{"id": 205550, "create_time": 1436842917, "create_datetime": "2015-07-14 11:01:57+08:00", "content": "简历请发至 ctu-recruitment@ubisoft.com\r\n\r\n岗位职责\r\n\r\n开发游戏系统，例如玩家行为、角色行为、游戏元素、游戏进程等\r\n快速开发功能原型以演示和佐证游戏功能的概念设计\r\n与游戏设计师密切合作讨论和确认设计需求\r\n开发工具，调试Bug，帮助设计师和程序员优化游戏性功能\r\n及时修正QC团队发现的Bug\r\n将所负责的游戏性功能分解成易于管理和实现的子任务并制定相应的进度计划\r\n与项目负责人保持及时的沟通，在进度落后时提供解决方案\r\n\r\n任职要求\r\n\r\n3年以上相关工作经验，有游戏性开发的实际工作经验者优先\r\n熟悉游戏开发的特定概念及其程序内涵，例如主角色、游戏性元素、AI、HUD、NPC\r\n具有良好的C++语言功底和面向对象编程思想，同时对C#、Python、Action Script3等有一定的了解\r\n具有良好的代码阅读能力，能在已有代码基础上进行优化和修改\r\n对数学、物理、人工智能及游戏机制有良好的理解\r\n具备软件工程实践知识，了解敏捷软件开发\r\n良好的沟通能力，能使用英语进行日常工作交流\r\n对玩游戏和制作游戏富有热情", "title": "[成都] [Ubisoft 育碧软件] C++游戏程序员", "reply": 0, "click": 1585, "user_id": 126963, "user_name": "derekhan"}