{"id": 207234, "create_time": 1437461851, "create_datetime": "2015-07-21 14:57:31+08:00", "content": "先强调一波:我们并不是「只差程序员了」的公司.\r\n同样我们也不是靠出卖妹子的单位(我只能默默的说,我们这里的妹子还是单身)\r\nso.我们还是很靠谱的.\r\n\r\n#我们是谁？\r\n\r\nTooMao(听说写成英文会比较洋气,虽然我们叫土冒....)\r\n\r\n#我们的现状：\r\n\r\n1、产品原型已撸完，后台接口已被该死的安卓测试完毕(话说我就是android...)坐等ios开发\r\n2、线下实体商家已达数千家(毕竟政府扶持企业  你懂的)\r\n3、天使轮已完成,总之不差钱--!\r\n\r\nAndroid攻城狮：\r\n职位要求：\r\n: ) 1年以上工作经验\r\n: ) 有独立开发应用的经验\r\n: ) 如果你没有1年以上经验，没关系，只要你觉得可以就尽情的把简历砸过来吧(毕竟我们也曾见过三个月的牛人以及三年菜鸟)\r\n\r\n* 公司网站： http://www.toomao.com/\r\n* 简历投递邮箱： sklovena@163.com\r\n* 电话：18072749272\r\n\r\n== 好像忘了点奇怪的东西(老大说入职即配5~20W原始股 0.0)", "title": "[杭州/滨江] [IOS] 全网通缉令已发出,IOSer 们看过来.10K 起+期权(免费赠送逗比小伙伴一群)", "reply": 14, "click": 2213, "user_id": 81227, "user_name": "fvckme"}