{"id": 657726, "create_time": 1585574722, "create_datetime": "2020-03-30 21:25:22+08:00", "content": "阿里巴巴本地生活，外卖前端技术部，涵盖饿了么外卖导购，营销，渠道，运营平台，品牌化小程序等各种业务，也是星巴克外卖服务 “专星送” 背后的小程序技术支撑团队。\r\n\r\n工作地点有两处，杭州在乐佳国际大厦（阿里西溪园区附近），上海在近铁城市广场（真北路地铁站上盖）。\r\n\r\n急需 React 、Node.js 、小程序等各路前端人才，团队直招，寻 P6/P7，HC 多多。\r\n\r\n联系邮箱：bangyan[at]alibaba-inc.com \r\n联系微信 /钉钉：tinyhill\r\n\r\n欢迎勾搭~", "title": "[阿里巴巴本地生活] 点过星巴克外卖吗？一起来搞星巴克外卖小程序吧！", "reply": 3, "click": 1296, "user_id": 52916, "user_name": "tinyhill"}