{"id": 824007, "create_time": 1640242728, "create_datetime": "2021-12-23 14:58:48+08:00", "content": "我们是抖音工具线工程效率团队中的性能团队，负责抖音生产端的性能优化相关工作。\r\n关于团队在做的事情，以及我们的团队情况，可以参考<br/>\r\n[抖音：技术优化打造最佳创作体验]( https://mp.weixin.qq.com/s/F4vLl_dmPLdyWf2jUSB6rg)<br/>\r\n我们的面试流程以及经验要求和业务方向一致，一些想做性能方向的朋友可能受限于经验无法获得面试机会，我们这里可以，只要基础扎实即可。<br/>\r\n抖音核心部门，发展空间和稳定性也不用担心。<br/>\r\n有对做的事情或者团队情况感兴趣的，欢迎 VX 联系  base 64:   TGlvbmVsX0NoaQ== <br/>\r\n我有一个面试群，目前将近 400 人，时长发布招聘信息和面试经验反馈，感兴趣也可以联系我加群。", "title": "[北京] [杭州] 客户端入行做性能的好机会", "reply": 0, "click": 876, "user_id": 200233, "user_name": "leon0918"}