{"id": 202256, "create_time": 1435660371, "create_datetime": "2015-06-30 18:32:51+08:00", "content": "葡萄科技\r\n\r\n网站：www.putao.com\r\n\r\nmission\r\n让科技串联快乐童年\r\nwho r we\r\n一群年轻的爸爸妈妈跟随内心的召唤和使命感，在一个80 后却已创办了一家上市公司的领头人的引领下，开启了科技帮助儿童健康快乐成长的事业。\r\n我们的创始团成员来自于盛大、大众点评、腾讯等著名的互联网公司，均已在各自领域成为中坚力量，拥有丰厚的薪酬和令人羡慕的职位，却为了一个有爱而伟大的理想放弃这一切走到了一起。\r\nwhat we want to do\r\nDo what\r\n一个软硬件结合的事业，一个儿童专属的pad，一端承载高品质儿童应用和内容，一端连接起丰富的智能玩具（设备），并与家长的手机互联，构建起家长放心孩子喜欢的儿童数字化生活娱乐平台。\r\n关注家长与孩子的同时，平台为专注儿童领域的CP 和智能玩具生产者们构建优质的生态，让他们更专注的创造生产高品质的内容，应用，服务和玩具，其他交由生态来提供服务。\r\nwhy\r\n数字化浪潮下成长的一代对数字化科技的依赖成为必然，他们的生命从开始的那一天就伴随着电脑，手机，平板，智能玩具，各种数字化app 应用，这已成为他们成长意识中不可分割的部分。\r\n当前的情况是数字化的产品均为面向成人，孩子共享，存在诸多问题：\r\n对家长孩子而言\r\n• 内容安全不可控\r\n• 儿童内容零散无序，不成体系，缺少科学的规划，家长茫然\r\n• 设备未能针对儿童视力保护，沉迷管理等有专注的考虑\r\n• 家长和孩子的情感纽带没有得到很好的支持和满足，处于割裂状态\r\n对儿童领域的CP 及玩具商而言\r\n• 现有渠道生态主要服务于成人，体量规模较小的儿童内容湮没其中，无法甄别\r\n• 儿童CPer 更擅长于内容课件的策划，在发行推广，技术研发等方面并不擅长\r\n• 传统玩具面临智能化的转变，擅长模具加工制造的传统玩具厂商在软件配套，智能玩具发行等方面均弱而迷茫\r\n（以上，我们通过调研了数十家知名CP 和玩具厂商）\r\n用户有痛点，行业有诉求，变革在即。\r\nwhy hardware\r\n社会发展的必然，最早的功能性硬件（如walkman，收音机等）在无法满足人类生产生活需要的时候基于计算机的软件快速发展，而软件是虚拟的，必须通过载体服务于人类，在工业生产中出现\r\n了数控机床，机器人等软件控制的设备，而在人类日常生活中却还没有，面向人类衣食住行的智能硬件在2013 年拉开序幕。硬件承载着软件的智能逻辑才能更直接为人提供服务。\r\nhow to get\r\nStep1：（2014.9-2015.6）\r\n（1）2-3 款精品APP 先行，树立儿童垂直领域应用品质和特征的标杆，建立软件应用的发行体系和基础技术框架，为后续第三方CP 应用的整合发行奠定基础。\r\n• 葡萄拍拍（第一版本面向家长手机端拍照、美化、管理、记录孩子成长及分享的需求，后续可衍生一个pad 端儿童拍照应用）（2014 年内）\r\n• 葡萄画板（涂色、画画、由简及繁、家长云端同步、家长孩子联动交流.....）\r\n• 葡萄达人（消除类游戏，类似泡泡龙）\r\n• 葡萄宝贝（家长端助手，市场类）\r\n（2）一款葡萄形象的积木类玩具，主要用于构建实物品牌形象。（2014 年内）\r\nStep2：（2015.6-2015.12）\r\n• 葡萄OS 研发\r\n• 葡萄Pad 硬件准备\r\n• 第三方CP 集成\r\nStep3（2015.12）\r\n• 葡萄平板\r\n• 智能玩具定制及第三方智能玩具集成\r\n\r\nPHP资深开发工程师\r\n\r\n岗位要求\r\n1.\t精通PHP 5.5+面向对象程序设计；\r\n2.\t精通MySQL、PostgreSQL其中一种数据库应用和优化；\r\n3.\t掌握Redis、MongoDB的使用；\r\n4.\t掌握PHP网站性能优化；\r\n5.\t掌握Javascript开发、优化；\r\n6.\t掌握HTML、CSS；\r\n7.\t熟练使用git/svn版本控制工具；\r\n8.\t掌握FreeBSD/Linux系统环境部署与优化；\r\n9.\t掌握PHP框架中的Yii Framework 2.x / Zend Framework 2.x / Symfony 2.x / Laravel1.4.x / CakePHP 3.x至少一种；\r\n10.\t拥有良好的代码设计规范和文档编写能力。\r\n\r\n如果感兴趣可以投递一份简历到我的邮箱：jerra_ipozp@126.com或者加我的QQ：3218384410\r\n\r\nJerra\r\n\r\nipo club-人才服务团队\r\n\r\n人才招聘顾问（移动互联网方向）\r\n\r\n手机：18721876592\r\n邮箱：Jerra_ipozp@126.com\r\n微信：Jerra-613\r\n联系地址：上海市杨浦区锦嘉路88号 ipo club 四楼(靠近大学路)\r\n\r\nipo club-人才服务团队是专注于互联网领域的人力资源解决方案提供商，现已与多家移动互联网企业建立的战略合作，并成为多个手游创业团队的人力资源顾问，旨在为互联企业与创业团队解决人才招聘难题，为团队发展提供可能；\r\n我们团队的核心成员，在互联网行业从事招聘服务10年之久，特别是在移动互联网、手游领域有丰富的经验；我们始终遵循专业化的发展方向，为客户一站式的人力资源服务，从发展规划到人才管理，让您的团队更便捷、更低成本地找到需要找的人。\r\n\r\nipo club-创业者启航的港湾，互联网时代的码头，拥有650平米的线下实体活动与社交空间，长期举办各类创业主题活动，为创业者提供自由互动的平台，在这里你能与众多创业者，投资人，各个领域的意见领袖进行深度交流，并可获关于公司注册、法务咨询、人力资源服务、影响力传播、项目融资方面的支持，ipo club创业之旅，从这里启航", "title": "上海徐汇招聘 资深 php 学历：本科 薪资： 15K-25k 公司是做儿童智能软硬件的移动互联网公司 团队精英 CEO 是圈内知名人士", "reply": 2, "click": 1686, "user_id": 114150, "user_name": "jerra1991"}