{"id": 660479, "create_time": 1586332429, "create_datetime": "2020-04-08 15:53:49+08:00", "content": "## 1. Software Engineer - Site Reliability-SRE\r\n### Summary\r\n  As a Site Reliability Engineer, you will be responsible for overseeing and managing servers,  infrastructures and installed systems that shoulder our business, ensuring its reliability,  availability and  performance\r\n### What you’ll be doing\r\n- Develop and maintain the large-scale infrastructure that powers our services\r\n- Build and maintain monitoring, alerting, and trending operational tools in cloud environments\r\n- Investigate, diagnose, and resolve performance and reliability problems in a wide range of large-scale and high-throughput services\r\n- Contribute to handbook, runbooks, and general documentation\r\n### Who you are\r\n- At least 3 years experience working as a software engineer\r\n- Strong coding skills, preferably in Python\r\n- Experience operating a production environment at high scale with emphasis on availability, latency and healthy customer experience\r\n- Experience with infrastructure as code and configuration management tools such as Chef, Salt or Ansible\r\n- Knowledge of Linux systems internals\r\n- knowledge of Computer networking\r\n- Knowledge of container orchestration tools such as Docker, Kubernetes is a plus\r\n- Experience with AWS or other cloud environments.\r\n- Excellent technical writing and documentation skills.\r\n- B.S. degree or equivalent experience.\r\n## 2. Software Engineer Infrastructure\r\n### 工作职责：\r\n  The role of the Infrastructure team is to keep one of the world's biggest mobile E-commerce platforms growing. Help scale a massive, highly-available platform end to end. You'll design distributed systems, validate performance, factor in security, and proactively monitor every corner of our stack. We practice continuous integration and deployment. We have fluid teams and each engineer has the opportunity to own and work on all areas of the technology stack. When things do go wrong, you'll be on-hand to fight the fires.\r\n### What you’ll be doing\r\n- Design, implement, and maintain the core infrastructure for all applications at Wish.\r\n- Provide on-going maintenance and support of internal tools, improve system health and reliability.\r\n- Create tools for automating deployment, monitoring and operations of the overall platform.\r\n### 任职资格：\r\n- Skill with one or more programming languages. Python or Go preferred.\r\n- Familiar with Cloud Computing like AWS, Container like Docker, automation tools like Chef a plus\r\n- Have passions on designing systems with high scalability, high availability and high reliability.\r\n- Have experience on system infrastructure design preferred\r\n- B.S. degree or equivalent experience.\r\n\r\n**email： zhipenglin@wish.com**", "title": "[wish-上海]Site Reliability-SRE/Software Engineer Infrastructure", "reply": 4, "click": 1244, "user_id": 212951, "user_name": "lin2"}