{"id": 198631, "create_time": 1434339651, "create_datetime": "2015-06-15 11:40:51+08:00", "content": "1.    计算机相关专业本科及以上学历；\r\n\r\n2.    有五年及以上相关领域工作经验者优先；\r\n\r\n3.    熟悉 Linux/Unix 平台上的C/C++等编程，熟悉数据结构和算法；\r\n\r\n4.    有分布式、云计算等相关领域或经验优先；\r\n\r\n5.    善于学习新的知识、动手能力强，有进取心；\r\n\r\n6.    良好的团队合作精神，较强的沟通能力；\r\n\r\n7.    优秀的分析问题和解决问题的能力，对解决具有挑战性问题充满激情；\r\n\r\n \r\n\r\n岗位职责：\r\n\r\n1.    参与研发、设计、优化工作；\r\n\r\n2.    工作在高性能、分布式、数据挖掘、自然语言处理等领域；\r\n\r\n3.    探索尝试最前沿的互联网技术；\r\n\r\n\r\n\r\n背景要求：IT、通信、互联网\r\n\r\n薪资范围： 15K-20K \r\n\r\n部门：研发部\r\n\r\n另：该公司为国内知名通讯公司，每月在基础薪资上有3K-5K的补贴。\r\n\r\n条件符合有意向者请投： allen@bchr.com.cn", "title": "某美上市国内知名通讯公司 C 高级工程师 20k-25k + 补贴", "reply": 1, "click": 1663, "user_id": 121942, "user_name": "iAllen"}