{"id": 501646, "create_time": 1540616404, "create_datetime": "2018-10-27 13:00:04+08:00", "content": "公司创始人来自斯坦福，伯克利大学博士，大数据领域杰出贡献人物。\r\n公司是一家全球性外企，目前英国，法国，印度，北京均有分公司，在视频分析技术领域拥有领先地位。\r\n全球客户 200 多家，均是视频领域知名公司。\r\n硅谷技术研发团队 40%以上来自斯坦福，伯克利，卡内基梅隆大学硕士或者博士，技术和学术氛围都很浓。\r\n北京 office 今年初成立，目前正在迅速扩张中。\r\n\r\n地点：望京\r\n福利：三餐+六险一金+交通实报实销+健身费用+英语培训+频繁团建\r\n薪水：市场竞争力的薪水+奖金+美股期权    不加班\r\n感兴趣发邮件至： jxiao@hiringby.com  qq：409081554\r\n\r\n\r\n大数据系统开发工程师\r\n职责：\r\n负责大数据计算和存储平台的技术方案设计、平台搭建和开发协作;\r\n持续改进系统性能；\r\n要求：\r\n计算机或相关专业本科及以上学历，3-7 年以上工作经验，3 年以上大数据开发经验, 扎实的数据结构和算法功底;\r\n精通 python/java/scala/shell，熟悉 java 领域内的主流开源项目; \r\n熟悉开源分布式系统，对 Hadoop/Hive/Spark/Flink/HBase/Druid 中的某项或多项有深入了解;\r\n能够独立排查及解决分布式系统的问题;\r\n良好的团队精神和合作意识，责任心强 ，对工作有激情，良好的沟通能力;\r\n良好的英文读写水平；\r\n完整搭建过数据平台和数据产品，有处理实时数据经验者优先;\r\n有数据挖掘、机器学习、自然语言处理等领域的理论基础和算法实现和优化经验者优先;\r\n\r\n\r\n高级后端开发工程师\r\n职责: \r\n高并发 API 系统与微服务架构；\r\n分布式数据处理系统；\r\n要求：\r\n计算机或相关专业本科及以上学历，4 年以上后端经验, 扎实的数据结构和算法功底; \r\n熟悉 Linux 平台，至少熟练一种后端开发语言 (如 Java、Ruby、Python、Go, Nodejs);\r\n熟悉主流 SQL、NoSQL 数据库的使用，并至少对 redis 或者 memcache 等其中一种缓存技术有深入理解;\r\n熟练掌握 HTML、CSS 和 JavaScript;\r\n完整搭建过后端系统，有解决大规模并发请求经验和后端系统运维经验;\r\n良好的团队精神和合作意识，责任心强 ，对工作有激情，良好的沟通能力;\r\n良好的英文读写水平；", "title": "[北京] 总部位于硅谷的 AI 视频分析外企 招聘 大数据开发工程师/后台高级工程师", "reply": 0, "click": 1225, "user_id": 116479, "user_name": "xkjack"}