{"id": 197784, "create_time": 1434007775, "create_datetime": "2015-06-11 15:29:35+08:00", "content": "UI设计设计\r\n       能独立完成工作，对APP和网页设计有一定想法和心得，有创意，我们的门面由你掌控，你要有前沿独特的理念，不随波逐流，亦可引领潮流。\r\n\r\n 前端工程师\r\n      能独立完成工作 较好的JavaScript&CSS基础 1年以上前端开发经验\r\n\r\njava工程师\r\n      较好的java基础及编程理念 1年以上java编程经验 会一门脚本语言 熟悉linux\r\n\r\n如果你是这样纸我们会更爱你\r\n  态度认真，做事负责，认为做出最好的产品才是一个技术最应该做的（技术不够好？没关系，”态度认真，做事负责\"是撸主最喜欢的特质，没有之一。就是这么主观任性）\r\n  你捣腾过自己喜欢的小东西 (github里面没写过多少东西？没参与过开源项目？不要紧，捣腾过就好)\r\n  你认为你自己前后端都会一点 (觉得自己可能不够全栈？ OK啦，70%栈也可以)\r\n  详细看完至少一本技术书(没记住？放心吧，公司网速杠杠的！撸主的VPN也会送你用)\r\n  习惯英文搜索，读英文文档\r\n\r\n我们可以给你的\r\n     8k-12k RMB及符合您能力的期权，如果您觉得自己可以拿更多，可以面议 宽松的工作环境，你可以在一天的任何时间来公司，而且也不一定需要待够8小时。 一年至少一次的境外游及不定次的国内游\r\n\r\n我们的现状，\r\n    创业初期，很多核心系统都需要你从头开始做。\r\n    没有上亿的访问量，没有高并发，大数据。\r\n    没有名气，不能给你带来虚名。\r\n    联系：2745717568   地点：北京", "title": "找创业伙伴入伙", "reply": 2, "click": 1700, "user_id": 121771, "user_name": "rebort"}