{"id": 658689, "create_time": 1585813757, "create_datetime": "2020-04-02 15:49:17+08:00", "content": "公司福利：薪资待遇从优，六险二金+重点项目+大牛带队+餐补+交通补贴等等~~~\r\n岗位要求：\r\n1 、本科及以上学历，有三年 PHP 开发经验，扎实的 PHP 基础，掌握 PHP 面向对象开发，理解单例、工厂等设计模式原理；\r\n2 、熟悉 MVC 开发模式，有常见的开发框架（如：YII 、CI 、ThinkPHP 等）一种的开发经验；\r\n3 、有 MySQL 使用经验，能独立设计表结构及常见的查询优化方法，能根据情况对数据库进行分库分表设计；\r\n4 、熟练掌握 LNMP 开发流程，能在 Win/Linux 系统上独立搭建开发环境；\r\n5 、使用过 Memcache 、Redis 等常见的缓存服务、了解高性能系统的设计原理；\r\n6 、熟练使用 html/css/js 实现基本的排版功能及简单动效编写；\r\n7 、能独立完成项目的开发与部署，有过大型项目开发经验尤佳；\r\n8 、对技术有钻研精神，开发过程中遇到问题能独立思考解决方案；\r\n9 、责任心强，积极主动完成交与的任务，适应高强度工作压力。\r\n\r\n坐标：上海市浦东新区盛荣路 88 弄~~~\r\n\r\n简历投递邮箱： zhoulijuan@yungengxin.com", "title": "高级 PHP 开发工程师招聘（浦东张江）", "reply": 0, "click": 644, "user_id": 477304, "user_name": "zhoulijuan"}