{"id": 194632, "create_time": 1432871115, "create_datetime": "2015-05-29 11:45:15+08:00", "content": "我们公司做摄影的，没有一个人懂代码，对于即将迎来的这样一个好像不怎么和公司业务搭边的职位，我们还是有一些准备的： \r\n1，比如说什么什么什么什么的远程办公我觉得应该是可以商量的，我们团队在用tower嘛 \r\n2，如果你闲着没活，来摄影部贡献个体力什么的还是很欢迎的 \r\n\r\n要求会html js css php mysql\r\n\r\n应该也不用过多的介绍，你们自行感受一下，我们是这样一个公司： http://www.rphoto.cc/about-us/\r\n如果你有那么点兴趣，在这里填写一个简历： http://www.rphoto.cc/resume", "title": "深圳的某个摄影工作室，想招个初级/中级 web 开发工程师，会不会很奇葩？", "reply": 41, "click": 3371, "user_id": 30175, "user_name": "enoven"}