{"id": 205244, "create_time": 1436752550, "create_datetime": "2015-07-13 09:55:50+08:00", "content": "数据挖掘    ￥12,000 - 24,000\r\n职责&要求\r\n\r\n岗位职责\r\n\r\n1. 互联网相关开发技术\r\n2. 大数据相关框架处理经验\r\n3. Mongodb/Thrift/Mysql\r\n\r\n\r\n任职要求\r\n\r\n1. 3年以上互联网产品开发经验，2年以上大数据相关框架处理经验\r\n2. 精通Java编程，熟悉常用开源框架，熟悉常用设计模式，熟悉互联网相关开发技术\r\n3. 熟悉大数据处理的常用工具，如：Hadoop、Hive、Hbase、Spark\r\n4. 对数据结构和算法设计具有深刻的理解，有系统分析和设计的实践经验 \r\n5. 强烈的责任心、良好的沟通能力、团队协作精神，具有解决挑战性问题的激情\r\n6. 有高并发、分布式系统、海量数据、流式计算处理经验者优先\r\n7. 有Mongodb/Thrift/Mysql实践经验者优先\r\n\r\n\r\nPHP    ￥10,000 - 20,000\r\n职责&要求\r\n\r\n岗位职责\r\n\r\n1. Mysql数据库的操作、管理和优化\r\n2. PHP缓存技术\r\n3. javascript、html、div+css\r\n\r\n\r\n任职要求\r\n\r\n1、1年以上工作经验;\r\n2、熟练使用laravel框架的优先；\r\n3、熟悉jquery等至少一种ajax技术，了解javascript、html、div+css；\r\n4、熟悉Mysql数据库的操作、管理和优化；\r\n5、了解PHP缓存技术，有PHP优化经验优先；\r\n6、了解svn和linux开发环境；\r\n7、大数据方面有经验的优先。\r\n\r\nweb前端    ￥12,000 - 24,000\r\n职责&要求\r\n\r\n岗位职责\r\n\r\n微指数大数据分析平台的产品开发工作，进行Web前端交互开发，配合后台开发，完成web应用数据展示及交互功能的开发实现\r\n\r\n\r\n任职要求\r\n\r\n1、精通HTML/CSS，对Web2.0标准和标签语义化有深入理解； \r\n2、精通Ajax、JavaScript、json等前端技术，熟悉JQuery、bootstrap等前端框架； \r\n3、熟悉移动端web开发，了解html5； \r\n4、对图表、表格的前端类库有比较熟悉的应用开发经验； \r\n5、熟悉前后端数据交互，最好熟悉backbone或angular 前端框架； \r\n6、对Web技术创新有浓厚兴趣, 对用户体验、交互操作流程有深入理解。\r\n\r\n\r\nMySQL    ￥12,000 - 24,000\r\n职责&要求\r\n\r\n岗位职责\r\n\r\n负责Mysql数据库架构\r\n\r\n\r\n任职要求\r\n\r\n1. 精通/熟悉MySQL数据库的运行机制和体系架构 \r\n2. 精通/熟悉MySQL数据库的数据库维护和监控，经验丰富者优先； \r\n3. 数据库以及其SQL查询分析和优化 \r\n4. 精通/熟悉MySQL复制 \r\n5. 熟悉linux操作系统的使用, 熟悉shell \r\n6. 至少熟练一门脚本编程语言 Python、shell 、perl、Hadoop、PHP\r\n\r\n简历投递邮箱：hr-media@weizhishu.com\r\n官网： http://www.weizhishu.com/\r\n\r\n我们的工作环境\r\nhttp://c.hr.lagou.com/image1/M00/34/46/CgYXBlWWZeCAP0ywAAbYMFMY_rE586.JPG\r\nhttp://c.hr.lagou.com/image1/M00/34/45/Cgo8PFWWZe6ABDCsAFpoZjRTyAY795.JPG\r\nhttp://c.hr.lagou.com/image1/M00/34/45/Cgo8PFWWZh-Ab3_eAAcyUlinDKo715.JPG\r\nhttp://c.hr.lagou.com/image1/M00/34/46/CgYXBlWWZ16AW7ZnAAWOwQA3dD8715.JPG", "title": "继续招人啊啊啊啊！！！", "reply": 0, "click": 1417, "user_id": 125747, "user_name": "shixiang001"}