{"id": 814736, "create_time": 1636621369, "create_datetime": "2021-11-11 17:02:49+08:00", "content": "项目为自主开发的基于区块链的分布式云存储分享平台，下一代云存储系统。不在成都可以远程在家办公。\r\n有兴趣的可以发简历到我邮箱 david.deng@axel.org 或者 skype：david.deng86\r\n\r\nhttps://www.axel.org/", "title": "[远程] 招 Nodejs 后端， Web 前端和 Android， 15~20K，成都, 可异地可远程办公", "reply": 3, "click": 998, "user_id": 553219, "user_name": "David2021"}