{"id": 496533, "create_time": 1539192090, "create_datetime": "2018-10-11 01:21:30+08:00", "content": "比推（ http://bitpush.news ）是面向全球区块链和加密货币行业资讯的垂直内容平台， 采用 Token 激励体制, 组建优质的国际化 UGC 社区，致力于打造全球区块链行业最有公信力和口碑的内容社区与项目平台。\r\n\r\n比推目前已获得重量级私募基金投资，现招聘兼职编译， 把英文文章翻译缩写为中文, 远程工作，时间灵活。\r\n\r\n职位具体要求如下：\r\n\r\n不限专业，英语四级以上，能比较顺畅地阅读和翻译英文文章。\r\n\r\n有相对充足的业余时间优先\r\n\r\n对区块链有一定了解的优先。\r\n\r\n待遇优厚，并有出国机会。比推崇尚“自由，合作”的团队精神，团队有凝聚力和战斗力！\r\n\r\n有意者请发邮件 yf2101@bitpush.news, 邮件最好附上简历或一个简单的自我介绍，谢谢！", "title": "现招聘兼职编译（英译中），远程工作， 时间灵活", "reply": 5, "click": 2212, "user_id": 63731, "user_name": "100calorie"}