{"id": 508241, "create_time": 1542276973, "create_datetime": "2018-11-15 18:16:13+08:00", "content": "有意向者简历发送至: lijin.jlj@antfin.com\r\n\r\n# 我们做的事情\r\n\r\n我们通过向商家提供广泛的解决方案，帮助中小微商家实现数字化数据化转型升级。商家技术部前端正奔着这个目标去，众多 H5 和支付宝小程序业务渴望人才加入。为了应对业务开发量的爆发，我们已经建成两大平台来覆盖一部分设计和代码工作，未来将进一步建设覆盖需求的平台，实现从需求到设计、再到编码上线的完整链路。\r\n\r\n* 赤兔负责将一些简单需求自动生成能上线的页面或图片，无需工程师参与。\r\n* 金蝉专门提供给外包和后端用来开发页面以及接口，无需团队内工程师参与。\r\n\r\n\r\n# 团队文化\r\n\r\n我们非常重视个人能力的培养，例如：\r\n\r\n* 有专门的课程带领大家学习 web 研发体系的知识，能教会你手写 React，手写 Web Server，深入实践各种架构模式和新技术。\r\n* 每周一次的分享和思维训练。不走形式，气氛炸裂。每次分享都会由所有人一起指出缺点，当成演讲训练。每周一起思考一个话题，特别是程序员不太关注的领域，同样采取批评和自我批评的方式来交流，帮助大家实践系统思维。\r\n* 算法 /英语。一对一的师兄互相帮助和监督，技能类的学习大家一起沉淀在组内的文档中。\r\n* 健身 /吃喝玩乐。组里的长腿萌妹子每天都去公司健身房健身，晚饭后爬山看夕阳。当然也可以带你。\r\n\r\n我们追求的是拼命地工作，也拼命地生活。拼命工作是为了不辜负自己的青春、才华、家庭，拼命生活是告诫自己生命只有一次，要活得精彩。\r\n\r\n附上团队去沙巴、大阪以及各种浪的生活照~\r\n\r\n![alt text]( https://gw.alipayobjects.com/zos/rmsportal/xceyEjJhkPIqeNQMTEWd.png)\r\n\r\n\r\n# 招聘要求\r\n\r\n* 语言：JavaScript(前端或 Node.js)\r\n* 扎实的编程能力，熟悉基本的数据结构和算法。\r\n* 前端要求掌握 React/Vue 的原理，了解实现的关键技术。\r\n* 不满足上述要求的但仍然感兴趣的，请以你做过的项目或者对某个领域的深入研究来证明自己的能力。", "title": "[杭州][社招][p6/p7]蚂蚁金服商家技术部前端岗位招聘，我们在跟微信和美团打仗，希望你来支援！", "reply": 5, "click": 1952, "user_id": 58520, "user_name": "foria"}