{"id": 812699, "create_time": 1635917629, "create_datetime": "2021-11-03 13:33:49+08:00", "content": "### iOS 开发工程师\r\n工作内容：\r\n1. 负责句子控 iOS 平台相关应用的开发和维护\r\n2. 参与句子控移动平台底层架构设计、实现和维护 - 负责 App 的性能优化\r\n3. 负责项目代码的健壮性、可读性、可维护性\r\n\r\n\r\n任职要求：\r\n1. iOS 开发 1 年及以上的经验\r\n2. 对技术有热情，热爱新的挑战，能够独立解决技术问题 - 熟练掌握 Swift ；\r\n3. 有团队协作精神，有 1 个以上完整的 iOS 项目经验 - 责任感强，有良好的团队协作意识\r\n4. 注重用户体验，关注代码质量\r\n\r\n优先条件：\r\n1. 在意细节，关注设计，对 UI 及版式敏感\r\n2. 有开发开源项目的经历，如有 GitHub 账号或技术博客，请在简历中写明\r\n\r\n### 前端开发工程师\r\n工作内容：\r\n1. 负责 Web 端的产品开发\r\n2. 负责前端产品的页面制作，根据 UI 设计图完成前端页面的开发\r\n3. 分析并解决前端问题，持续改进产品，与团队成员分享最佳实践\r\n\r\n任职要求：\r\n1. Web 前端开发 1 年及以上的经验\r\n2. 具备扎实的计算机基础知识，熟悉 Web 相关技术原理\r\n3. 熟练掌握 JavaScript (ES2015+ / TypeScript)\r\n4. 熟练运用 CSS ，理解 Flex / Grid 等布局\r\n5. 熟练运用 React 、Vue 等一种或多种框架，并熟悉其原理\r\n6. 自我驱动的学习和工作习惯，对未知技术和领域能快速掌握并实践\r\n\r\n\r\n优先条件：\r\n1. 在意细节，关注设计，对 UI 及版式敏感\r\n2. 熟悉 PHP / Node.js 并了解其生态\r\n3. 有开发开源项目的经历，如有 GitHub 账号或技术博客，请在简历中写明\r\n\r\n### Golang 开发工程师\r\n工作内容：\r\n1. 使用 Go 语言(Golang)开发，负责服务器端程序的设计及编写；\r\n2. 参与产品需求分析、设计、编码、维护及性能改进；\r\n3. 通过单元测试、自动化以及代码审查等提升优化代码质量；\r\n4. 参与系统稳定性、性能和扩展性调试。\r\n\r\n任职要求：\r\n1. Golang 开发 1 年及以上的经验\r\n2. 熟悉 Go 的语言特性；\r\n3. 有一定的数据库编程经验，熟悉 MySQL 、Redis 数据库的开发及相关工具；\r\n4. 逻辑清楚，思维清晰，沟通良好，具备良好的分析、理解、解决问题的能力；\r\n5. 熟悉 TCP 、UDP 、HTTP 等网络协议\r\n6. 具备 Linux Unix 平台下的编程和操作经验，熟悉一种或者多种脚本语言(Python, JavaScript, Shell 等)。\r\n\r\n优先条件：\r\n1. 熟悉 ElasticSearch 的开发及相关工具\r\n2. 将 Linux 或 MacOS 作为桌面系统使用者\r\n3. 有开发开源项目的经历，如有 GitHub 账号或技术博客，请在简历中写明\r\n\r\n**注：以上岗位均接受实习**\r\n\r\n### 薪资范围\r\n全职薪资是：12k - 20k\r\n\r\n实习薪资为：200/天 ，实习时间最少为 3 个月\r\n\r\n### 联系方式\r\n投递邮箱：francis#juzikong.com\r\n\r\n邮件主题 应聘岗位+姓名+来自 V2EX ，例如\"应聘 iOS 开发工程师 + 姓名 + 来自 v2ex\"\r\n\r\n公司地址：上海市徐汇区兆丰环球大厦\r\n\r\n### 关于我们\r\n「句子控」是一个温暖实用的宝藏文字社区，各大应用市场搜索「句子控」即可找到我们！", "title": "[上海]句子控招聘前端、Golang、iOS 开发工程师和实习生", "reply": 9, "click": 1802, "user_id": 113840, "user_name": "frak"}