{"id": 506140, "create_time": 1541748003, "create_datetime": "2018-11-09 15:20:03+08:00", "content": "**公司介绍**： 在全球应用商店经济环境中，App Annie 一直处于市场情报及分析行业中的领导地位。超过 80%的 100 强 iOS 发行商们都倚仗于 App Annie 的数据产品来获知应用商店业务的信息，其中包括：EA、GREE、Storm8、 微软以及诺基亚。 我们向应用商店社区提供免费以及付费的产品。” App Annie 分析” 产品可以让发行商追踪自己产品的下载量、收入、排名以及评价的情况。与此同时，App Annie 还允许任何一个人分析全球应用商店中的排名情况。而这些都是完全免费的。” App Annie 情报“是我们的一款高端产品，其提供了目前所知最为精确的应用商店市场数据。App Annie 是一家私人持有的全球化公司，我们在北京、旧金山、香港、伦敦以及巴黎都设有分支机构。公司由来自美国、日本以及中国的投资机构支持，其中包括：Greycroft Partners、e.ventures、Infinity Venture Partners 以及 IDG Capital Partners。 我们以位于三里屯 SOHO 的顶级办公环境+竞争性的薪酬+六险一金+股票期权计划+近乎完美的福利报销制度（最新式的 MacBook Air/Pro+健身费+宽带费+探亲费+学习鼓励费等）诚邀您的加盟！\r\n\r\n[在招职位]( https://www.appannie.com/en/about/careers/engineering/beijing/)\r\n\r\n公司坐标三里屯 SOHO,沉迷于移动应用大数据研究，目前已经完成 E 轮融资，～ ～ 薪资高福利棒, 六险一金，零食水果不间断，咖啡饮料任你选，周五自助餐, 偶尔的 小 party 更贴心. 我们还有各种小 group, 三国杀~德州~足球~台球~读书会, 总有你喜欢的～ ！公司氛围, 纯正美国硅谷创业范儿，不加班不通宵周末还双休，真正的生活和工作 balance，如果你愿意，日常可以和公司各个国家的 geek 们畅所欲言，边吃边聊，头脑风暴应有尽有！\r\n\r\n\r\n***\r\n\r\n描述都是从其他地方复制过来的,但是说的福利什么的都是实实在在的\r\n\r\n感兴趣的朋友可以找我内推\r\n\r\nEmail : bGl3ZXAueEBnbWFpbC5jb20=\r\n\r\nWechat : Zi1PT09PT0ZG", "title": "[北京][内推]App Annie 招聘后端工程师,测试开发工程师,大数据工程师", "reply": 0, "click": 819, "user_id": 175833, "user_name": "Toddz"}