{"id": 820785, "create_time": 1638927178, "create_datetime": "2021-12-08 09:32:58+08:00", "content": "我们团队正在使用金融 NFT 构建下一代 defi 产品。我们正在招聘一位经验丰富的软件工程师，应当对加密货币和区块链技术充满热情。\r\n\r\n岗位职责：\r\n\r\n作为全球交付团队中的一员，参与智能合约、DAPP 相关的开发\r\n善于使用各种不同的语言技术来实现在区块链上的相关业务系统以及 APP\r\n快速的接受较新的技术和业务理念，并利用各种调试、部署、运维工具帮助程序推动落地\r\n欢迎比特币、以太坊爱好者加入，共同提出和实施安全、高效和可扩展的区块链应用程序\r\n\r\n岗位要求：\r\n\r\n2 年以上 Solidity 开发经验\r\n良好的编程技能，java, javascript, php, golang, c/c++或其他语言\r\n熟悉常规的加密算法(RSA, AES, DES, ect.)\r\n有 web3.js 的实际开发经验\r\n有 Substrate, Ethereum, Solana 至少两个的开发使用经验\r\n熟悉 React.js, REST APIs, GraphQL\r\n熟悉 ERC20, ERC721 并且有相关开发经验\r\n对区块链相关的测试、调试、部署相关工具有使用经验（ e.g.Truffle/Embark ）\r\n熟悉 EVM\r\n具有已经开发好的 dapp 经验为佳\r\n\r\n感兴趣的小伙伴请发送简历到 hr@joinbrix.com", "title": "远程全职 solidity 月薪 30~50k", "reply": 25, "click": 3947, "user_id": 423195, "user_name": "Brixlabs"}