{"id": 666903, "create_time": 1588052251, "create_datetime": "2020-04-28 13:37:31+08:00", "content": "目前开放了 5000+社招岗位，具体信息参见 https://mp.weixin.qq.com/s/GU6waCUKgd2orNu7UtBvzQ careers.tencent.com 上大部分的鹅厂社招职位都可以内推。如果有兴趣，可以给我发简历和岗位 cloudai[at]yeah.net 也可以微信扫描下面的二维码自助应聘，这样也是走我的内推通道\r\n\r\n腾讯自助内推二维码：\r\nhttps://wx2.sinaimg.cn/mw690/73aacb59ly1gapl6tb30yj2074086t8k.jpg\r\n\r\n腾讯会议和腾讯文档的最急，可以搜下这两个关键字\r\n\r\nPS：看到有的社招同学面试中途挂掉了，这种情况也没关系，如果有兴趣，可以换个岗位继续试 前面有同学面试挂掉主要是挂在岗位匹配度和技术细节层面的东西，这两方面建议面试前按照 JD 多准备一下 另外，腾讯对于岗位的背景和经验匹配度要求较高，想实现跳槽+角色转换通常比较困难，所以建议选择和目前从事岗位最相关的角色进行尝试 最多可以同时推荐三个职位。另外，一般岗位需要最低本科工作年限 2 年以上，高级岗位建议最低本科工作年限 6 年以上\r\n\r\n来信必回。学历、工作背景、工作年限都符合职位要求的必推。 有之前在其他渠道应试，简历在其他职位流程中锁定的，是无法推荐的。这种情况通过所有渠道都无法应聘，只能自己找之前的 HR 接触锁定。", "title": "🔥🔥🔥[腾讯全国]🔥🔥🔥巨量 HC 火热内推中,HC 太多候选人太少！ ToB、ToC 前后端研发/算法/产品/运营/设计/项目管理/售前/交付通通有!🔥🔥🔥", "reply": 3, "click": 1453, "user_id": 417960, "user_name": "lzzgzhm"}