{"id": 194653, "create_time": 1432875646, "create_datetime": "2015-05-29 13:00:46+08:00", "content": "友盟寻找最有创意的技术大牛！\r\n\r\n如果你拒绝简单重复的执行，想要挖掘自己在工作中的创意；\r\n如果你想通过自己的努力让自己有所成长；\r\n如果你想认识一堆技术 Geek 一起共事！\r\n\r\n加入我们吧！除了常规的“五险一金、年终奖、不打卡，扁平化管理”。我们还有够牛的平台！友盟拥有超过百人的专业团队，成员均来自 Google、百度、微软、三星、搜狐、雅虎、Zynga 等国际知名 IT 公司。\r\n\r\n你可以遨游在大数据的海洋里，超多技术大牛、超赞的工程师文化、你将第一时间了解移动互联网最新资讯，和数十万 App 开发者面对面交流，你的工作将会直接影响几十万 App ！心动了没有？\r\n\r\nps：如果你不考虑换工作，给友盟君推荐合适的人才，会有奖励哟！\r\n\r\n [岗位职责&要求] \r\nDBA（MongoDB）\r\n岗位描述：\r\n1、负责高负载，大流量 DB 日常管理；\r\n2、负责 DB 架构设计，容灾机制；\r\n3、负责现有数据系统的稳定性、高可用性、扩展性的相关保障工作及性能调优；\r\n4、负责根据项目需求设计并制定数据库解决方案；\r\n5、负责性能监控和调优，能够对业务需求和事故及时响应及编写监控脚本；\r\n6、熟悉分布式架构与实施。\r\n岗位要求：\r\n1、精通 MYSQL 以及 MongoDB 运行机制、体系架构与性能优化；\r\n2、精通 MYSQL 以及 MongoDB 的管理、扩容、备份恢复原理、性能监控及数据结构优化；\r\n3、精通复制、Cluster、分布式架构，熟练掌握数据库维护工具；\r\n4、熟悉 shell/python/c/java 其中之一，能完成 DB 相关自动化设计；\r\n5、具有积极乐观的工作态度；能吃苦耐劳，能承担较大的工作压力；\r\n6、具有良好团队合作精神和沟通能力；\r\n7、熟悉 MYSQL 以及 MongoDB 相关监控、分析、开发和管理工具；\r\n8、具有良好的英语阅读能力。\r\n\r\nCocos2d-x 工程师\r\n岗位描述：\r\n1、负责 Cocos2d-x 游戏统计分析 SDK 开发和维护；\r\n2、负责游戏统计分析的产品。\r\n岗位要求：\r\n1、熟悉 Cocos2d-x 引擎架构设计，1年以上 Cocos2d-x 引擎开发经验； \r\n2、精通 C++ 语言及面向对象编程，熟悉 C++ 标准库；\r\n3、熟悉网络 Socket 编程；\r\n4、熟悉 Cocos2d-x 中的引擎运行机制及生命周期。\r\n具备以下资格优先：\r\n1、有其他移动平台游戏引擎的使用经验；\r\n2、有其他 iOS,Android 等移动智能系统的原生 App 的经验。\r\n\r\n高级运维工程师\r\n岗位描述：\r\n1. 全程跟踪、紧密结合产品线，保障友盟各产品线线上系统稳定高效运行；\r\n2. 完善运帷体系流程，运维文档 ；\r\n3. 探索、研究新的运维技术，跟进社区新技术。\r\n岗位要求：\r\n1. 熟悉 Linux，熟悉 TCP/IP，具有互联网行业运维经验； \r\n2. 熟悉至少一门脚本语言，根据不同业务进行自动化部署变更及监控；\r\n3. 很强的分析问题、解决问题的能力，熟悉基本运维流程； \r\n4. 扎实的计算机专业基础知识，细心负责，热爱运维相关工作； \r\n5. 能独立负责解决复杂的问题，推进产品线发展。\r\n加分项：\r\n1. 包括但不限于：有独立博客，给社区提交过 bug (如果有，请附在简历后面)； \r\n2. 熟悉如下关键词的的优先：Nginx、LVS、MongoDB、MySQL、Storm、Kafka、Redis、Hadoop、Hbase、JVM、Finagle/Netty、Scala、C/C++。\r\n\r\niOS 测试工程师\r\n岗位描述：\r\n1、独立负责 iOS 客户端产品项目的测试方案及测试项目执行；\r\n2、iOS 客户端测试 App 书写及接口测试；\r\n3、iOS SDK 自动化测试方案设计及实施；\r\n4、测试相关脚本的开发。\r\n岗位要求：\r\n1、计算机相关专业本科以上学历；\r\n2、一年以上 iOS 客户端产品测试或开发经验；\r\n3、熟悉 object-C 或者 C 语言，能进行简单的 iOS App 开发；\r\n4、热爱软件测试行业，有测试改进的钻研精神；\r\n5、熟悉行业先进的软件测试流程，有自动化测试经验者优先。\r\n\r\n [简历投递方式] （必看！不要浪费机会哟!）\r\n投递邮箱： hr@umeng.com\r\n快来加入我们，跟友盟一起品尝成长的酸甜苦辣，充分释放你的创意吧！", "title": "全国最棒的移动开发者服务平台招技术牛人！", "reply": 10, "click": 3018, "user_id": 50299, "user_name": "umeng"}