{"id": 662002, "create_time": 1586766074, "create_datetime": "2020-04-13 16:21:14+08:00", "content": "**自己的产品，不是外包！**    \r\n之前发帖找前端，现在已经找到合适的了，感谢！    \r\n现在设计的活有点忙不过来，想再找一个 UI/UE 设计助理。  \r\n\r\n**待遇：**  \r\n远程，必须全职。基本工资 5K，每月有额外 0.5K / 1K 的绩效。工资给的不高，绝不是因为设计不值钱，是因为我们钱少，希望能省下钱给公司多争取一点时间，望各位轻喷。  \r\n八小时工作制，每周五天，每天早晚要对一下工作，工作量共同制定，干不完活要加班，不会故意加班。  \r\n提前发工资。    \r\n\r\n\r\n**关于公司：**  \r\n我们是一个小公司，没几个人，之前在北京，现在都分散在深圳北京各地。拿了点天使，花不了很久，但大概半年内是没问题的，并且只要还在上班的话薪资都会准时准点。  \r\n我们主要做工具类 SaaS 产品，类似穷游的行程助手，另一个产品则是开发者工具。\r\n\r\n**工作职责:**\r\n\r\n1.  根据给出的 /已有的主风格，处理非核心页面的界面设计，多数时候出 Axure 稿即可。\r\n\r\n**职位要求：**\r\n\r\n1.  能够跟住给出的主风格，处理非核心界面的设计，不跑偏。\r\n2.  懂 Axure 。\r\n3. 最重要的是，工作上靠谱，主动性强，对设计有热情有追求，为人善良，有团队合作精神。\r\n\r\n**加分选项：**\r\n\r\n1.  有实际团队工作经验，知道什么样的设计不会给前端造成太大麻烦。\r\n2.  有产品设计方面的热情和兴趣。\r\n\r\n联系请发邮件至（请附少量作品链接）：NDExOTMzMzMwQHFxLmNvbQ==", "title": "[远程，全职] 招一个 UI/UE 设计助理", "reply": 1, "click": 954, "user_id": 63873, "user_name": "wubbb"}