{"id": 822130, "create_time": 1639464942, "create_datetime": "2021-12-14 14:55:42+08:00", "content": "岗位职责：\r\n1. 负责 JindoFS 存储系统、JindoFS 缓存系统的内核研发\r\n2. 负责 JindoFS 系统在云平台上服务化、产品化的开发\r\n3. 负责 JindoFS 技术和产品在开源大数据、AI 生态上的场景化落地\r\n \r\n岗位要求：\r\n1. 有扎实的编程基础，至少精通一门开发语言(C/C++，JAVA ，GO ，Rust)。\r\n2. 有大型分布式系统上的内核开发经验优先，比如数据库、存储系统、缓存系统或对象系统。\r\n3. 熟悉常用调优和系统优化方法，能够结合机型硬件、Linux OS 、JVM 进行系统分析和调优。\r\n4. 有开源大数据重要组件（ HDFS 、Ceph 、Alluxio 、HBase etc ）内核源码优先。\r\n5. 有云平台上开发运维存储类产品和服务的经验优先。\r\n\r\n邮箱: kunhui.skh@alibaba-inc.com", "title": "[上海] 阿里云 JindoFS 团队招 P7", "reply": 2, "click": 711, "user_id": 106109, "user_name": "waltersu"}