{"id": 669727, "create_time": 1588931493, "create_datetime": "2020-05-08 17:51:33+08:00", "content": "福利：三餐免费，班车接送，大厂实习~\r\n\r\n岗位职责：\r\n1 、负责网易门户相关页面的开发和维护。\r\n2 、负责开发 H5 专题页以及趣味性的 H5 小游戏。\r\n\r\n岗位要求：\r\n1 、 统招本科生，计算机科学与技术、计算机网络应用和软件工程等相关专业。实习时间充裕稳定者优先。\r\n2 、熟悉 JavaScript 、HTML 和 CSS，能够根据设计稿实现相应的交互页面，并能兼容常见的浏览器和移动设备。\r\n3 、熟悉常见的前端流程控制工具，gulp 、webpack 等。\r\n\r\n公司地址：网易北京研发中心\r\n\r\n简历投递邮箱： huangze@corp.netease.com, 邮件名：姓名-岗位-实习时长-入职时间，例如：张三-xx 大学-xxx 实习生-三个月-8 月 8 日", "title": "[北京] 网易-前端开发实习生", "reply": 1, "click": 1118, "user_id": 393333, "user_name": "yyConstantine"}