{"id": 368343, "create_time": 1497421480, "create_datetime": "2017-06-14 14:24:40+08:00", "content": "亲各位大神看过来过来\r\n欢迎简历直接砸我。我全程帮你跟进进度。\r\nCamille.zhao@falcontalent.com\r\nP6-P9\r\n北京 杭州 \r\n薪资：30 万--150 万 open\r\n我微信：qingrenjieyytt1111\r\nqq：3260086272", "title": "618 北京技术专场开始啦！\r\n菜鸟网络技术团队招聘 Java 技术专家！", "reply": 0, "click": 1235, "user_id": 228701, "user_name": "alibaba07"}