{"id": 835587, "create_time": 1645499535, "create_datetime": "2022-02-22 11:12:15+08:00", "content": "大家好，\r\n\r\n我是这边的老发帖人了，目前工作生活在新加坡的互联网猎头小泽，英文名 Renee ，为新加坡人力部注册猎头，注册号码为 Reg No.:R2090455 。\r\n\r\n本科毕业于上海某 211 院校，之后在新加坡完成硕士学位，成为新加坡的一名互联网猎头。目前，为新加坡各大高速发展的大中型互联网公司进行海内外的人才招聘，尤其专注于安全和运维相关领域。\r\n\r\n目前开放中的热门岗位有：\r\n\r\n-DevOps/SRE\r\n-攻防安全工程师\r\n-安全开发工程师\r\n-基础安全工程师\r\n-SecDevOps\r\n-漏洞挖掘研究\r\n-区块链安全研究\r\n-Flutter 开发\r\n-前端\r\n-后端\r\n\r\n新加坡最近的 EP 政策的确又收紧了，但是渠道并未完全关闭。如果的确对于新加坡感兴趣，对于可以申请 EP 的公司，大家且面且珍惜。\r\n\r\n以下为模板废话：\r\n\r\n新加坡的互联网行业正处于腾飞和高速发展时期，而新加坡本土的互联网人才又比较匮乏，所以需要从世界范围内招募优秀互联网人才来新加坡工作。而鉴于语言，文化，尤其是中国互联网行业在世界范围内取得的成就，新加坡一线大厂更是对中国的互联网人才求贤若渴。\r\n\r\n而来新加坡工作的主要优势在于：\r\n-文化冲击小，语言障碍小。\r\n-拿绿卡速度快。家庭移民的速度更快。\r\n-全世界房价调控最好的国家之一。\r\n-全世界税率最低的国家之一。\r\n-优质的教育资源。\r\n-自然而然地外企工作风格，没有 996 。\r\n\r\n而有哪些候选人符合申请标准呢？\r\n-中国互联网大厂从业经验\r\n-重点院校本科及其以上学历\r\n\r\n如果您拥有国内大厂的从业经验，学历可放宽要求。如果您暂时没有大厂经验，则突出的学历也可加分。英文能力为加分项，不做特别要求。也不要求有雅思托福等语言成绩。通过面试拿到 offer 之后，公司可为直系亲属办理家属准证，全家可一起来坡生活工作，继而申请绿卡。\r\n\r\n\r\n如果想了解新加坡更多的职位详情，欢迎添加我本人的微信 happierenee 。烦请注明来自 V2EX （此账号为私人微信账号，不添加无关人员）。\r\n\r\n\r\n最后，祝大家心远地自偏，且卷且开心。", "title": "[新加坡] 新年新气象，新加坡工作机会看一波。安全/DevOps/SRE/DBA/前端/后端岗位开放中， P6-P9，大中型互联网公司，技术移民，薪资待遇从优，详情请微信咨询 happierenee", "reply": 0, "click": 274, "user_id": 546459, "user_name": "reneep"}