{"id": 207058, "create_time": 1437397343, "create_datetime": "2015-07-20 21:02:23+08:00", "content": "工作地：广州\r\n待遇：13K-25K\r\n\r\n要求：\r\n\r\n* 本科以上学历；\r\n* 精通HTML、CSS、JavaScript等前台相关技术，熟悉W3C网页标准；\r\n* 熟悉至少一种后台语言的开发机制(如Java,c++等)；\r\n* 有一定架构能力和算法能力,有良好编码规范；\r\n* 良好的学习能力和沟通能力，追求完美，有工作激情，能在较大强度下工作；\r\n* 善于表达，能总结和指导其他开发者；\r\n* 有移动web前端开发经验者更佳。\r\n\r\n简历请发： kalokzheng@tencent.com", "title": "[广州] 微信企业号团队招前端开发", "reply": 5, "click": 2362, "user_id": 14683, "user_name": "willerce"}