{"id": 200590, "create_time": 1435051459, "create_datetime": "2015-06-23 17:24:19+08:00", "content": "因为我觉得这个招聘很难完成，抱着试一试的心态发一下吧，请轻喷\r\n\r\n公司：桂林大为通信技术有限公司\r\n中国电科34所的民品公司\r\n主要项目：系统集成软件平台搭建\r\n地点：广西桂林\r\n\r\n招募的人：\r\n软件开发架构师，至少得有4-5年软件开发经验吧，平台架构能力比较强，有意向再详谈了。\r\n\r\n待遇：\r\n这个是我觉得很难启齿的，因为桂林这里工资待遇确实就不高，而架构师这职位，在大城市轻松一二十万不是问题，所以，我希望找到的人是对待遇要求不是很高的，对工作生活节奏比较在意的，这里的节奏确实还不错，在外头混得累了，想回桂林的可以考虑一下，外地的要赚大钱的人就不建议来了。\r\n\r\n再次求轻喷。\r\n联系方式:\r\n339591260@qq.com", "title": "一个我觉得不是很靠谱的招聘信息（软件架构师）", "reply": 4, "click": 2127, "user_id": 35043, "user_name": "Jelen"}