{"id": 357343, "create_time": 1493128714, "create_datetime": "2017-04-25 21:58:34+08:00", "content": "## 我们是谁\r\n\r\n[**Soundlinks**]( https://soundlinks.net) 拥有一项独特的声音技术，可以让视频 /音乐如同二维码那样，成为信息载体或触发互动，在我们的官网上有演示视频。\r\n\r\n团队有日本海归博士、加拿大回来的 MBA 、住在北京的挪威老外、还有上海负责产品、商务的同事。目前上海常驻两名开发，一位负责 iOS ，另一位杂工负责 iOS/前端 /后端 /算法的开发。团队虽小，十人不到，不过聚在一起已经超过一年半时间，核心团队时间则更长。今年三月天使轮，希望更多的伙伴加入，让事业更快地发展壮大。\r\n\r\n公司位于一号线汶水路，马上将搬到财大武东路校区附近。\r\n\r\n## 我们找谁\r\n\r\n以下职位都需要有独立开发的能力和担当，薪资范围 10k-15k ，视能力而定。\r\n\r\n- Android\r\n- 前端，熟练 Vue.js 加分\r\n- 后端，熟练 PHP （ Laravel ），掌握 Node.js 加分\r\n\r\n## 加入我们\r\n\r\n发送简历至 [jobs@soundlinks.net](mailto:jobs@soundlinks.net)，主题注明 **V2EX**。发送简历的同时请完成[**这份问卷**]( https://soundlinks.typeform.com/to/gnoUu2)。希望在茫茫人海中能找到志同道合的朋友。\r\n\r\n另外欢迎大家推荐身边的合适人选，推荐成功有 3000 人民币的奖励。", "title": "[上海] 创业团队 Soundlinks 招聘开发工程师", "reply": 7, "click": 2246, "user_id": 152969, "user_name": "WangYudong"}