{"id": 360437, "create_time": 1494407423, "create_datetime": "2017-05-10 17:10:23+08:00", "content": "职位目标\r\n 使用 VS2010 进行 B/S 系统的 ASP.NET 后台开发及 FireFox 前台开发。\r\n 岗位职责：\r\n 1、精通 B/S 软件开发过程，具有 ASP.NET 项目实际开发经验；\r\n 2、精通 C#、ASP.NET、XML、JSON、HTML5、JavaScript、CSS 等语言；\r\n 3、精通 VS2010 （ 2005 ）、SVN 等开发工具的使用；\r\n 4、熟悉 jQuery、Three.js 等 js 库使用；\r\n 5、熟悉 WebGL 绘图\r\n 6、代码规范性好，有优化代码的习惯，具有良好的面向对象开发思想；\r\n 7、有大型管理信息系统架构、设计、开发、部署的经验者优先。\r\n 任资资格：\r\n 1、计算机及数学、信息科学类相关专业，正规院校本科以上；\r\n 2、具备两年以上的 ASP.NET 项目的开发经验；\r\n 3、具有很强的学习能力和对新技术的追求精神，能够独立承担项目开发工作，具有很强的责任心；\r\n 4、具有良好沟通能力和团队合作精神。\r\n\r\n\r\n简历请投： fancyfrees@yeah.net\r\n\r\n我的微信：fancyfrees", "title": "[上海-7 号线大场镇] 靠谱公司急聘： ASP.NET 全栈工程师， 2 年以上工作经验，薪水 15-20k", "reply": 4, "click": 1140, "user_id": 221578, "user_name": "fancyfrees"}