{"id": 201030, "create_time": 1435206089, "create_datetime": "2015-06-25 12:21:29+08:00", "content": "运势日历\r\n\r\n公司介绍\r\n\r\n这是一个非常特别的APP， 叫运势日历，听起来比较玄幻，主要就是通过生辰八字、星宿、手相等来计算出每个人的运势日历， 比如今天是否有利于出行、商务谈判、约会啊什么的。与一般的星座、运气app不同的是，这是一款可以根据用户个人的生辰八字测算出来的，而且这套公式和算法是她们创始人花了几年的时间手动算出来的。\r\n\r\n公司创始人是80后玄学传人， 她之前曾主持过一档 胖子乐看相馆的视频节目，在网络上非常火，拥有相当多的粉丝。她自己的微信公众账号 奇竺-胖子乐 也拥有相当多的粉丝和转发率。 （口述：这个说起来虽然有点难理解，但是我们见过她们ceo， 她真的是可以看人一眼就能算出很多人的过往经历、性格特征等。所以见过她的人都还是真的能被她折服的。她们公司在最开始的时候就拿到了百万的天使投资，也是因为投资人找她去看手相，然后觉得特别的准，所以投资人很相信她的玄学，也相信一定有很多人跟他一样，会相信玄学， 所以才会选择用APP的形式做出来）\r\n\r\n虽然说这是一个很特别的领域，但是相当受90后的女粉丝亲睐。 产品上线仅一个月的时间，已经有了10几万的下载量，而且日活相当高。\r\n\r\n\r\n融资情况\r\n\r\n天使轮： 500万人民币，估值3500万（美图秀秀老板蔡文胜）\r\n\r\n目前正在进行Ａ轮融资\r\n\r\n职位介绍\r\n\r\niOS开发工程师\r\n\r\n工作职责：\r\n1、负责ios应用程序设计和开发工作，并编写相应的开发文档；\r\n2、负责对ios产品进行性能优化，及后续的持续升级维护工作；\r\n3、不断学习ios开发技术，跟踪技术发展方向，以满足产品的开发需求；\r\n4、参与产品需求分析评审及技术实施方案设计。编写设计开发及实现文档；\r\n5、根据产品功能需求设计并完成软件实现\r\n\r\n岗位要求\r\n\r\n1、具备扎实的C/C++、Objective C编程基础，熟悉常用的数据结构和算法，有良好的编程习惯；\r\n2、熟悉iPhoneSDK，Xcode，Cocoa相关技术开发及应用，具备独立完成项目开发的能力；\r\n3、熟悉 UIKit 框架，能快速完成原生控件的扩展；\r\n4、精通IOS SDK中UI、网络、数据库、XML/JSON解析、多线程等开发技巧；\r\n5、有完整的iPhone产品开发经验，熟悉客户端技术设计、开发、测试、发布流程;\r\n\r\n如果有意愿可以投递一份简历到我的邮箱：jerra_ipozp@126.com或者加我的QQ：3218384410\r\n\r\nJerra\r\n\r\nipo club-人才服务团队\r\n\r\n人才招聘顾问（移动互联网方向）\r\n\r\n手机：18721876592\r\n邮箱：Jerra_ipozp@126.com\r\n微信：Jerra-613\r\nQQ： 2063691575\r\n联系地址：上海市杨浦区锦嘉路88号 ipo club 四楼(靠近大学路)\r\n\r\nipo club-人才服务团队是专注于互联网领域的人力资源解决方案提供商，现已与多家移动互联网企业建立的战略合作，并成为多个手游创业团队的人力资源顾问，旨在为互联企业与创业团队解决人才招聘难题，为团队发展提供可能；\r\n我们团队的核心成员，在互联网行业从事招聘服务10年之久，特别是在移动互联网、手游领域有丰富的经验；我们始终遵循专业化的发展方向，为客户一站式的人力资源服务，从发展规划到人才管理，让您的团队更便捷、更低成本地找到需要找的人。\r\n\r\nipo club-创业者启航的港湾，互联网时代的码头，拥有650平米的线下实体活动与社交空间，长期举办各类创业主题活动，为创业者提供自由互动的平台，在这里你能与众多创业者，投资人，各个领域的意见领袖进行深度交流，并可获关于公司注册、法务咨询、人力资源服务、影响力传播、项目融资方面的支持，ipo club创业之旅，从这里启航", "title": "上海杨浦招聘 某移动互联网公司招聘资深 iOS 主管角色 创业型公司 需要组建团队 薪资： 15K-20K+股票期权 2 年以上 iOS 开发经验 不要应届毕业生 非诚勿扰", "reply": 10, "click": 1807, "user_id": 114150, "user_name": "jerra1991"}