{"id": 357174, "create_time": 1493087843, "create_datetime": "2017-04-25 10:37:23+08:00", "content": "招募背景：“老队长”带领兄弟们去开辟新的产品线，原产品需要资深队友鼎力相助！\r\n\r\n你的兄弟们：拥有丰富实战经验的技术团队；潜伏百度、阿里、华为、恺英、巨人、 PPTV 多年的程序猿们...\r\n\r\n你要做的事：\r\n\r\n1 、负责后台服务器的研发工作，（支持 web 、 iOS 、 android APP 服务端接口）；\r\n\r\n2 、负责后台服务器软件的模块设计、编码、联调、维护等各阶段的开发任务；\r\n\r\n3 、指导和协助运维；\r\n\r\n我们希望你：\r\n\r\n1 、有 5 年以上互联网产品 Java 后端开发经验；\r\n\r\n2 、熟练掌握多线程开发及调优；\r\n\r\n3 、熟悉 JVM 、 Jetty 容器，了解 Java 体系相关技术；\r\n\r\n4 、具有 MongoDB 使用及调优经验；\r\n\r\n5 、熟练操作 Linux 系统、熟悉 Redis 、 Memcached 等缓存机制。\r\n\r\n----------------------------------------------------------\r\n\r\n以下可能是你想知道的\r\n\r\n为什么选择直播行业？\r\n\r\n1 、风口行业，市场规模巨大；商业模式清晰，变现能力极强\r\n\r\n2 、应用场景广阔，将与诸多细分垂直行业结合（教育、医疗、体育、电商等等）\r\n\r\n3 、新颖的社交方式，展现自我的平台！粉丝效应、网红经济在此碰撞！\r\n\r\n么么直播行业的曝光度似乎不高？\r\n\r\n曝光度取决于市场战略及用户定位， X 客、 X 椒、 X 鱼虽然曝光度高，但是，他们盈利吗？！盈利吗？！盈利吗？！而我们早就欢快的盈利了，并在赚钱的道路上越走越远~可是我们低调我们不说！\r\n\r\n14 年才成立，是创业公司吗？\r\n\r\n我们在直播行业已有长达 8 年的积累，产品、研发、运营、行业经验极其丰富！只是从 14 年开始，我们改头换面并开始了新的征程！\r\n\r\n目前只融了 A 轮，钱烧完不够了怎么办？\r\n\r\n我们早就实现了盈利，傲娇任性，完全可以自我造血；何必还要去稀释股份呢？\r\n\r\n为什么加入我们？\r\n\r\n搬砖？ No ！我们是在改变世界！\r\n\r\n生命不息，折腾不止，一群 geek 精神的攻城狮，\r\n\r\n主攻 Java,HTML5,Javascript,React.js,Node.js,Objective-c\r\n\r\n唯能力用人才，只要你有想法，在这就有舞台！\r\n\r\n高效协作的年轻团队，扁平化管理，良好的代码风格！\r\n\r\n我们为优秀的你提供了什么？\r\n\r\n带薪年假、餐补、免费晚餐、上门推拿、无限量饮料、内部推荐奖金、季度奖金、结婚红包、学习津贴、社团活动经费、定期 team building 、员工生日会、旅游、体检，该有的福利一个都不会少！活动室内 XBOX 、跑步机、按摩椅、足球机、乒乓桌、桌球桌、娃娃机各种设施早已添置完毕。（还不够？只要你有好的 idea ，我们就会努力实现，因为嗨森最重要~）\r\n\r\n外地的牛儿可以先进行电话面试，报销面试来回车费\r\n简历请投递： hui.li@2339.com", "title": "[上海] 25K~40K（薪资无上限）招聘服务器端 Java 大神，有期权，一年两次调薪机会...", "reply": 17, "click": 2233, "user_id": 195406, "user_name": "monica0820"}