{"id": 350404, "create_time": 1490519882, "create_datetime": "2017-03-26 17:18:02+08:00", "content": "这就是我们团队： http://aotu.io/\r\n\r\n我们是一支热爱创造的团队，不断尝试新技术，新体验，新产品。\r\n\r\n没错，我们是凹凸实验室，我们来自京东深圳，现急需要您的加入！\r\n\r\n====================\r\n\r\n### 职位要求：\r\n\r\n#### H5 前端开发\r\n\r\n- 2 年以上移动前端开发经验（必须掌握页面重构能力）\r\n- 熟悉 JavaScript ，有自己的一套心得体会\r\n- 精通 HTML5 、 CSS3 等，能够书写优雅简洁的布局代码\r\n- 懂得网站性能优化、对用户体验和模块化有深入的理解。\r\n- 面善~ 有良好的沟通能力。\r\n- 主动性！责任感！爱折腾！\r\n\r\n### 创造能力(加分)：\r\n\r\n- 熟悉至少一门后端语言\r\n- 熟悉使用 zepto , mobile jquery 等移动端脚本库\r\n- 能使用 AngularJS, Backbone, Vue, React, React Native 等 MVC/MVVM 框架。\r\n- 能使用 grunt, gulp , webpack 开发自动化工具。\r\n- 有 app 、 node 开发、服务器配置经验\r\n- 熟悉 Canvas, WebGL ,SVG 网页动画 /游戏开发\r\n\r\n### 工作职责：\r\n\r\n- 负责京东旗下的微信购物 / 手 Q 购物平台+运营、栏目频道、微信小程序等业务；\r\n- 负责新项目的研发、 H5 游戏开发、 APP 、移动端品牌宣传等。\r\n\r\n### 薪资：\r\n\r\n12K~ 24K (钱都好说，你行你来)\r\n\r\n请将您的简历发至： liweiliang[at]jd.com", "title": "[京东深圳] H5 前端开发（京东微信购物、12-24k、最后一席）", "reply": 6, "click": 2145, "user_id": 46605, "user_name": "waileung"}