{"id": 365681, "create_time": 1496478307, "create_datetime": "2017-06-03 16:25:07+08:00", "content": "## 写在前面\r\n去年，我在 V2EX 发了[第一个招人贴]( https://www.v2ex.com/t/308162#reply133)，找到了前端工程师，然后我们以非常精悍的小团队工作到今天，取得的成果是：产品上线了并且开始赚钱，一笔融资到账，积累了丰富的数据。我们发展速度不快，但是稳扎稳打，可以说每一步都是脚踏实地走过来的。\r\n\r\n## 关于团队\r\n我们目前的团队非常精悍，同时崇尚自由宽松的工作氛围，我们绝不会喊口号，挂大旗，也不会做丑陋的企业 logo T 恤，或者开令人尴尬的年会(现在人少不会，以后人多也不会)。我们相信每个人的主观能动性，也尊重每个人的意愿，话说回来，我的工作就是确保我们找到的每一个人都是这样的人。\r\n\r\n## 关于产品\r\n产品最早的故事在[这里]( http://www.wdk.pw/1134.html)，现在我们做的是给企业的数据解决方案，主要针对公开数据。关于产品，公司，计划和未来，有太多可以说的了，有兴趣的话，可以到我们这里来，开一瓶酒，围炉深谈\r\n\r\n## 关于我\r\n我之前是独立开发者，也写文章，我做过很多乱七八糟的东西，也经常混 V2EX，但是参与讨论不多。我的微信公众号是[超级王登科]( http://www.newrank.cn/public/info/detail.html?account=superwdk)， 我的微博是：[调皮的王登科]( http://weibo.com/thedk)，这两个平台的粉丝都还算挺多的，你应该能从微信公众号和微博多少对我有一些了解，我不指望你喜欢我，但我非常希望你能相信，我这个人还是挺靠谱的。\r\n\r\n## 回报\r\n作为一个有多年经验的独立开发者，我非常清楚且尊重劳动的价值，虽然我可以许以未来，画个大饼，但我依然竭尽所能，提供我所能提供的最好的现实的回报。\r\n\r\n* 设计师每月工资 7-11k，数据工程师每月工资 10-20k\r\n* 丰厚的期权\r\n* 无限量的零食与饮料（可口可乐, 咖啡以及神奇的东方树叶...）\r\n* 工程师文化，先进的工具，空气净化器，手压咖啡，吉他&滑板免费教学\r\n* 弹性工作，很弹很弹的那种\r\n* 每周聚餐\r\n* 偶尔把我家的猫抱给你摸一下\r\n* 房租补贴(或者你说服我们的工程师跟你睡一个房间)\r\n\r\n![]( http://7bv8z0.com1.z0.glb.clouddn.com/2017010996808IMG_3432.JPG)\r\n\r\n说实话吧，这个报酬，有点低，但是我觉得我们未来赚大钱的可能性还是有一些的，为了这个可能性，以略低于大公司的报酬搏一把，我个人认为是值得的，当然，这也是个人选择，选择没有优劣之分。我真心希望，这对你来说，不仅仅是一份工作，更是一段难忘的经历。\r\n\r\n## 期望\r\n我们对设计师的期望：\r\n* 拥有优秀的界面 /交互设计能力\r\n* 熟练使用 sketch 等设计工具，对美和优雅有追求\r\n* 熟悉互联网产品设计\r\n* 人品好\r\n\r\n\r\n我们对数据 /机器学习工程师的期望：\r\n* 数据结构及算法功底\r\n* 熟悉分类、聚类、回归、图计算等机器学习算法\r\n* 对自然语言处理 (NLP) 有经验\r\n* 会使用 TensorFlow 等机器学习工具，并会调优\r\n* 熟悉如 Hadoop、Storm、Spark 等平台(列的比较多,会一个就可以了)\r\n* 人品好\r\n\r\n如果你有如下能力，我们更加期待：\r\n* 拥有 toB 产品的经验\r\n* 具有产品经理的思维，或者对产品有兴趣\r\n* 玩实况或者踢足球\r\n* 熟悉 Linux 开发环境，科学上网\r\n\r\n## 联系&信息\r\n我们的办公室在北京像素，六号线草房站下地铁即到，来这边上班很可能是逆峰出行～我们欢迎全国各地的同学来北京加入我们.\r\n\r\n邮箱： bullet.on.bible@gmail.com", "title": "我是独立开发者，去年成立了一家公司，现在进行第二次招聘(设计师/数据工程师)", "reply": 35, "click": 0, "user_id": 148455, "user_name": "graetdk"}