{"id": 199470, "create_time": 1434595158, "create_datetime": "2015-06-18 10:39:18+08:00", "content": "人瑞集团产品研发部 等着你的加入呦！！！！\r\n\r\n岗位职责：\r\n1.负责无线端产品的交互设计工作；\r\n2.根据产品需求和用户研究的结果，规划并完成界面的信息架构、流程设计和原型设计；\r\n3.编写界面交互设计说明书，负责维护和更新界面设计标准和规范；\r\n4.收集和分析用户反馈，持续优化产品的用户体验；\r\n5.参与界面设计流程的完善和优化工作。\r\n任职要求：\r\n1.有2年以上的APP、软件行业交互设计工作经验\r\n2.熟悉多类基于互联网的产品，并能有所见解\r\n3.工业设计、计算机、心理学、平面设计、广告设计等相关专业，本科以上学历\r\n4.熟悉UED团队工作流程，对交互设计有较深理解和实践，可独立完成整个设计过程（用户角色分析、故事板、流程图、线框图等）；良好的跨团队协作能力，与各部门人员密切合作\r\n5.对事物有同理心，逻辑分析能力强，善于分解任务，沟通和协调；较强的写作能力\r\n6.有成功上线APP产品者优先\r\n\r\n我们懂你呦～～～～～\r\n公司地址：北京市海淀区中关村南大街2号院数码大厦A座 2101室人瑞集团\r\n路线：地铁四号线人民大学c口出来就到数码大厦A座了\r\n请将简历砸向我： yanfaHR@renruihr.com，也可以咨询公司详细情况及待遇！！！\r\n联系电话：18311489544", "title": "交互设计师岗位说明 15K – 30K / 月，总收入 14 薪", "reply": 0, "click": 1780, "user_id": 122791, "user_name": "ruixiaohou"}