{"id": 512251, "create_time": 1543375269, "create_datetime": "2018-11-28 11:21:09+08:00", "content": "大家好，我司（ Aisino ）招聘技术支持工程师，感兴趣的小伙伴请发简历给我\r\n\r\n职位描述：\r\n\r\n1. 负责产品技术支持，解决各省级系统相关技术和业务问题；\r\n2. 参与软件实施、运维技术支持等工作；\r\n3. 参与用户手册、升级说明、实施文档等相关的技术文档编辑工作。\r\n\r\n\r\n任职要求：\r\n\r\n1. 国家统招本科一本或以上学历，要有毕业证学位证；   \r\n2. 熟悉 Linux 操作系统。熟悉 Oracle 数据库，熟悉 SQL 语言，有 java 开发经验者优先;\r\n3. 具有较强的语言表达能力和沟通能力，具有分析解决问题能力和较强的学习能力；\r\n4. 工作有热情、有耐心，遵守工作纪律，工作严谨、细致；\r\n5. 具备团队合作精神。\r\n6. 计算机、电子信息等相关专业优先；\r\n\r\n简历投递：[请点击连接](mailto://liulifu@aisino.com \"liulifu@aisino.com\")   \r\n更多了解：[Aisino]( http://www.aisino.com \"http://www.aisino.com\")", "title": "[北京] 技术支持/ Java 开发", "reply": 0, "click": 1004, "user_id": 315812, "user_name": "anotherlf"}