{"id": 835440, "create_time": 1645432862, "create_datetime": "2022-02-21 16:41:02+08:00", "content": "职位描述\r\n1 、负责抖音相关业务服务端开发工作；\r\n2 、参与系统架构设计及优化，提升系统性能和效率，保证系统服务高并发高可靠；\r\n3 、通过技术研究和创新，推动业务的快速发展和高效迭代。\r\n\r\n职位要求\r\n1. 本科及以上学历，计算机、通信等相关专业；\r\n2. 具备良好的编码能力，有扎实的数据结构和算法功底；\r\n3. 熟悉 Linux 开发环境，熟悉掌握至少一门高级语言：Java/Go/Python/C/C++；\r\n4. 熟练掌握 MySQL 的使用和特性，熟悉常用 MQ 、redis 的使用和特性；\r\n5. 熟悉分布式系统的基本架构，具备良好的业务架构设计能力；\r\n6. 积极乐观，责任心强，工作认真细致，具备良好的服务意识，具有良好的团队沟通与协作能力\r\n\r\n邮箱：d3V5YWp1bi4wQGJ5dGVkYW5jZS5jb20=", "title": "[北京][杭州] 抖音服务端研发", "reply": 0, "click": 354, "user_id": 552149, "user_name": "dgr007"}