{"id": 361841, "create_time": 1494982247, "create_datetime": "2017-05-17 08:50:47+08:00", "content": "职位诱惑： \r\n周末双休、员工旅游、节日福利、项目奖、免费体检等\r\n职位描述：\r\n岗位职责：\r\n1、负责 Android 开发环境搭建，应用程序的设计、开发工作；\r\n2、负责公司的产品设计需求，进行 Android 版本中应用的实现；\r\n3、负责完成软件开发、验证和修正测试中发现的问题；\r\n4、负责根据开发规范与流程独立完成模块的设计、编码、测试以及相关文档；\r\n5、负责根据开发过程中的体验对产品提出改进建议。\r\n\r\n任职要求：\r\n1、计算机或相关专业；\r\n2、一年及以上安卓手机平台开发经验优先，具备扎实的 java 编程基础，熟悉安卓网络通信机制、linux 操作系统，对 socket、tcp/ip 和 http 有较深刻的理解与经验；\r\n3、良好的沟通和学习能力，善于准确理解开发需求，能熟练编写规范的软件开发技术文档；\r\n4、特别优秀的也可适当放宽要求。\r\n\r\n薪资福利：\r\n 8k-15k、提供不定期的外出旅游、员工生日蛋糕、扁平化管理等\r\n工作地址：南京市雨花台区软件大道 180 号大数据产业基地 3 栋 405\r\n联系电话：18061206258  李", "title": "安卓开发工程师\r\n8k-15k /南京 / 经验不限 / 大专及以上 / 全职", "reply": 1, "click": 1140, "user_id": 230959, "user_name": "dplxh"}