{"id": 355981, "create_time": 1492599257, "create_datetime": "2017-04-19 18:54:17+08:00", "content": "美丽说联合集团招聘，主要负责美丽说业务。各路大牛小牛快到碗里来！\r\n\r\n邮件标题：职位-姓名-v2ex \r\n简历发送至： peizerao@gmail.com\r\n\r\n### Android 研发工程师\r\n\r\n    职位描述：\r\n        1 、负责 Android 客户端整体框架、 GUI 交互的设计与开发；\r\n        2 、参与项目前期需求确认，能够准确把握需求，并评估开发周期；\r\n        3 、根据文档规范要求撰写全部或部分概要设计、详细设计等开发文档；\r\n        4 、负责项目框架搭建、关键技术选型、技术难题公关等工作；\r\n        5 、为代码质量负责，保证代码的健壮性、可读性、易维护性；\r\n\r\n    岗位要求:\r\n        1 、在 Android 手机平台上独立开发过完整的程序，有电商经验者加分；\r\n        2 、有扎实的 java 语言基础，面向对象的设计思路；了解基本算法 /数据结构，了解基础设计模式；\r\n        3 、熟练使用 AS 等相关开发工具，精通 android sdk ；\r\n        4 、能够熟练使用 SVN 、 Git ；\r\n        5 、责任心强、学习能力强、敢于接受压力和挑战、能够独立完成任务攻关，有良好的团队合作精神；\r\n        6 、思路逻辑清晰，为人处事对事不对人，简单直接。\r\n    \r\n### 测试工程师\r\n\r\n    职位描述：\r\n        1 、参与产品评审，分析产品需求，根据项目需求和测试计划设计和编写测试用例；\r\n        2 、执行测试用例，熟练运用 bug 管理工具提交和跟踪 bug ；\r\n        3 、根据产品的需求说明编写测试计划、测试用例、执行产品测试、编写测试报告；\r\n        4 、对软件问题进行缺陷跟踪、分析和报告；\r\n        5 、配合研发人员进行功能调试，以及突发事件的解决；\r\n    \r\n    岗位要求：\r\n        1 、计算机相关专业， 1 年以上软件测试工作经验，熟悉 Android 、 iOS 移动端测试；\r\n        2 、熟悉常用的代码管理和 Bug 管理工具；\r\n        3 、学习能力强，熟悉 shell 、 php 、 java 等语言之一者加分；\r\n        4 、喜欢测试行业，责任心强，能吃苦；\r\n        5 、工作细心，耐心，强烈的责任心，良好的沟通能力、逻辑分析能力；\r\n        6 、抗压能力强，能胜任重复性的工作，适应高强度、快节奏的工作环境。\r\n    \r\n### 前端研发工程师\r\n\r\n    职位描述：\r\n        1 、负责业务产品的前端的技术方案选型与设计；\r\n        2 、 Web 前端表现层及与后端交互的设计和开发；  \r\n        3 、对用户体验和前端性能有很敏感的把控和优化手段，解决各种浏览器的兼容性问题 ；  \r\n        4 、具有文档撰写、 code reivew 和单元测试，确保项目的进度和质量能力；  \r\n        5 、关注前沿技术研究，通过新技术服务团队和业务；\r\n    \r\n    岗位要求：\r\n        1 、精通各种 Web 前端技术和标准(Javascript/ES6 、 HTML/HTML5 、 CSS/CSS3)，熟悉页面架构和布局，对表现与数据分离、 Web 语义化等有深刻理解；  \r\n        2 、精通 React.js, Redux ,Vue.js 等主流框架进行 SPA 开发，了解掌握 webpack 、 gulp 等构建工具配置和使用；  \r\n        3 、对前端工程化与模块化开发有一定了解;  \r\n        4 、熟悉 nodejs ，通过 nodejs (如 express/koa) 搭建 web 服务；  \r\n        5 、有非前端语言（如 Java/C#/PHP/C/C++/Python/Ruby ）实践经验者加分；  \r\n        6 、具备良好的团队协作精神，能利用自身技术能力提升团队整体研发效率，提高团队影响力；  \r\n        7 、对技术有激情，喜欢钻研，能快速接受和掌握新技术，有较强的独立、主动的学习能力，良好的沟通表达能力和团队协作能力。\r\n    \r\n### PHP 研发工程师\r\n\r\n    职位描述：\r\n        1 、负责新业务相关模块的分析、设计与维护；   \r\n        2 、参与业务的讨论，并能够独立完成详细设计及编码实现；\r\n    \r\n    岗位要求：\r\n        1 、有一年以上 PHP 、 MySQL 开发经验，熟悉 yii 、 ci 、 laravel 等常用框架；\r\n        2 、拥有良好的代码习惯，要求结构清晰，命名规范，逻辑性强，代码冗余率低；  \r\n        3 、熟悉面向对象的软件设计方法，对面向对象的设计模式有较深的理解并能熟练应用；\r\n        4 、熟悉 web 前端 html 、 js 、 css 语言，会使用 bootstrap 等开发工具包；\r\n        5 、思路逻辑清晰，为人处事对事不对人，简单直接。", "title": "[北京]美丽联合 Android/前端/ PHP /测试 工程师快到碗里来", "reply": 4, "click": 2237, "user_id": 44654, "user_name": "raopeize"}