{"id": 361973, "create_time": 1495007098, "create_datetime": "2017-05-17 15:44:58+08:00", "content": "项目背景：\r\n门派是一家致力于服务木门行业经销商、工厂和客户之间的智能化云数据管理平台，平台将颠覆传统木门行业经销商和厂家以及客户间信息互联网的服务，提供“端”+“云”的智能高效的服务。\r\n\r\n\r\nPHP 高级研发工程师\r\n你将负责：\r\n1、负责门派项目的服务器端系统架构设计和接口的研发。\r\n2、参与系统需求的分析和数据库设计，负责完成项目的编码，对系统不合理的地方，提出解决方案。\r\n3、通过不断的技术研究和创新，更好的服务门派的业务发展和创新，通过技术革新使公司产品更完美。\r\n\r\n我们希望你：\r\n1、有 3 年以上 PHP 开发经验，熟练掌握 LNMP 开发，并具备良好的编码习惯。\r\n2、特别熟悉 PHP 主流开发框架，如 CI、Yii 等，熟悉框架的源代码。\r\n3、熟练应用缓存机制，如 Redis、Memcache、Mongodb 等。\r\n6、掌握接口、网站访问速度的各种优化方案，有大型网站与应用研发经验，并提出优化方案更佳。\r\n7、有良好的代码习惯，要求结构清晰、命名规范、逻辑性强、代码冗余率低，代码注释清晰、质量高。\r\n8、熟悉软件设计流程和软件工程规范，具备良好而规范的设计和技术文档编写能力。\r\n9、具有一定的系统构能力。\r\n10、开源贡献者优先，github 源码者优先，技术博客者优先。\r\n\r\n你能得到的：\r\n 扁平化管理  、技术开发氛围、福利完善、高薪酬。\r\n\r\nWeb 前端开发工程师\r\n你将负责：\r\n1、负责门派项目的移动端和 PC 端的 Web 研发工作。\r\n2、负责前端页面架构设计，组建优化，技术创新工作。\r\n3、参与系统去修的分析，与设计师、后端工程师协同完成产品功能的开发，优化用户体验。\r\n\r\n我们希望你：\r\n1、2 年以上 HTML5 项目开发经验，有熟练的移动端经验，熟练掌握 HTML5 代码实现、调优；\r\n2、熟悉 HTML5 标准，精通 Javascript 前端开发，熟悉 jQuery Mobile、Bootstrap、Node.js 等常见 HTML5 开发框架中的一种,能快速高效实现各种交互效果；\r\n3、能够很好的与产品、设计师和后台开发人员沟通协作，有良好的沟通能力、协调能力、强烈的责任心和团队合作精神；\r\n4、对微信、Android 和 Pad 不同平台的页面适配有较好的了解；\r\n5、了解前端项目模块化解决方案，对高并发、大访问量时前端各种场景的处理有一定的心得。\r\n\r\n你能得到的：\r\n 扁平化管理  、技术开发氛围、福利完善、高薪酬。\r\n\r\nEmail:  ckz0409#163.com  \r\n \r\nWechat:1026440751", "title": "北京蜂云科技招 PHP 工程师， Web 前端工程师", "reply": 1, "click": 1501, "user_id": 171193, "user_name": "KelvinChen"}