{"id": 361359, "create_time": 1494817706, "create_datetime": "2017-05-15 11:08:26+08:00", "content": "北京与你科技有限公司( https://www.uneed.com/)\r\n\r\n“与你游戏”将会做一个与众不同的休闲游戏中心，我们有原创的能力，这是最难的地方，同时也是最核心的竞争力。公司由原陌陌 CTO 李志威创立，一家有较高起点，但态度踏实的公司。\r\n\r\n招聘 golang 工程师一枚。\r\n\r\n我们没有非常沉重的历史包袱，所以可以轻盈的奔跑；并且不会再再过每天修修补补的搬砖生活，不用再每天担心为前人的坑背锅，总之一切都是好的。当然我们要求你要求学习能力强，具有良好的编程风格。招聘么，当然要要个正式的 jd 的样子，那么就请看下面的介绍吧.\r\n\r\n岗位描述：\r\n\r\n\t负责与你游戏服务器端 api、即时通讯部分的开发\r\n\r\n技能要求：\r\n\r\n1.至少熟练掌握 Java/Php 一种语言，并且有意向专向 Golang\r\n\r\n2.了解分布式服务的基本原理及架构\r\n\r\n3.熟悉 MySQL、Redis 配置、维护、性能优化，并有良好的数据库设计能力\r\n\r\n4.熟悉 TCP、UDP、HTTP 等网络协议\r\n\r\n5.熟悉 Golang 的优先录用\r\n\r\n面试通过宝典：( https://github.com/blackbeans)", "title": "[招聘 golang 工程师一枚] 与你科技", "reply": 0, "click": 1677, "user_id": 27557, "user_name": "blackbeans"}