{"id": 657897, "create_time": 1585629706, "create_datetime": "2020-03-31 12:41:46+08:00", "content": "我知道，你绝不简单，如果你和现在的工作没得聊，那就来我们这聊聊。\r\n要知道，这个世上大部分人找工作都是从“不妨一试”开始的，比如我们公司的可视化设计师岗位。\r\n人生有很多种可能，只要勇敢一次，往往能得到的东西能比想象中多得多，譬如说现在，我们招人了，你勇敢投简历了吗？\r\n我们总以为生活欠我们一个“满意”，其实我们欠生活一个“尝试”。听说袋鼠云公司正在招人，你确定不投简历过来尝试一下吗？\r\n找工作不是一天的事，是一辈子的事。\r\n\r\n公司简介：\r\n   袋鼠云成立于 2016 年，是国内领先的数据智能践行者，专注于数据中台和智能运维业务，研发打造了云原生一站式数据中台 PaaS“数栈 DTinsight”，帮助客户构建企业全域数据智能基础设施，赋能数据中台方法论；智能运维业务以数据能力为基础，帮助客户建立面向云时代的 IT 管理体系，提供运维中台设计咨询、产品和运维运营服务的智能运维中台解决方案。袋鼠云和客户以及生态伙伴一起共创数据驱动的业务和运维全链路闭环的中台能力，让数据产生价值。\r\n\r\n工作地点：杭州\r\n投递方式\r\n简历发送至： yudi@dtstack.com ，邮件命名：职位+社招+姓名\r\n\r\n大数据运维开发\r\n1 、\t负责 PaaS 产品的运维和优化工作，持续提升运维效率；\r\n2 、负责 Hadoop 底层的运维优化，发现并解决各种瓶颈问题，保障系统平稳运行；\r\n3 、保障 PaaS 产品运行的高可用，可进行持续性架构优化。\r\n任职要求：\r\n1 、熟悉 Linux 系统运维，运维技术知识全面；\r\n2 、至少掌握 Shell/Python/Java 等一种以上开发语言；\r\n3 、熟悉 Hadoop 底层技术，具备持续调优能力；\r\n4 、熟练使用大数据生态圈技术栈，包括但不限于如 Hadoop/Spark/Flink/Impala 等；\r\n5 、具备良好的执行和沟通能力；\r\n6 、有 CDH 平台经验优先；有大型互联网公司的 Hadoop 经验优先。\r\n\r\n可视化设计师\r\n1 、负责公司数据可视化大屏项目及其产品的 UI/UE 设计工作；\r\n2 、沉淀通用可视化组件，完善可视化组件库；\r\n3 、配合产品经理，理解分析客户业务需求，基于业务需求和数据指标体系，输出高质量且有创造性的可视化设计方案；\r\n4 、研究前沿可视化技术，形成组件，并应用到公司产品及项目当中；\r\n5 、能按时保质保地完成分配的工作，熟练运用各种设计手法进行快速设计和迭代；\r\n6 、了解三维设计流程，有一定建模、渲染能力；\r\n任职要求：\r\n1 、本科及以上学历，3 年以上 UI/UE 设计经验，对产品功能、交互体验、界面视觉有着深刻的理解，熟悉以用户为中心的设计思想;\r\n2 、具有数据可视化产品设计或使用经验，并对国内外数据可视化产品有较深理解的优先;\r\n3 、有数据可视化大屏设计经验优先，做过数据分析展示、报表展示或后台系统数据展示者优先;\r\n4 、随简历附上代表性的作品。", "title": "[袋鼠云][可视化、大数据直推][杭州]", "reply": 7, "click": 1246, "user_id": 382918, "user_name": "niqiu555"}