{"id": 201401, "create_time": 1435308701, "create_datetime": "2015-06-26 16:51:41+08:00", "content": "陌陌HR直招职位                        \r\n                                                                                                                                \r\n简历可投递： momohr@immomo.com  \r\n\r\n\r\n岗位职责：\r\n1、负责陌陌视频业务统计相关系统的设计、实现与维护；\r\n2、持续改进和优化相关系统。\r\n\r\n岗位要求：\r\n1、两年以上的Java开发经验，熟练掌握OO思想，具备扎实的抽象编程、设计能力；\r\n2、掌握MySQL、Mongo、Redis的使用；\r\n3、掌握Linux常用命令；\r\n4、具备较强的学习能力和责任心，良好的沟通能力；\r\n5、对财务的基本业务了解者优先考虑。\r\n\r\n\r\n\"公司介绍： \r\n“陌陌”是北京陌陌科技有限公司于2011年8月起推出的一款基于地理位置的移动社交产品。通过陌陌手机客户端，您可以认识身边的人，与熟悉的或陌生的朋友打招呼、聊天、交换位置。陌陌将通过地理位置，帮助人们重新发现自己，发现身边，发现朋友。 \r\n公司网址： http://www.immomo.com/ \r\n我们提供： \r\n有竞争力的薪资待遇（含六险一金+商业保险） /足够宽广的上升空间 / 紧张刺激的创业经历 / 一流的办公环境（望京soho）\"", "title": "北京陌陌科技有限公司诚聘 Java 开发工程师", "reply": 2, "click": 1810, "user_id": 56169, "user_name": "immomohr"}