{"id": 811830, "create_time": 1635619934, "create_datetime": "2021-10-31 02:52:14+08:00", "content": "#### 关于我\r\n\r\n7 年 web 熟练工，前后端，涉猎泛而不精，在外包公司挣过微薄的血汗钱，现离职接私活，温饱。\r\n\r\n\r\n\r\n#### 关于需求\r\n\r\n- Remote\r\n- 可兼职，要保证通讯方式在线和工作效率\r\n- 热衷技术，尊重现实\r\n- 善于沟通合作\r\n- 善于管理时间\r\n- 有独立完成中小型项目能力\r\n\r\n- 前端，react / vue\r\n- 后端，node / golang\r\n- 嵌入式 （ Linux / C, 暂无开发需求）\r\n\r\n\r\n\r\n#### 关于追求\r\n\r\n一份体面而稳定的收入，合理健康、较为自由的工作时间，互相补足的团队成员，保持技术不断提高。\r\n\r\n\r\n\r\n#### 关于合作\r\n\r\n这方面没有经验，理想方案是每个人独立承包，按正常的外包流程走，确认需求，规划进度，议价，推进项目，收钱。\r\n\r\n也可自带方案。\r\n\r\n你们本身是成熟的团队也可以合作。\r\n\r\n\r\n\r\n#### 关于项目\r\n\r\n由于上一份工作接触到很多甲方，可以持续接一些物联网方面的外包单子。\r\n\r\n\r\n\r\n#### 关于未来\r\n\r\n干完手上的单子，确立团队，然后干新渠道，干新单子。\r\n\r\n办公环境，团队品牌，共同富裕，属于饼，没有意义。我是个现实的人，并不相信技术能改变世界，仅相信技术能改变自己的生活。\r\n\r\n\r\n\r\n#### 联系方式\r\n\r\n264943031 ，注明 V2EX ，随意闲聊。", "title": "[物联网] [web] [嵌入式] 寻长期合作开发伙伴，已有项目", "reply": 10, "click": 1278, "user_id": 459414, "user_name": "byzf"}