{"id": 831244, "create_time": 1643427831, "create_datetime": "2022-01-29 11:43:51+08:00", "content": "### 和你的理财一样，我们的招聘春节不打烊。如果你希望在春节后甚至在春节期间就决定未来更加 exciting 的职业旅途，请考虑我们！我们项目产品经理、各级的工程师正在招聘中...\r\n \r\n### 为了加速春节期间的招聘，请留下你的微信联系方式，我们会直接用微信联系语音聊天了解彼此。\r\n \r\n### 关于我们\r\n我们是一个发展中的软件技术团队，自 16 年成立以来，帮助了很多美国创业公司发展壮大。我们致力于为互联网初创公司提供高质量的技术支持，服务内容包括了社交、支付、工具、内容、图像处理等移动端及网页应用。如果你能适应远程办公方式，追求项目质量、注重开发效率、热爱学习和研究最新的技术，那还等什么，赶快来加入我们吧～同时也欢迎海外时差党朋友讨论其他时间段的合作方式。  \r\n \r\n### 希望你具有\r\n- 有克服困难解决难点的精神及高效及时的沟通交流能力\r\n- 能跟踪前沿技术，评估并适时引入适用的新技术\r\n- 安静的工作环境和高速的网络连接\r\n- 有远程办公经验者优先\r\n- 英语流利者优先\r\n \r\n### 全栈工程师岗位要求\r\n- 有三到五年以上的互联网软件开发经验，有前后端分离项目经验；\r\n- 熟悉当前主流的前后端语言及框架，有大中型以上系统设计研发经验优先\r\n- 能根据不同的项目切换不同的技术栈进行开发并有学习新技术的热情\r\n- 能独立开发并领导一个项目(前端+后端)或在高级工程师的指导下完成整个项目的开发(前端+后端)\r\n- 负责核心技术问题的攻关，解决项目 /产品上的技术难题\r\n- 提供产品和技术解决方案，协助软件测试并优化产品\r\n- 有架构、高并发开发经验者优先\r\n \r\n### 全栈工程师薪资范围\r\n- 15k-30k\r\n- 能力出众者另议\r\n \r\n### 项目产品经理岗位要求\r\n- 至少三年以上一线开发经验，离开一线开发岗不超过 3 年，有互联网方向全栈开发经验优先，且能在进入项目管理角色前至少三个月进行全栈开发\r\n- 敏锐的产品触觉，能负责产品的整体规划，统筹产品的重点需求，了解产品的功能、UI 及回归测试者优先\r\n- 能够进行项目开发成本评估，制定项目里程碑计，进行项目以及任务的技术调研和详细设计\r\n- 能参与协助整个软件开发周期中的产品需求、解决方案、项目规划、进度管理、质量控制、发布规划等，跟进项目执行进度，优化项目管理流程\r\n- 能够在非工作时间段保持通信畅通，确保能及时跟进客户 /项目信息，保证高效沟通\r\n \r\n### 项目产品经理薪资范围\r\n- 15k-25k\r\n- 能力出众者另议\r\n \r\n### 我们能提供\r\n- 灵活的工作地点\r\n- 社保补贴，期权激励\r\n- 享有无限带薪假期\r\n- 优质项目奖金\r\n \r\n#### 联系方式\r\n- 邮件： jobs@theteam247.com", "title": "[全职远程][长期稳定][15k-30k]春节招聘不打烊 招募全栈开发工程师、项目产品经理", "reply": 7, "click": 1904, "user_id": 246770, "user_name": "nito61"}