{"id": 197419, "create_time": 1433903259, "create_datetime": "2015-06-10 10:27:39+08:00", "content": "[Who we are] \r\n我们是晶赞，一家互联网大数据公司，成立于2011年，公司初创成员来自谷歌，4年的积累赋予了晶赞领先的海量数据处理能力，团队也由几人成长为一支近200多人的大家庭，我们已于去年底完成C轮融资，有上市计划。 \r\n目前，晶赞能覆盖并标识95%的中国网民，日均到达用户数5亿，已服务超过50家垂直行业领军企业。我们的合作伙伴包括中国电信、携程、易车、东方财富、慧聪、宝宝树、虎扑、珍爱网、1号店、智联招聘、学大教育等。\r\n—————————————————\r\n现移动端开发工程师招募中~\r\n简历请投递至： grace@zamplus.com or danielle@zamplus.com\r\n\r\n岗位职责：\r\n1 负责Android/iOS客户端或SDK的开发\r\n2 第三方应用内的接口分析，数据采集\r\n3 验证和修正测试中出现的bug\r\n4 负责完成相关文档撰写\r\n\r\n岗位要求：\r\n1、1年以上客户端开发经验，能独立进行Android或iOS手机平台开发；\r\n2、熟悉Java开发语言，了解object-c语言；\r\n3、熟悉Android下的高性能编程及性能调优，精通一个系列以上的高市场占有率的手机适配；\r\n\r\n————————————————————\r\n\r\n[Why join us] \r\n1.行业前景：大数据广告，业已验证的商业模式。很有钱景！\r\n2.强悍团队：大量前谷歌、雅虎、百度员工组成的的技术产品团队，具备超强海量数据处理能力，配合极为精悍的销售团队进行变现。\r\n3.个人发展：团队和业务都在快速成长，4年一路走过C轮，我们希望在敲钟前等到你。\r\n4.薪酬福利：敢与BAT叫板的薪资，全额五险一金，还有补充医疗保险让你从此健康无忧；\r\n免费早餐、零食、饮料，海量零食，听说一听红牛才2元？按摩椅休息区，乒乓球、桌上足球游戏区；\r\n每年公费海外游，优秀员工还可以再来一次，听说去年有童鞋拿下了三次公费海外游；\r\n为给大家涨姿势，每位员工都有500购书资助，小编默默下了一单金瓶梅……\r\n \r\n[We want you]\r\n1.自我实现：虽然我们最基本的需求是WIFI，但最顶层的还是自我实现，希望晶赞能够帮助你到达最顶层。\r\n2.创业精神：晶赞仍是一家创业公司，我们始终践行拼搏的精神！\r\n3.学习能力：晶赞明白技术驱动数据，数据驱动市场，我们从未停止对市场和技术的学习！\r\n \r\n[如果你是。。。]\r\nHOLD住千万业绩的大客户广告销售；\r\n既能操作账户又能沟通客户的文武全才客户经理；\r\n深谙广告主小心思的广告创意设计师；\r\n虐过TB量级的数据挖掘攻城狮；\r\n身经百战，游刃有余的大数据架构狮。\r\n \r\n请加入我们，一起见证数据推动变革！", "title": "移动端开发（ android / ios) ， join us！", "reply": 2, "click": 1828, "user_id": 35024, "user_name": "zamplus"}