{"id": 667888, "create_time": 1588313191, "create_datetime": "2020-05-01 14:06:31+08:00", "content": "### 求 java 后端 Java P7 标准，4 到 8 年工作年限，全日制本科\r\n\r\n## 职位描述\r\n1. 主导参与淘系商家运营平台相关系统的架构设计及核心开发工作，以技术手段解决现有复杂业务场景。\r\n2. 与平台及业务方进行沟通，深挖业务特性内容，并提供相应的技术规划和架构设计方案，为平台带来技术和业务价值。\r\n3. 负责攻克高稳定性、海量数据处理、业务模型复杂等带来的各种挑战及技术难关，通过数据化方式驱动运营业务升级，提高运营效能。\r\n\r\n## 职位要求\r\n\r\n1. 扎实的 JAVA 基础，掌握 JVM 、并发编程、网络编程等基础知识；熟悉单元测试、WEB 开发、数据库等基础技术。\r\n2. 熟悉 Spring 、SpringMVC 、iBatis 或其他主流开发框架；掌握常用数据结构、常见设计模式，拥有领域模型抽象能力。\r\n3. 有强烈的技术热情和钻研精神，热爱新技术；有独立、主动的学习习惯和良好的沟通表达、团队协作能力。\r\n4. 具备较强的业务理解及业务抽象能力，能够快速从业务需求中找到技术设计的场景，有较强的业务 sense 。\r\n5. 要求本科或以上学历，计算机软件或相关专业，具有 5 年及以上开发经验，并对某一个或多个领域有较深入研究，具备大型网站核心开发、设计经验者优先。\r\n\r\n## 地点\r\n杭州\r\n\r\n## 联系邮箱 \r\nMTIwMzMxNjM2NEBxcS5jb20=      (base64)", "title": "淘系技术部招人啦-新零售技术事业群- Java 技术专家", "reply": 6, "click": 1680, "user_id": 22062, "user_name": "wcong"}