{"id": 500958, "create_time": 1540436942, "create_datetime": "2018-10-25 11:09:02+08:00", "content": "岗位职责\r\n参与 K-Lab 服务后端分布式系统，及私有化产品研发和架构优化\r\n使用优秀的架构设计及算法实现，保证系统的稳定与高效\r\n\r\n任职要求\r\n熟练使用 Go 语言，有实际项目经验和程序性能优化经验\r\n熟悉 Docker 容器技术，对 Kubernetes 及相关插件生态有使用、开发经验者优先\r\n良好的数据结构和算法基础，良好的工程素养以及关于技术文档的基本阅读与理解能力\r\n逻辑清晰，具备快速学习和团队合作能力。\r\n本科及以上学历，有知名互联网公司工作经验优先考虑。\r\n官网：www.kesci.com 投递邮箱:job@kesci.com", "title": "科赛网招聘 go 后端了！", "reply": 1, "click": 1033, "user_id": 354718, "user_name": "kesci"}