{"id": 511826, "create_time": 1543284178, "create_datetime": "2018-11-27 10:02:58+08:00", "content": "我们爬虫组需要招一个 android 逆向，公司 base 丰台科技园。\r\n\r\n基本不加班，我入职三个月，有两次加班到 8 点，\r\n公司管午餐和晚餐。\r\n同事大多数是 90 后，好沟通。\r\n\r\n公司各方面还是不错的。欢迎自荐和推荐。\r\n\r\n招聘链接： https://m.zhipin.com/weijd/v2/job/71daa7d8bd7178fd1HR529y0GVo~", "title": "丰台科技园招 android 逆向", "reply": 0, "click": 1156, "user_id": 180535, "user_name": "bestrenxs"}