{"id": 204654, "create_time": 1436491966, "create_datetime": "2015-07-10 09:32:46+08:00", "content": "首先附上公司主页网址： http://www.ruis.cc \r\n公司福利： \r\n不限量零食，饮料供应； \r\n每周工作五天，弹性工作时间， \r\n餐补25元一天 \r\n每月的员工生日会（各种游戏pk）胜出者额外有奖 \r\n不加班，特殊情况需要加班可以调休； \r\n不定期组织腐败活动，外出旅游，唱K，聚餐； \r\n\r\nPHP开发工程师(月薪15000) \r\n岗位职责： \r\n1、精通PHP+MySQL开发技术，熟悉Thinkphp开发框架，熟悉Html5、javascript、Div+CSS、AJAX熟练使用JQuery； \r\n2、精通MySQL数据库应用开发，熟悉MySQL的数据库配置管理、性能优化等 \r\n基本操作技能； \r\n3、具备良好的自学能力，能承受工作压力； \r\n4、善与人沟通，有较强的交流能力，能很好地理解项目需求； \r\n5、熟悉linux系统环境者优先考虑,熟悉开源程序二次开发者优先,熟悉web2.0,有在web2.0项目工作经验者优先； \r\n6、对新技术有着强烈的兴趣，并且有着很强的学习能力 ； \r\n7、有良好的英语阅读能力； \r\n8、对加入创业公司有着成熟的思考和认识 ； \r\n9目标不只是写出漂亮代码，还要是做出体验很好的产品。 \r\n\r\nAndroid开发工程师（月薪8k--1w) \r\n1、熟悉Android开发、熟悉使用svn，git等工具； \r\n2、熟悉http网络协议原理，熟悉使用客户端的http网络模块。 \r\n3、具备android项目经验者优先考虑； \r\n4、有良好的英语阅读能力优先； \r\n5、曾在团队协作中完成安卓程序，做过团队项目的优先； \r\n6、有面向对象编程思想； \r\n7、胆大，心细，有良好认识错误,解决困难的能力； \r\n职责描述： \r\n配合项目计划，参与Android应用软件开发工作。 \r\n备注：如完成过项目或者安卓程序的，请带作品来面试 \r\n\r\n公司全称：广州市锐狮网络科技有限公司 \r\n公司地址：广州市海珠区工业大道中313号东方红创意园东区东7栋二楼 \r\n联系电话：020-36249580 \r\n联系人 ：李小姐 \r\n简历投放地址： lichan@ruis.cc", "title": "[广州] 锐狮网络 招聘 Android, PHP 工程狮，福利多多！", "reply": 1, "click": 1588, "user_id": 71210, "user_name": "ruishi2014"}