{"id": 502142, "create_time": 1540788991, "create_datetime": "2018-10-29 12:56:31+08:00", "content": "jd：\r\n1. 熟练掌握各种前端技术（包括 HTML/CSS/JavaScript 等），熟悉 ES6 语法，具备跨终端（ Mobile+PC ）的前端开发能力；\r\n2. 熟悉网络协议（ HTTP ），了解常见安全问题和对策；\r\n3. 对 HTML5、CSS3 有深入研究，熟悉各种跨浏览器兼容性技术，熟练使用工具进行代码调试和 bug 修改；\r\n4. 熟悉前端工程化与模块化开发，并有实践经验（ Vue、React ）；\r\n5. 对前端技术有持续的热情，良好的团队协作能力与沟通能力；\r\n\r\n具体面试点：\r\n\"HTML：了解基本的文档类型、元素（比如内联和块状元素）、h5 新增元素及属性、标签语义化；假设场景重构网页需要考虑哪些方面等，\r\nCSS：了解选择器类型、权重计算、常用且易混淆的属性使用方法等，考察其熟练度，less、stylus、sass 等预处理语言掌握程度；\r\nJavaScript：语言的词法、语法基础知识，比如基本类型、对象、全局对象、潜在类型转换、变量作用域（作用域提升）、闭包、类、原型、事件捕获冒泡、BOM、DOM 等，ES6 的部分新词、语法\r\n网络、接口调试、开发者工具等其他软技能\r\n熟悉前端工程化与模块化开发\r\n\r\n有兴趣的朋友\r\n微信：Jack10035", "title": "杭州数立信息招聘高级前端了～小而美的公司，技术驱动， 16 薪，全额五险一金，薪资 15-20k", "reply": 3, "click": 1398, "user_id": 356742, "user_name": "jackydumingyi"}