{"id": 198083, "create_time": 1434106568, "create_datetime": "2015-06-12 18:56:08+08:00", "content": "美团智能餐厅研发团队，急求Android 小伙伴和我们一同做如下工作：\r\n\r\n- 基于Gradle构建工具，从已有Android App中剥离出一系列可复用的Android Library；\r\n- 解决已有App运行中出现的故障和问题，同时提供性能优化、日志收集及统计分析等方案；\r\n- 从0到1设计实现可扩展的新业务技术架构。\r\n\r\n## 任职资格\r\n- 熟悉Java，熟悉Android软件的开发、测试 & 分发流程；\r\n- 熟悉git，熟悉gradle构建工具。\r\n- 熟悉Python，Ruby或Node中的某一项更佳。\r\n\r\n## 你未来的开发环境\r\n\r\n- 硬件设备：15寸Mac & 27显示器\r\n- Tools：Android Studio，Gradle，Git等等。\r\n\r\n联系邮件：solome#outlook.com(`#`=>`@`)", "title": "[北京,望京]美团智能餐厅研发团队：求优秀 Android RD， 15k-30k", "reply": 2, "click": 2198, "user_id": 63984, "user_name": "solome"}