{"id": 826562, "create_time": 1641444805, "create_datetime": "2022-01-06 12:53:25+08:00", "content": "替前老板发帖，做国际互联网的电讯盈科集团子公司 pccw global ，招前端开发大牛，工作时间早九晚六，工作不卷，同事亲切，汇报给澳洲华人老板，英文要求读写。请感兴趣的宝宝加我微信，winney00 ，邮箱： wwen@pccwglobal.com\r\n\r\n主要工作：\r\n1 、负责产品平台应用前端开发，保证 UI 、交互的实现；负责对前端产品的性能、可靠性、稳定性进行优化；\r\n2 、与团队一起不断优化现有产品，提升用户体验，改进优化现有过程。\r\n\r\n职位要求：\r\n1.大学本科及以上学历，计算机相关专业有限，英文熟练读写；\r\n2. 精通 Html/css ，javascript/typescript 语言、React 框架及性能优化；熟练完整的 React 技术栈：React.js Webpack Babel.js ES6 React-Router Redux ；\r\n3.  对前端框架有自己的优化方向或发展见解；对代码质量有要求，良好的代码风格，有写文档和单元测试的习惯;\r\n4 、具备良好的问题定位、分析、解决能力；关注技术领域的最新趋势，良好的沟通能力和团队协助能力。", "title": "[北京团结湖] 电讯盈科招 react 高级前端开发，几乎不加班", "reply": 1, "click": 240, "user_id": 156983, "user_name": "winney00"}