{"id": 509333, "create_time": 1542619518, "create_datetime": "2018-11-19 17:25:18+08:00", "content": "如题，有多年 linux 后端开发经验，熟悉 c,c++,scala 等语言，目前作为某大数据项目负责人，现主要用 spark，同时对 elasticsearch，kafka，yarn,hadoop 等框架比较熟悉，由于对目前待遇比较失望，想在成都找家好的公司，求大家指个明路。", "title": "10 年研发工作经验，想在成都找一家搞大数据的公司，求推荐", "reply": 4, "click": 1520, "user_id": 364123, "user_name": "naga1003"}