{"id": 507004, "create_time": 1542004833, "create_datetime": "2018-11-12 14:40:33+08:00", "content": "香港金融数据技术有限公司(Financial Data Technologies Ltd.，简称 FDT)，是一间科技金融公司。由中国最具创新意识金融家马蔚华博士为董事长的团队创立，由全球市场成功的金融交易员领军的团队，联合四大名校的金融大数据实验室和智能资产管理中心的科学家和和工程师领军的团队，致力于应用大数据和 AI，结合自行开发的交易系统，打造全球化的交易通道和智能资产管理平台。 \r\n\r\nFDT 的经营理念源于一个培养年轻金融交易人才的公益项目“ FDT 金融创新工场” ，一个结合线上和线下校园创新空间的投资交易和社交网络平台。FDT 秉承“发掘和培养德才兼备的金融人才、守护和传承大众的财富”为使命，结合 FDT 在全球四大名校捐赠的实验室和研发中心的研究成果，用 FDT 多年来持续在产生的海量真实交易数据和模拟交易行为数据，创新的开发了基于人类投资交易行为和投资能力的评价标准，实时“ FDTScore 财商”引擎，并应用于集团旗下的蜂投证券公司，一年内即获得了香港交易所颁发“沪深港通交投跃升中资经纪商大奖”和“深港通最活跃中资经纪商大奖“。 同时，FDT 的技术成功的应用在中国内地最大的券商华泰证券和香港券商交银国际的系统中。 \r\n\r\nFDT 总部位于香港，旗下有负责 15 所顶级大学的校园空间的公益项目和有超过 200 万用户的社区建设的教育业务、率先实现应用场景的 AI 技术业务和香港证券业务。在深圳、上海、北京、杭州设有办公室，捐赠了牛津大学 NIE 金融大数据实验室、 清华大学 FDT 金融创新实验室、南京大学 FDT 金融创新研究院、哥伦比亚大学 FDT 智能资产管理中心等四个研究机构，同时战略投资了若干有协同效应的金融科技企业，务求站在金融大数据和人工智能技术的前沿，携手学术研究和产业界的同仁，共同为人类创造一个美好的公平、效率、创新的普惠金融新世界。 \r\n\r\n2018 年布局金融数字交易一站式平台，已购买域名：trader.io 。 \r\n\r\nTrader.io —金融交易和数字交易一站式平台。Trader.io 旨在将传统金融与数字金融创新相融合,利用区块链技术改变金融的交易方式，利用金融创新促进区块链发展，为投资者提供更顺畅的交易平台，让交易不再是问题。 \r\n简历投递地址： gloria.zeng@fdt.ai \r\n\r\nQQ:289794395 \r\n工作地:深圳市福田区上梅林卓悦汇 2 期 \r\n\r\nJava 软件工程师 薪酬：18K-30K \r\n岗位职责： \r\n1. 参与新一代金融交易平台的开发，参与产品分析和规划，攻关技术难题，功能实现和持续改善； \r\n2. 参与智能金融项目的设计与开发，核心模块设计开发, 功能接口联调。 \r\n\r\n岗位要求： \r\n1. Java 基础扎实，熟悉多线程编程，分布式，缓存，消息队列，RPC 等机制；熟悉 JVM，包括内存模型、类加载机制以及性能优化； \r\n2. 熟练使用开源框架如 SpringMVC、SpringBoot、MyBatis 等，并且对原理有一定了解； \r\n3. 熟悉一种数据库 Oracle、MySQL、PostgreSQL，熟悉 Redis、MongoDB，熟悉数据库设计及性能优化方案； \r\n4. 熟悉 Linux，熟悉 http，tcp/ip，了解网络基础知识；了解常见的网络攻击方式和防御办法； \r\n5. 热爱技术，工作认真、严谨，善于沟通与团队协作； \r\n6. 有高并发、大数据量互联网项目开发、设计经验优先\r\n7.至少 3 年或以上 Java 开发经验", "title": "[深圳] [金融科技公司招 Java 开发工程师] [技术团队氛围好]", "reply": 1, "click": 1189, "user_id": 151690, "user_name": "zengxizhu"}