{"id": 195541, "create_time": 1433227970, "create_datetime": "2015-06-02 14:52:50+08:00", "content": "我们的团队----大牛与逗比齐飞，美女共才郎一室\r\nBOSS团—--比邻五剑客，怀揣着五颗不安分的心踏出校园，在一个月黑风高的夜晚，在厦大旁边一个幽暗的咖啡馆里，歃血为盟，誓要做一番惊天伟业。于是，闪团网在一年间便横扫华南团购市场，在团购市场变成一片红海之前并入窝窝团，完成第一次蜕变。又是在一个月黑风高的夜晚，还是在那个幽暗的咖啡馆里，移动互联网、社交、北京，Bong！比邻诞生了！\r\n \r\n技术团----操作大型分布式系统，直接服务千万级用户，而且很快会是亿万级；国内最顶级的实时语音通讯技术专家为通话体验保驾护航；顶级的手机客户端黑客大神，面试豪不客气，技术不达标分分钟挂人。平均一个工程师服务100w用户，50w妹子，软妹子和女神的崇拜绵延不绝。\r\n \r\n产品团-----一个风一样的男子带着几个rain一样的男子，将各种或奇葩或癫狂的idea落地，他们相亲相爱，让每一个兄弟都有足够的空间和机会茁壮成长，每一个人都把公司当自己家一样随意倒腾\r\n \r\n市场团-----每一次用户量的暴增都是他们在背后出谋划策，上头条对于他们来说简直是so easy！\r\n \r\n美女团----为所有同学提供最好的工作体验，我们认为只有好的工作体验才能带来好的用户体验\r\n \r\n我们的产品-----只做一款，精益求精\r\n上线19天，用户突破100万，14年6月获得启明和晨兴创投1500万美金投资，10月用户突破3000万，12月用户累计通话次数达到2.15亿次，通话时长886.8万小时\r\n \r\n我们的态度----人人都是CEO，全员持股，入职发放期权\r\n最高配置电脑-----让你的工作随指尖飞动，工程师们可以任意选择双屏看、横着看、竖着看、站着写等各种攻城姿势\r\n露天大阳台-----让你在北京blue下尽情享受人生的美好\r\n架子鼓-----让你在没有任何音乐基础的情况下也能任意演奏自己的歌曲\r\n书柜-----只要你爱学习，只要你爱看书，我们给你买\r\n零食-----前台女神会把你想吃的美食送到你面前\r\n滑板-----如果你不会，我们会有滑板高手教你如何滑出一道闪电\r\n团建-----篮球社、乒乓社、功夫熊，不是为了玩，而是为了让你在比邻更开心\r\n红包----好多红包群，早上发一会，中午发一会，晚上发一会\r\n联谊----不管你有多忙，美女多的联谊活动必须参加，包解决单身问题\r\n位置----北三环，交通便利，南接南锣鼓巷、后海，北邻奥森、奥体，约会健身两不误\r\n \r\n我们期望这样的你----开发程序员\r\n智商高（因为我们的小伙伴们都是高智商，我们坚信聪明人之间的沟通没有障碍）  \r\n代码强（我们认为基础不扎实连代码都写不好的人不能被称为程序员）  \r\nGS派（传说程序员界有三大流派，GS就是其中2派，一派是在github上共享代码的，另一派是在stackoverflow上面刷积分的）\r\n激情足（在这个竞争惨烈的时代，如果没有足够的激情，我们也无法陪你走下去）  \r\n移动粉（移动互联网才是我们真正的天下，而现在战争才刚刚开始）  \r\n创业狂（你也只有一生，如果不来创业，难道要把天下让给那些你所鄙视的人么）\r\n\r\n戳： wangren@inbilin.com", "title": "如果你愿意每天努力一点点请来比邻", "reply": 3, "click": 2249, "user_id": 65713, "user_name": "rain99"}