{"id": 813122, "create_time": 1636026600, "create_datetime": "2021-11-04 19:50:00+08:00", "content": "做了一个垂直的类的工作内推的网站，专注于介绍日本互联网大厂工作机会，有赴日工作想法的人可以过来看一下。（由于是新网站，职位还不是很多，我们在努力追加中...敬请期待！）\r\n网址是: https://iosider.com\r\n\r\n说实话感觉国内的互联网大厂内卷严重，这边的话相对来说生活工作还是比较轻松的，也完全不用担心 35 岁以上被优化之类的。\r\n至于语言方面不会日语怎么办？这个不用担心，因为这边的一线互联网大厂基本都是社内英语为主，我就认识好多朋友在完全不会日语的情况下直接过来的，工作生活也没有什么太大的问题。\r\n\r\n不过目前日本这边还没有开放，有一些公司会让先在国内 remote 工作一段时间，等边境开放后再过来。\r\n\r\n想详细聊聊的话请联系 vx: iosider", "title": "推广一下自己做的网站，专注于介绍内推日本互联网大厂工作机会", "reply": 15, "click": 1715, "user_id": 394728, "user_name": "k19862217"}