{"id": 510485, "create_time": 1542879389, "create_datetime": "2018-11-22 17:36:29+08:00", "content": "前端研发工程师\r\n\r\n职位描述\r\n1、参与头条商业变现相关产品的设计与开发工作\r\n2、参与推动与优化现有前端项目的基础架构与组件抽象\r\n3、积极推动改进产品，包括技术、用户体验、产品等各个维度\r\n\r\n职位要求\r\n1、熟练掌握并运用 HTML、JS(含 ES6)、DOM、CSS(含 LESS、SASS)，Ajax 以及 JQuery、Zepto、Bootstrap、swiper 等类似组件库\r\n2、熟悉移动端 Web 动效相关高级特性, 如 Canvas、SVG、CSS3 动画等\r\n3、对网络协议、安全有一定了解和实践\r\n4、对主流前端框架（ React \\ Vue \\ Angular 等）有一定理解，至少对其中一种有深入应用\r\n5、掌握 Grunt、Gulp、Webpack、FIS 其中任意一项构建工具的使用和配置\r\n6、具有良好的代码风格、编码习惯\r\n7、对产品、用户体验、交互操作流程、及用户需求感兴趣\r\n8、具备良好的责任心、较强的学习能力，善于总结，优秀的团队沟通与协作能力，乐于分享，敢于创新\r\n9、至少拥有以下一种能力：A.熟练掌握移动端 H5 开发、熟悉主流移动浏览器的技术特点、能解决各移动端浏览器兼容性问题。B.具有 NodeJS 线上服务器开发经验，对 express、koa 等有一定理解和实践\r\n\r\n\r\n       组内缺人急招 前端 /nodejs，社招 /校招 /实习均可\r\n\r\n        联系邮箱： zhujingyuan@bytedance.com", "title": "[社招/校招] [字节跳动-广告平台] 部门直推 前端/nodejs", "reply": 3, "click": 840, "user_id": 228164, "user_name": "JarvisYuan"}