{"id": 835456, "create_time": 1645437102, "create_datetime": "2022-02-21 17:51:42+08:00", "content": "🕵职位信息：\r\n\r\n#职位一：数字化制造战略项目经理[广州 /越南]（ Digital Manufacturing Strategy Program Manager) \r\n\r\n职能：与供应链及生产营运相关部门密切合作，数字化规划和方案架构等相关领域项目实施。\r\n\r\n要求：5 年相关项目管理经验，全日制本科学士及以上，英文口语流利。\r\n\r\n月薪：（本人小虾米，这个级别的薪酬应该都要大佬自己谈了）\r\n\r\n#职位二： 前端开发工程师[深圳]（ Front-end Developer ）\r\n\r\n职能：前端\r\n\r\n要求：5 年以上前端开发经验，英文口语熟练,计算机相关专业本科及以上\r\n\r\n月薪：20-40k\r\n\r\n#职位三：测试工程师[广州黄埔] (Testing Engineer)\r\n\r\n职能：测试\r\n\r\n要求：4 年以上工作经验，英语书写熟练，本科\r\n\r\n月薪：10-15k\r\n\r\n#职位四：高级工艺工程师（番禺）\r\n\r\n职能：Develops standard operational procedures for design and process across new and existing product lines.Develops Heat Transfer apparel labeling constructions and the associated equipment required to produce the final product.\r\n\r\n要求：理工科相关专业本科及以上\r\n\r\n#职位五：Java 开发（番禺）\r\n\r\n职能：Java 开发\r\n\r\n要求：计算机相关专业，2 年开发经验，英语熟练\r\n\r\n\r\n关于公司，外企，完全遵守劳动法。从上述年限要求可以看到，对待新老员工都非常友好，公司 10 几、20 年以上员工一大把，公司广州人员 6000+，外贸部门男女比例 1：50 ，其他部门看部门性质。\r\n\r\n关于个人发展，每年固定调薪，升职另外调薪\r\n\r\n\r\n----分割线，以上为内推岗位详情，外(美)企福利有口碑一应俱全！----\r\n\r\n也有其他岗位，如外贸跟单、销售、文员、业务发展经理等，但限于时间和篇幅，没有一一列出。\r\n\r\n有意大佬，可留 VX base64 ，我主动加。\r\n\r\n如不介意也可添加以下，事无巨细，任何关切，当为大佬一一介绍清楚。（我们 17：30 下班，为了这篇内推文编辑至今，期待与大佬合作！）\r\n\r\nVX(Base64):MTM1MzkyNjM3ODY=", "title": "[广州/深圳] 世界 500 强外企内推_（数字化项目经理、前端、测试、 Java 开发、其他文职类）多岗位_六险二金双休_有问必回", "reply": 6, "click": 434, "user_id": 487797, "user_name": "copythat"}