{"id": 204547, "create_time": 1436439455, "create_datetime": "2015-07-09 18:57:35+08:00", "content": "PHP高级工程师 \r\n工作职责： \r\n-使用PHP负责对公司手机项目的PHP服务器端进行开发。 \r\n\r\n职位要求： \r\n-具有PHP编程开发经验、精通PHP，能熟练运用面向对象思想进行开发，对性能优化有独到见解； \r\n-熟悉大型网站架构和性能优化，熟悉各种WEB缓存技术，并有实际的项目经验； \r\n-熟悉Linux操作系统； \r\n-熟练前端HTML相关； \r\n-熟练掌握MySQL优化、Nngix性能优化、负载均衡等技术； \r\n\r\n薪资 10~16K不等，牛人不受此限制~~~ \r\n简历投递邮箱： hr@ltbl.cn", "title": "[深圳]招聘移动互联网 PHP 高级工程师", "reply": 6, "click": 1678, "user_id": 125777, "user_name": "alens"}