{"id": 201047, "create_time": 1435209062, "create_datetime": "2015-06-25 13:11:02+08:00", "content": "1. 两年以上Web前端工作经验\r\n2. 具备丰富的Javascript、HTML、CSS经验；\r\n3. 熟悉移动端前端开发\r\n4. 熟悉Gulp、Grunt，熟悉Git版本管理工具\r\n5. 良好的沟通表达能力、团队协作能力，对工作有热情\r\n\r\n公司介绍：主要从事移动健康医疗平台\r\n\r\n待遇：月薪面谈，有降温费／过节费，每年团队outing\r\n\r\n办公地点：徐汇区龙华中路\r\n\r\n简历可发送至邮箱： zhuyuan313@jk.cn", "title": "[上海] 平安健康互联网招聘前端开发工程师", "reply": 0, "click": 1257, "user_id": 5717, "user_name": "fireyy"}