{"id": 199260, "create_time": 1434524915, "create_datetime": "2015-06-17 15:08:35+08:00", "content": "先说说我的个人情况\r\n目前211大三在读，但是有段时间没有碰代码了，主要的学习阶段在大一，那时候所有感兴趣的课程都是自学的，大一时就用PHP+ MySQL写了个简单的学生信息管理系统卖给学院赚了1K。之后自己喜欢的表白没成功的女生跟班上拿国奖的男生在一块了，就很少去教室。那个时候做了很多其他的事情，组织过团购被黑心电脑商家坑过，拉过几万的赞助，还一直当奥数家教老师赚钱补贴自己零用，攒钱买了自己的MBP，傻乎乎的放着ios不学去学了一个月Android。后来一群搞培训的来自IBM 百度腾讯阿里的想进入我们学校，我又去创立社团帮着搞培训，了解了一大堆BI，大数据，Linux内核东西，然并卵，还当了另外一个400-500人的正规学生组织的小头目，就是这么多一大堆事情，没有心思去深钻一门技术。\r\n\r\n现在在北京一家非互联网公司实习，待遇还行。但是没有技术给自己撑腰，感觉缥缈的很，决心要走技术路线。\r\n\r\n如果你提供住我可以不要钱，你愿意给我一个机会，我还你一个惊喜。\r\n\r\n北京，第一次来北方，这地方有点大。", "title": "前端 PHP，或者建议我再回去学习学习？", "reply": 0, "click": 1577, "user_id": 121942, "user_name": "iAllen"}