{"id": 829224, "create_time": 1642573114, "create_datetime": "2022-01-19 14:18:34+08:00", "content": "## 业务简介：\r\n\r\nShopee 好友动态是一个基于用户在 shopee 的好友关系的购物、生活分享平台。用户可以在这里分享购物产品、产品评论、开箱体验以及他们在 Shopee 中喜欢的内容。\r\n\r\n## 工作职责：\r\n1. 负责 Shopee 客户端 hybrid/web 端方案设计、开发和问题修复，编写高质量、可维护的严谨代码；\r\n2. 不断优化现有产品，提高系统速度、稳定性和可扩展性，不断提升用户体验；\r\n3. 研究和探索最新的前端技术，并应用到实际业务中；\r\n4. 参与各种内部创新和优化项目的实践；\r\n5. 参与版本的提测、进度跟踪、风险评估和发版跟踪；\r\n6. 参与前端整体架构设计，构建高效且可复用的前端系统与抽象层。\r\n\r\n\r\n\r\n## 任职要求：\r\n1. 本科及以上学历，计算机相关专业，有大型 2C 业务及 React 开发经验者优先；\r\n2. 扎实的编程基础，良好的代码风格，面向对象的设计思路。精通常用算法、数据结构、设计模式；\r\n3. 精通 JavaScript 、HTML 、CSS 等技术，熟悉 W3C 标准，了解并能应用 ECMAScript 新特性，熟练使用原生 JS 编程，能手写原生代码；\r\n4. 具备扎实的计算机科学基础知识（数据结构，算法）；\r\n5. 至少熟悉一种 MVVM 框架(React/Vue.js/Angular)，并有复杂应用场景的开发经验。熟悉 webpack 等构件工具的使用 /配置；\r\n6. 具备较强的责任感和主动性，代码严谨，良好的沟通能力和团队协作精神；\r\n7. 具备良好的英文阅读能力和新技术学习能力。\r\n\r\n参考薪资：20K - 40K\r\n\r\n联系方式： jiajun.lai@shopee.com\r\n\r\n来信请标注 V2EX", "title": "[Shopee] 前端开发工程师(深圳)-content- [Friends 方向]", "reply": 2, "click": 801, "user_id": 298493, "user_name": "LierD"}