{"id": 359081, "create_time": 1493880085, "create_datetime": "2017-05-04 14:41:25+08:00", "content": "# Intro  \r\n坐标：北京  \r\n岗位：Java 工程师，Java 架构师 ，前端 /全栈 工程师  \r\n简历邮箱： chen.wang@hoskeeper.com  \r\n保证极速回复\r\n  \r\n# 我们的背景\r\n医帮管家网络科技是一家基于云计算 SAAS 系统，为医美机构提供整体解决方案的平台基于 SAAS 云平台的管理，通过后台大数据分析，医帮管家帮助机构在拓客、优化服务流程、完善内部管理等环节做到精细化运营，同时满足用户更精准化、定制化的需求。\r\n公司自主研发的 SAAS 系统获得了行业内知名机构的高度认可，已经和业内多家知名企业达成战略合作，签约意向合作机构近百余家，目前已启动 A 轮融资。\r\n\r\n# 我们需要怎样的你\r\n\r\n## Java 工程师（ 1-3 年,15-25k ）\r\n### 你做这些\r\n1. 根据现有架构完善业务需求\r\n2. 根据产品设计的业务模型进行功能设计、数据结构设计\r\n3. 独立开发与维护业务系统\r\n### 需要你会\r\n1. 拥有扎实的 Java 语言基础，了解 JVM 的基本实现原理\r\n3. 熟悉 linux 系统常用命令，熟练使用 git、svn 等版本管理工具\r\n3. 熟悉 mysql、mongoDB、redis 等数据库配置、部署、优化\r\n4. 熟悉 spring, springmvc，hibernate，mybitas，gRPC，restful，或相关技术\r\n5. 熟悉 分布式系统的设计和应用，参与过分布式开发\r\n6. 有独立解决问题的能力\r\n### 加分项\r\n1. 有强烈意愿进阶架构师\r\n2. 有中间件开发经验\r\n\r\n## Java 架构师（ 3 年以上,25-35k ）\r\n### 你做这些\r\n1. 负责整体架构的设计，实施\r\n2. 负责团队工作任务的拆解\r\n### 需要你会\r\n1. 以上 1-6 条，有精通的部分，精通分布式、缓存、消息、搜索等机制\r\n2. etcd，zookeeper，kafka，dubbo，mycat, netty，docker 你都如数家珍\r\n3. 技术专家的身份解决项目中所遇到的核心技术问题\r\n### 加分项\r\n1. 活跃于 github，stackoverflow 等社区，或拥有技术博客者优先\r\n2. 有大规模分布式系统工作经验者优先\r\n\r\n## 前端 /全栈工程师 (3 年以上,15-25k)\r\n### 你做这些\r\n1. 负责产品前端页面构建、JS 组件开发\r\n2. 负责完成与后端数据接口的集成开发与调试\r\n3. 前端技术创新探索，提升优化代码逻辑，提高用户体验性\r\n### 需要你会\r\n1. 熟练使用 Html5，CSS3，JavaScript 以及响应式布局\r\n2. 熟练使用 Vue2 全家桶，熟悉表现与数据分离\r\n3. 能熟练使用 grunt、webpack、Sass、rem 等技术进行前端开发\r\n### 加分项\r\n1. 熟悉 nodejs，和常用框架 koa,egg 等\r\n2. 熟悉 mysql、mongoDB、redis 等数据库配置、部署、优化\r\n3. 熟悉 MQ，RPC 等分布式通讯协议\r\n4. 活跃于 github，stackoverflow 等社区，或拥有技术博客者优先  \r\n  \r\n# 我们能提供什么\r\n  \r\n1. 年度至少 13 薪，并有机会获得股票期权\r\n2. 苹果 rMBP 或者 i7 台式机 + 2K Dell + 人体工程学座椅 + 其它\r\n3. 更多等你补充", "title": "[北京] 医美 SaaS，有客户，有成熟模式，招聘中/高级 Java ，前端/全栈", "reply": 6, "click": 2300, "user_id": 35087, "user_name": "zhfish"}