{"id": 202743, "create_time": 1435814672, "create_datetime": "2015-07-02 13:24:32+08:00", "content": "资深开发工程师\r\n岗位描述\r\n1. 参与立方门禁系统中间件（服务框架、消息中间件、数据中间件等）的设计，核心代码开发，系统稳定性开发，性能优化等工作\r\n2. 帮助业务方解决技术难题，用技术推动业务发展\r\n岗位要求\r\n1. 熟悉java concurrent包 ，熟悉高并发，分布式通信，存储等相关技术\r\n2. 3年以上相关工作经验\r\n3. 熟悉Linux操作系统、熟悉开源的中间件软件\r\n4. 熟悉消息中间件，RPC框架，数据层，性能优化等相关技术经验者优先\r\n5. 具有高并发相关工作经验优先\r\n\r\n\r\n6、待遇 \r\n靠谱的薪酬（>=15K) \r\n\r\n##7 简历投递\r\n\r\n- zhangjin@reformer.com.cn\r\n- 标题注明「来自 V2EX」\r\n- 请附上 Github / Blog 链接\r\n- 加分项你自己掂量着写吧\r\n- 我们喜欢有趣的人 :-)", "title": "[杭州城西] [立方控股] 急招 Java 后端工程师 （门禁智能家居方向）。", "reply": 6, "click": 1908, "user_id": 22194, "user_name": "thisisvoa"}