{"id": 203689, "create_time": 1436168536, "create_datetime": "2015-07-06 15:42:16+08:00", "content": "##来了网([WWW.LL100.COM](https://ll100.com))隶属于莲林（上海)文化有限公司，聚焦K12（中小学基础）教育，致力于打造集便捷性、同步性、互动性为一体的中小学优质教育资源共享网络平台。\r\n\r\n\r\n\r\n\r\n###**iOS 程序员**\r\n\r\n**岗位职责**\r\n\r\n* 负责网站 iOS 客户端的开发和维护\r\n* 编写相应模块的设计文档，独立完成编码及单元测试\r\n\r\n**必备技能**\r\n\r\n* 有实际上线APP\r\n* 三年以上iOS开发经验；\r\n* 熟练掌握 Swift，以及iOS SDK中UI、网络、数据库、XML/JSON解析等开发技巧，熟悉Mac OS X、Xcode开发环境；\r\n* 智能手机爱好者和使用者，爱玩手机；\r\n* 对终端产品的UI/UE有独到的见解与认识，追求良好的用户体验；\r\n* 对软件产品有强烈的责任心，具备良好的沟通能力和优秀的团队协作能力；\r\n加分项\r\n\r\n* 掌握 iOS 单元测试编写\r\n* 有自己的 Blog, Github 项目等\r\n* 请在简历上附上自己的个人作品\r\n\r\n**基础待遇：** 15K ~ 25K\r\n\r\n**福利待遇：扁平管理 拒绝加班 核心岗位 水果咖啡 交通补贴、通讯补贴、餐费补贴、手机补贴和节假日补贴、团队聚餐，免费零食，五险一金，享受国家法定福利\r\n入职高配： Apple 苹果电脑**\r\n\r\n**工作地点：**上海市普陀区中潭路99弄81号103室\r\n如果你对该职位感兴趣，请把简历发至：[ jobs@ll100.com](mailto:jobs@ll100.com)\r\n\r\n**联系方式：**021-61536509", "title": "[上海] “来了网” 高薪诚聘 iOS 开发，扁平管理、拒绝加班、核心岗位、15K-25K！", "reply": 0, "click": 1200, "user_id": 124280, "user_name": "laile100"}