{"id": 811975, "create_time": 1635698628, "create_datetime": "2021-11-01 00:43:48+08:00", "content": "## 咨询信息\r\n\r\n微信号：zhangwei_xi （加微信的话请备注下来源）\r\n\r\n简历发邮箱: mihaha@foxmail.com ( 备注岗位 )\r\n\r\n## 岗位 jd 详情（进去找适合自己的岗位）\r\n\r\n[社招所有岗位、进去关键字搜索、点击直达、包含内推码]( https://app.mokahr.com/recommendation-apply/mihoyo/26460?recommendCode=NTAFP2P&hash=%23%2Fjobs%3Fkeyword%3D)\r\n\r\n[校招所有岗位、进去关键字搜索、点击直达、包含内推码]( https://app.mokahr.com/recommendation-apply/mihoyo/24513?recommendCode=NTAFP2P&hash=%23%2Fjobs%3Fkeyword%3D)\r\n\r\n## 一些福利信息\r\n\r\n- 普遍 16 薪（工作表现优秀的同学，无上限）\r\n- 六险一金（全额五险一金 + 商业医疗保险）\r\n- 每年 2 次调薪机会，4 月和 10 月\r\n- 年度海外旅游、4 月份开始改成补充公积金+国内旅游\r\n- 定期团建费用\r\n- 大小节日礼品丰厚\r\n- 高于法定标准的年假\r\n- 免费体检福利（本人+家属）\r\n- 多路线免费班车\r\n- 加班可调休或换薪，打车全额报销\r\n- 多张免费咖啡券 /月（公司有多个内部咖啡社）\r\n- 提供免费晚餐，水果，零食饮料无限供应\r\n- 无加班文化（早 10 晚 7 ），内部各种社团\r\n- [更多第一视角的公司福利可以 参考知乎：]( https://www.zhihu.com/question/58054117)\r\n\r\n## 岗位汇总图\r\n\r\n### 国内最新社招岗位\r\n\r\n![]( https://gocn.oss-cn-shanghai.aliyuncs.com/photo/gocnzhan/b91872d9-0020-457f-b777-2addceafeed1.jpg?x-oss-process=image%2Fresize%2Cw_1920)\r\n\r\n### 海外社招岗位\r\n\r\n![]( https://gocn.oss-cn-shanghai.aliyuncs.com/photo/gocnzhan/26df212e-db85-472a-9eaf-6b39f2b376b9.jpg?x-oss-process=image%2Fresize%2Cw_1920)", "title": "[米哈游] [上海、新加坡、蒙特利尔、日本、韩国、美国] 11 月最新岗位~", "reply": 1, "click": 1109, "user_id": 443623, "user_name": "addenvex"}