{"id": 202981, "create_time": 1435889680, "create_datetime": "2015-07-03 10:14:40+08:00", "content": "OMG-前端开发工程师（北京） 腾讯\r\n职位描述\r\n参与腾讯网相关产品的前端架构设计并负责相应的实现与优化；\r\n参与部分html和css的制作；\r\n参与相关系统文档体系的建立、维护及版本管理；\r\n负责对初级工程师进行技术指导和解惑。\r\n岗位要求\r\n计算机相关专业本科及以上学历；\r\n3-5年web前台开发工作经验；\r\n熟练使用XML/json/ajax,熟练运用多种技术手段；\r\n熟练使用各种脚本调试器、dom查看器等定位问题,熟练使用各种工具检测web服务的性能和定位瓶颈；\r\n熟练掌握代码的编写,掌握测试知识；\r\n扎实的XHTML、JAVASCRIPT功底,熟悉HTML5；\r\n熟悉unicode,能按照前台国际化开发,熟悉NLS或.net相关的国际化开发api,熟悉或使用一个国际化框架或SDK；\r\n良好的独立分析、解决问题能力和团队合作能力。", "title": "[紧急] 腾讯-北京-社招 诚聘 IOS， Android， C++， PHP，前端。T3 以上级别， Base25k-40k 之间，有意向加 QQ3130693638 详聊。", "reply": 0, "click": 1561, "user_id": 124277, "user_name": "Martin312"}