{"id": 505445, "create_time": 1541580403, "create_datetime": "2018-11-07 16:46:43+08:00", "content": "1-2 英语算法要求都很高，难度不比 Google 低\r\n1、基础架构工程师（ Windows)，英语口语必须流利，算法强，8 年以上工作经验，熟悉各种云平台技术\r\n2、系统工程师（精通 Python，类似于 DevOps ），英语口语必须流利，算法强，8 年以上工作经验，技术强\r\n3、安全工程师（这个是另外一家公司的职位），英语有要求，全日制统招本科\r\n\r\n💐💐字节跳动（今日头条） 上海，各种职位都在招聘，非常欢迎小伙伴推荐与自荐,\r\n\r\n\r\n简历请发： fancyfrees@yeah.net\r\n我的微信：18621580540", "title": "[靠谱外企职位（上海）] 招聘：基础架构工程师（Windows)/系统工程师（精通 Python ，类似于 DevOps）/Application Security Engineer", "reply": 0, "click": 1082, "user_id": 221578, "user_name": "fancyfrees"}