{"id": 507340, "create_time": 1542081331, "create_datetime": "2018-11-13 11:55:31+08:00", "content": "[北京][贝壳找房]招聘基础架构工程师 Go 和 PHP\r\n\r\n简历投递 qibing@lianjia.com\r\n现有若干空缺岗位，从初级到高级工程师均有相应的职位\r\n薪资：20~50K\r\n工作方向：\r\n1、IM 即时通讯  高性能的即时通讯服务，日消息量千万级，是负责贝壳平台、链家二手、新房、租赁、海外、商业地产等各业务线商机增长与商机获取的核心功能服务\r\n2、消息推送平台，公司级消息推送平台，每日推送营销信息达千万量级，是负责贝壳平台用户增长的关键平台服务\r\n3、PUSH 与长连服务，底层基础服务，承担公司平台内各业务线底层数据通道，稳定性是关键\r\n\r\n岗位职责：\r\n1. 消息服务的研发和系统优化\r\n2. 基础服务新项目的设计、研发\r\n\r\n要求：\r\n1. 熟悉 Go 或 PHP 语言，良好的编程素养\r\n2. Linux 平台下高可用高性能基础服务架构设计与研发经验\r\n3. 学习能力强，热爱技术，Geek 更佳\r\n4. 具备相关领域研发经验优先\r\n\r\n福利：\r\n每年 2 次绩效奖金和升职机会，薪资普涨，员工购房租房服务费折扣，带薪年假，五险一金+补充商业医疗保险，免费早午晚三餐，免费水果咖啡，班车，娱乐室，行政福利等等等等 \r\n\r\n简历投递 qibing@lianjia.com 。", "title": "[北京][贝壳找房]招聘基础架构工程师 Go 和 PHP", "reply": 16, "click": 2378, "user_id": 53505, "user_name": "qbhust"}