{"id": 369456, "create_time": 1497838610, "create_datetime": "2017-06-19 10:16:50+08:00", "content": "## 工作内容\r\n1. 新零售方向的前端产品研发。\r\n2. 优化现有的技术架构和性能，探索并最佳实践新技术。\r\n## 岗位要求\r\n1. 计算机基础扎实。\r\n2. 优秀的编程和解决问题的能力。\r\n## 团队\r\n极具创业氛围 ，工程师文化。\r\n![团队]( http://b.yzcdn.cn/liwei/WechatIMG142.jpeg)\r\n## 薪资待遇\r\n15k~30k\r\n## 联系方式\r\n欢迎发送简历至： liwei@youzan.com，1 小时内回复。", "title": "[深圳][有赞]招聘高级前端工程师", "reply": 0, "click": 1105, "user_id": 236094, "user_name": "vinny2117"}