{"id": 505218, "create_time": 1541546335, "create_datetime": "2018-11-07 07:18:55+08:00", "content": "## About Us\r\n\r\n\r\nFeedMob 是一家创建于美国、快速成长中的移动互联网广告服务商，通过精准地投放广告，帮助移动端应用快速获得有效用户, 目前团队成员分布在美国、苏州、武汉、长沙、义乌、 南京、 黄山、山东等地区, 已由初建的 3 人团队扩充到现在的 10 多人。随着接下来业务量的进一步增加, 我们又需要招聘新的小伙伴了。\r\n\r\n## 职位\r\n\r\n### DBA ( 1 人 )\r\n\r\n主要工作内容包括： 优化和完善现有的数据库架构 协助开发人员优化现有业务层面统计和分析 重构部分子系统的数据查询，给出解决方案 日常的数据库维护: 包括数据库的备份恢复、性能优化、日志分析、数据迁移、解决突发和疑难问题 数据库权限的分配和管理工作 制定、完善数据库运维流程、文档\r\n\r\n要求： \r\n- 两年以上 PostgreSQL / MySQL 数据库管理和维护经验 \r\n- 精通 PostgreSQL 熟悉 PG 相关中间件 \r\n- 熟悉 AWS \r\n- 熟悉 Shell, Python 或 Ruby 脚本语言\r\n- 具备开发能力优先\r\n\r\n### 中级 / 初级 Ruby Developer ( 3 人)\r\n\r\n主要工作内容包括： 完善数据分析平台 数据监控 子系统构建 外部 API 搭建 客户 portal 定制 要求：\r\n\r\n- Ruby on Rails 一年及以上工作经验\r\n- 熟悉 PostgreSQL 或类似关系型数据库\r\n- 熟悉 ElasticSearch\r\n- 能根据需求独立完成功能模块的设计, 熟悉常用的设计模式\r\n- 良好的英文阅读能力\r\n- 基本的英语听说能力，能进行日常的沟通\r\n- 熟悉 Linux, Nginx, Git, Redis, AWS\r\n- 熟悉 MiniTest / Rspec\r\n- 有过大数据处理相关经验的优先\r\n\r\nP.S. 初级职位会适当降低要求\r\n\r\n## 工资及福利待遇：\r\n\r\n- 按月结算\r\n- 社保补贴\r\n- 季度福利\r\n- 国外旅行, 团建活动等。\r\n\r\n## 如感兴趣，请将 PDF 版本的简历投递至 tech@feedmob.com ，并注明来自 V2EX \r\n\r\n## 谢谢！", "title": "[远程] FeedMob 诚招 DBA 和 Ruby Developer", "reply": 0, "click": 936, "user_id": 92003, "user_name": "springwq"}