{"id": 819850, "create_time": 1638522245, "create_datetime": "2021-12-03 17:04:05+08:00", "content": "我们的优势：\r\n1：hc 超多。\r\n2：不怎么考算法\r\n3：传统点的 IT 公司，比如金蝶、用友也可以\r\n4：不是很忙。\r\n5：前端，后端，测试均可\r\n要求：\r\n1：2 年以上工作经验\r\n2：本科学历。\r\n薪资范围：25 ～ 45k 15 个月\r\n\r\n有意简历发送 \r\ndonghang.yff@bytedance.com", "title": "[广州][字节跳动]开发工程师-飞书人力套件", "reply": 1, "click": 290, "user_id": 516265, "user_name": "sky123jk"}