{"id": 356246, "create_time": 1492685323, "create_datetime": "2017-04-20 18:48:43+08:00", "content": "“上海-陆家嘴软件园”靠谱互联网公司（不加班） 急聘 ：资深后台开发工程师（ Python/Go/Node.js ）， \r\n\r\n3 年以上工作经验，欢迎推荐与自荐， \r\n工作时间：早上 10 点-下午 7:00 ， \r\n薪水 OPEN ，希望平时对算法有一定的研究。 \r\n\r\n\r\n简历请投： fancyfrees@yeah.net ， \r\n\r\n我微信： fancyfrees", "title": "“上海-陆家嘴软件园” ：资深后台开发工程师（ Python /Go/Node.js），猎头职位", "reply": 0, "click": 1378, "user_id": 221578, "user_name": "fancyfrees"}