{"id": 503440, "create_time": 1541058658, "create_datetime": "2018-11-01 15:50:58+08:00", "content": "武汉头条目前开放了很多紧急 HC，欢迎有技术热情优秀的你加盟，邮箱:442451925@22.com ，个人微信：\r\n\r\nlee123abc，简历有发必回，帮你一直跟踪简历状态，盯流程，不懂的尽情问！\r\n\r\n级别：参考腾讯，希望你的技术能达到腾讯 T2.3 及以上，本科 3 年以上，最好 985/211，最好有 1-2 段大厂背景\r\n\r\n薪酬福利：\r\n\r\n1、年终奖：3 个月年终奖（产品、战略基数为 6 个月），超过一半的童鞋都可以拿到 15 个月，部分童鞋拿的\r\n\r\n更多，少部分童鞋拿不到 15 个月；\r\n\r\n2、调薪：每年两次，上半年下半年各有一次调薪机会；\r\n\r\n3、基本工资和绩效工资，提供房补，下午茶吃吃吃吃不停~~~\r\n\r\n\r\n目前紧急职位有：资深后台开发 /leader    资深 iOS 开发 /leader  资深 Android 开发 /leader  前端开\r\n\r\n发 /leader     高级产品经理等职位，有兴趣的朋友赶紧联系我吧  442451925@qq.com", "title": "头条武汉研发中心火热招聘中~~~~~~", "reply": 2, "click": 1281, "user_id": 226718, "user_name": "qingbao1991"}