{"id": 194612, "create_time": 1432868776, "create_datetime": "2015-05-29 11:06:16+08:00", "content": "tag Design 泰格优思，创建于2011年12月，是一间小而美的设计公司，更是一间热爱科技、富有艺术人文气息的文化公司。\r\n一方面，我们用数字化和移动化的媒体与技术平台，来做传统文化与当代科技之间的媒介与桥梁。用精美设计与优秀易用的体验把悠久深厚的文化与艺术传递到用户手中，用符合现代人的信息接受方式、审美交互习惯来传播和传承文化。\r\n\r\n另外一方面，我们作为一间设计公司，为嘉德拍卖、一席、ONE一个、卜石等品牌和产品提供高品质的设计和咨询服务。\r\n\r\n\r\n也许你不知道tag Design，但是你或许听说过“榫卯”这款应用，\r\n\r\n2014年我们设计开发了移动应用“榫卯”，请跟我们一起简短回顾榫卯\r\n2013年末tag团队开始启动，着手设计开发这款反应中国传统建筑和家具结构的移动应用，\r\n2014年6月5日 榫卯App发布\r\n2014年6月12日 第一次App Store官方推荐\r\n2014年7月4日 第二次App Store官方推荐\r\n当天苹果公司带领12家中国媒体到访tag Design，行程作为Apple China developer Day 第二站\r\n2014年9月，苹果公司发布iPhone6，榫卯被用作苹果中国官方网站屏幕示范应用\r\n2014年9月23日，tag Design受邀请于北京国际通信展主题论坛演讲\r\n2014年9月25日，Android版榫卯发布\r\n锤子应用商店推荐\r\n小米应用商店推荐，一周被下载60万次\r\n2014年9月29日，tag Design受邀请于北京设计周主题讲座\r\n2014年12月12日，应苹果邀请上海iapm苹果零售店开展主题分享，在苹果Podcast官站可以找到\r\n2014年12月，入选App Store 2014年度精选优秀App\r\n\r\n2014年豌豆荚年度设计奖\r\n2014年小米年度最佳应用\r\n极客公园2014互联网创新50产品入围\r\n\r\n榫卯截至目前被下载超过200万次\r\n\r\n\r\n这只是开始，2015年，tag Design会继续设计开发出新的富有中国传统文化精髓与现代科技美感相结合的作品；折扇、iPad版本榫卯、毛笔等，同时也继续为嘉德、一席App、ONE一个、卜石艺术馆等优秀客户提供高品质产品／设计服务。\r\n\r\n团队与人是根本，我们渴望能跟一些有追求有梦想的人一同前行，一起打造美的、值得自豪的好产品！\r\n\r\n\r\n\r\n\r\n我们目前空缺的职位如下：\r\n\r\n设计师\r\n工作3年以上\r\n有移动产品设计开发经验，\r\n三观正、有审美、颜值高加分啊！\r\n有学习能力、有自驱能力、开放又严谨\r\n\r\niOS开发工程师\r\n2年以上工作经验，\r\n有深度思考力\r\n开放和团队意识\r\n有标准和审美（这个你来tag也会逐渐有）\r\n其他的不废话\r\n\r\nAndroid开发工程师\r\n2年以上工作经验\r\n有标准和审美（尽管安卓系统有些乱，但是未来会好的，要坚信） \r\n其他也不废话\r\n\r\n\r\n产品／设计／实习生\r\n艺术或设计相关专业\r\n社会或心理学专业\r\n\r\n\r\n薪酬福利面谈，\r\n\r\n期待优秀的你来信：\r\n\r\n\r\n来信邮箱： tag@taguxdesign.com\r\nwww.taguxdesign.com", "title": "榫卯 App 团队 tag Design 招聘设计师、iOS 工程师、Android 工程师、产品／设计实习生、地点北京", "reply": 13, "click": 3116, "user_id": 2281, "user_name": "brainempty"}