{"id": 201381, "create_time": 1435301906, "create_datetime": "2015-06-26 14:58:26+08:00", "content": "一: 产品是一个类似图片分享的社交软件。\r\n二: 与人们最根本的需求：穿衣直接相关。\r\n三: 目前团队成员均来自知名创业项目团队，并拥有两次以上创业经验。\r\n四: 目前项目进度预计8月初iOS版上线。\r\n五: 我们已经积累了丰富的渠道和有效的合作资源，以便在上线初期进行原始积累和爆发。\r\n六: 项目目前已经与资本市场亲密接触，并在angelcrunch众筹融资，在3W coffee私密路演等。不断有机构和天使约见。\r\n七: 天使轮估值2000w人民币，项目即：fitting.angelcrunch.com\r\n\r\n上面列出了我们项目的大概现状，项目正在开发，8月初上线。\r\n\r\n目前我们需要一位或几位iOS前端和后端工程师成为我们的小伙伴全职加入我们， 以保证产品上线后的迭代。加入形式从股权、期权、到薪金等各种形式均可以商谈。因为是初创团队，我们为技术开发人员留了大比例的股份，是一次很好的创业机会！\r\n\r\n我们办公地点位于北京海淀区魏公村，如果小伙伴们有兴趣，随时可以约见！在这里留言或者加我微信（Jhyson）都可以！期待见面~CTO们~", "title": "[北京] 初创团队，寻志同道合的小伙伴！（项目开发中， 8 月初上线）", "reply": 5, "click": 1866, "user_id": 121245, "user_name": "jhyson"}