{"id": 835088, "create_time": 1645276681, "create_datetime": "2022-02-19 21:18:01+08:00", "content": "目前各种程序，策划，美术，项目管理等等岗位都有 hc 。\r\n\r\n内推方式：\r\n\r\n到这里找到自己心仪都岗位，保存链接： https://hr.163.com/ （不要投递，与内推冲突）\r\n发送信息到邮箱 2723678359@qq.com ，需要的信息为：** [心仪岗位链接] ， [简历] ** 邮件名规则：姓名+邮箱+手机（ PS ，最好不要用 gmail ，内推系统不怎么支持 gmail ）\r\n内推条件： 半年内没有投递过对应岗位，大部分岗位本科以上 内推好处： 大部分岗位免笔试，随时查看进度等\r\n\r\nPS：补充规则，如果面试不通过，走完流程可以立即内推其他部门的岗位（没有冷却期）。PS：补充规则 2 ，岗位链接右上角有个日期，最好找个比较近期的日期。\r\n\r\n一般一周内没联系就无了，也可以随时发邮件咨询，楼主会尽快回复～\r\n\r\n如果有需要，也可加微信咨询（可能不及时，可以邮件咨询）：c2hlemhhbmdxaXU=（字串 base64 解码，请注明 V2EX ）\r\n\r\n欢迎各位大佬砸简历～～", "title": "[北上广深杭] 网易员工内推，非 hr 非猎头~", "reply": 0, "click": 740, "user_id": 490617, "user_name": "zzzzming"}