{"id": 511650, "create_time": 1543221203, "create_datetime": "2018-11-26 16:33:23+08:00", "content": "职位诱惑：\r\n上升空间,期权,奖金,年度旅游\r\n职位描述：\r\n\r\n公司简介：\r\n\r\n      HonestNode 致力于打造一个合规安全的稳定币，并围绕其建立丰富的应用场景和工具，为用户提供一个同时在数字货币领域和现实世界中真正有应用价值的稳定币。\r\n\r\n      HonestNode 团队兼具金融、技术、互联网、区块链的经验和背景，由数位成功的连续创业者以及来自 Google、鼎晖、瑞银、阿里、腾讯、Uber 等公司的成员构成。团队成员都非常 Nice&有趣，氛围轻松自由。\r\n\r\n      目前公司已获得包括 PreAngel、BlockVC、CryptoDiva、薛蛮子、启明创投邝子平、红杉中国创始人张帆、A 股上市公司步长制药、慈铭体检、摩根大通 Alex Antebi、Infoseek 创始人 Steve Kirsch 等在内的天使投资。\r\n\r\n\r\n\r\n职位诱惑：\r\n\r\n上升空间，期权，奖金，年度旅游\r\n\r\n \r\n\r\n职位描述：\r\n\r\n1. 负责 HonestNode 平台后台业务需求开发与维护\r\n\r\n2. 参与区块链相关技术应用与开发\r\n\r\n3. 参与系统架构设计\r\n\r\n4. 参与系统性能调化\r\n\r\n \r\n\r\n职位要求： \r\n\r\n1. 掌握 Java 编程基础，对多线程、异步、并发编程有深入理解\r\n\r\n2. 掌握网络编程，熟悉 TCP/UDP/HTTP 等常用网络协议，熟悉 JAVA NIO\r\n\r\n3. 熟悉主流关系数据库 Mysql，有 NoSql 使用经验或 SQL 调优经验优先\r\n\r\n4. 熟悉 Linux 系统，熟练掌握常用命令\r\n\r\n5. 对设计模式有较深入的理解和实践\r\n\r\n6. 良好的沟通能力、学习能力、动手能力以及团队合作能力\r\n\r\n7. 熟悉区块链技术、分布式架构、消息中间件、缓存技术者优先\r\n\r\n \r\n\r\n工作环境：\r\n\r\n高大上的国贸地区写字楼，服务式＋开放式办公环境，全天免费咖啡啤酒，不定期早餐下午茶供应。\r\n\r\n \r\n\r\n工作地址\r\n\r\n北京 - 朝阳区 - 国贸 - 金桐西路 10 号光华国际 AB 座\r\n\r\n简历发给 cathychen@honestnode.io 标题附带名字和岗位", "title": "北京国贸 - Java 后台工程师 - 20k-40k/m", "reply": 0, "click": 957, "user_id": 357001, "user_name": "cathychen"}