{"id": 497836, "create_time": 1539595708, "create_datetime": "2018-10-15 17:28:28+08:00", "content": "说下背景\r\n1.国庆节期间，6.7 号为了配合公司产品生产，加了两天班\r\n2.然后又连接正常工作日工作了五天，期间完成了一个小程序设计，一个儿童版 APP 设计\r\n3.周六为了生存进度，顶着感冒，一样来配合生产。\r\n4.到周六下午三点多的时候，部门领导来让我回自己座位做自己的本职工作，一起配合生产的同事回了句：“我们这是有任务的，没完成任务走不开！要让他回去你要和 xxx （生产主管）说下！”\r\n5.然后这位部门领导估计觉得折了面子，马上回到位置上，在部门微信群（老板和各个 BOSS 都在）发出一个需求，并且要求星期一完成。\r\n6.我回到位置，看过这个二十多页的需求后，就跑去和部门领导说：这个需求周一我不做完。好么，刚说完，这货就冲我吼了：这做不了，那做不了，是不是 xx （老板）给我的任务我也要说做不了？做的了做不了你先那点诚意出来啊！\r\n\r\n然后我也火了，老子连续上班八天，天天忙成狗，感冒还特么来加班配合生产，现在因为你被折了面子故意给一个不可能完成任务的工期为难老子，老子还和和气气的找你商量，你倒特么蹬鼻子上脸冲老子吼了？\r\n秉承要么忍，要么滚的宗旨，现向各位大佬求 UI 设计坑位，作品链接： https://dribbble.com/leaf0-0，有意者留下邮箱，我发简历！", "title": "深圳 UI 设计师求一坑位", "reply": 6, "click": 1269, "user_id": 259428, "user_name": "leaf00"}