{"id": 207740, "create_time": 1437619181, "create_datetime": "2015-07-23 10:39:41+08:00", "content": "”品味二维码”\r\n\r\nhttp://www.pinweima.com\r\n\r\n是一个吸引眼球，提高扫码欲望的二维码。\r\n\r\n照片广告图：\r\nhttp://s14.sinaimg.cn/mw690/005MrJExzy6U3ycF63zed&690\r\n\r\n下面正式来说说招聘要求啦~\r\n\r\n#iOS高级工程师#\r\n\r\n1、2年以上iOS开发工作经验。\r\n2、丰富的iOS项目经验。\r\n3、责任心和良好的沟通能力。\r\n\r\n\r\n公司地址：北京市海淀区知春路甲48号 \r\n\r\n薪资福利：期权股票、14薪、五险一金、免费早晚饭、无限零食、20-50K/月 \r\n优秀者，可获股权10~15%。公司扁平化管理。\r\n配备鼓励师\r\n\r\n简历请发至 eric@pinweima.com", "title": "[品味二维码] 北京招聘 ios 20k-50k Leader 坐标北京海淀", "reply": 0, "click": 1106, "user_id": 128350, "user_name": "mashangsao"}