{"id": 356483, "create_time": 1492767307, "create_datetime": "2017-04-21 17:35:07+08:00", "content": "服务端高级工程师（ Python 方向）\r\n\r\n岗位职责： \r\n\r\n1 、参与 / 负责 Python Web Service 的开发，为用户提供稳定可靠的服务 ；\r\n\r\n2 、参与 / 负责对用户的行为分析，研发数据分析平台，个性化推荐系统等 ；\r\n\r\n3 、参与 / 负责研发人工智能的数据抓取、机器学习的自动化信息提取系统 ；\r\n\r\n4 、参与 / 负责消息推送系统的需求调研和分析、设计、研发等 。\r\n\r\n岗位要求： \r\n\r\n1 、 3 年以上实际 Python 项目开发实施工作经验 ；\r\n\r\n2 、熟悉 Python Web 开发框架如 Flask , Django 等 ；\r\n\r\n3 、熟悉 MySQL , Redis , MongoDB 等数据库； \r\n\r\n4 、有使用 Hadoop , Hive , Impala , ElasticSearch 等数据处理经验者优先 ；\r\n\r\n5 、了解前端 HTML , JavaScript , Ractjs 技术 ；\r\n\r\n6 、对代码和设计质量有严格要求，重视 Code Review ，知道良好的编程习惯的标准 。\r\n\r\n\r\n============== 岗位分割线================ \r\n\r\n\r\n服务端高级工程师（ PHP 方向）\r\n\r\n岗位职责\r\n\r\n1 、负责功能模块的开发和详细设计，参与需求分析，系统分析及详细设计 ；\r\n\r\n2 、高性能 Web 应用的架构设计和优化 ；\r\n\r\n3 、负责研发实施过程中的模块核心编码、技术文档编写、性能调优等 。\r\n\r\n任职条件：\r\n\r\n1 、 3 年以上 LNMP 开发经验，熟悉面向对象，具备数据库应用系统的规划及设计能力 ；\r\n\r\n2 、具有大型网站构架和性能优化经验，熟悉各种 Web 技术，对 Web 安全有丰富的经验 ；\r\n\r\n3 、熟练使用 MySQL 、 MongoDB 等 ；\r\n\r\n4 、熟练使用 Memcached 、 Redis 等 ；\r\n\r\n5 、熟练使用 Vim ， Git 等开发工具 ；\r\n\r\n6 、熟悉 Linux ，能熟练应用一门以下语言： C/C++/Shell/Python/Java/JavaScript/Golang/Nodejs 等 。\r\n\r\n加分项 \r\n\r\n1 、在开源社区活跃并有给开源项目共享过代码（简历请附上 Github 地址）；\r\n\r\n2 、熟悉 Thrift 、 Protocol 、 Buffers 等 。\r\n\r\n\r\n============== 岗位分割线================ \r\n\r\n\r\n测试开发工程师 \r\n\r\n岗位职责\r\n\r\n1 、负责 Android 、 iOS 客户端产品质量保证，制定测试计划、测试方案，编写测试用例、 BUG 提交和追踪，提交测试报告 ；\r\n\r\n2 、根据项目测试需要，开发测试工具和、自动测试脚本、测试平台，进行自动测试，提升测试效率 ；\r\n\r\n3 、根据 Android 、 iOS 客户端开发流程和工具进行优化，协助开发定位问题，提供高效的持续集成工具，提升交付效率和质量 ；\r\n\r\n任职条件\r\n\r\n1 、 2 年以上 Web 或 App 软件测试工作经验 ；\r\n\r\n2 、熟悉软件测试理论、测试流程，能够编写测试计划以及制定测试用例 ；\r\n\r\n3 、熟悉 HTTP 协议、 Web 架构、 RESTful API 及互联网应用的工作原理 ；\r\n\r\n4 、熟练使用任意一种常用的自动化测试工具（ QTP 、 LoadRunner 、 Selenium 、 Jmeter 等），缺陷管理跟踪软件（禅道、 Jira 、 QC ）；\r\n\r\n5 、至少熟悉一种脚本语言，如 PHP/Python/Ruby/Shell 等 ；\r\n\r\n加分项目：\r\n\r\n1 、 Android 领域：熟悉 Gradle 、 Junit 、 calabash-android 、 Appium 等测试工具 ；\r\n\r\n2 、 iOS 领域：熟悉 UI Automation 、 Appium 等测试工具 ；\r\n\r\n3 、提供 Github 账号、技术 Blog 链接等 ；\r\n\r\n4 、有视频相关行业测试经验者 ；\r\n\r\n\r\n============== 岗位分割线================ \r\n\r\n\r\n算法工程师 \r\n\r\n岗位职责：\r\n\r\n1 、基于用户行为数据进行建模、分析和挖掘，配合产品进行改进 ；\r\n\r\n2 、基于用户画像及内容模型进行推荐系统相关设计和实现 。\r\n\r\n职位要求：\r\n\r\n1 、本科以上学历，理工科相关专业优先 ；\r\n\r\n2 、扎实的数据结构和算法基础，熟练 C/C++/Java/Python 等开发语言之一及其他常用脚本语言 ；\r\n\r\n3 、深入理解逻辑回归、决策树、协同过滤、 贝叶斯等数据挖掘算法 ；\r\n\r\n4 、有推荐系统、个性化搜索等相关工作经验优先 ；\r\n\r\n5 、产品理解力强，并能结合产品状态、产品需求配合相关开发工作 。\r\n\r\n\r\n============== 岗位分割线================ \r\n\r\n搜索产品经理 \r\n\r\n岗位职责：\r\n\r\n1 、用户研究：通过用户行为数据分析、竞争产品跟踪，用户调研等方法深入理解用户需求 ；\r\n\r\n2 、垂直场景探索：独立负责垂直场景的搜索体验提升 ；\r\n\r\n3 、项目管理：准确把握项目目标和周期，协调各方资源，保证项目按时完成 。\r\n\r\n职位要求：\r\n\r\n1 、热爱互联网，热爱 O2O 行业和搜索推荐，热衷于满足用户需求 ； \r\n\r\n2 、逻辑清晰，对数据敏感 ；\r\n\r\n3 、优秀的沟通能力和学习能力，市场洞察能力较强、执行能力强，有创新精神，抗压能力强 ； \r\n\r\n4 、追求极致的用户体验，注重数据驱动，强烈的结果导向意识 ； \r\n\r\n5 、本科及以上学历 。\r\n\r\nresume to  enViaW4uamlhbmdAZ21haWwuY29t  =>  base64 (你懂得~~~~)\r\n\r\nwx：jiangzubin2011\r\n\r\n公司简介见： https://www.v2ex.com/t/351385", "title": "[北京 | 雍和宫四合院]「App 精品」「半糖」招 [ Python / PHP /测试开发/PM/数据分析工程师] 伙伴啦~~~", "reply": 1, "click": 1623, "user_id": 56265, "user_name": "jiangzubin"}