{"id": 831835, "create_time": 1643935695, "create_datetime": "2022-02-04 08:48:15+08:00", "content": "# 我们是谁\r\n观远数据，一家总部位于杭州的数据智能软件公司，在短短的 4 年时间里已经做到了零售消费领域 AI+BI 企业级智能软件的领军者位置，服务了包括联合利华，百威英博，沃尔玛，LVMH ，全家等行业头部客户，并受到了顶尖资本机构包括红杉，线性，襄禾的青睐。\r\n\r\nhttps://www.guandata.com/\r\n\r\n---\r\n\r\n# 岗位：高级算法工程师\r\n# 岗位描述\r\n* 熟练掌握各种主流机器学习算法的基础上，分析不同的客户业务需求，针对场景特点，寻找并构建有效的行业解决方案；\r\n* 对业界的机器学习算法应用有广泛了解并且能够跟踪最新进展；\r\n* 针对行业机器学习相关方面的核心算法，进行研究工作；\r\n* 承担模型开发与后续的迭代升级工作。\r\n\r\n---\r\n\r\n\r\n# 岗位要求\r\n* 拥有计算机科学、统计或相关学科学位，或在大数据领域有工作经验；\r\n* 在机器学习领域有 3-5 年研发经验并有项目落地；\r\n* 良好的沟通能力和团队合作精神，有一定的组织协调能力；\r\n* Coding 能力较强，主导过项目算法核心模块工程化实现优先；\r\n* 有独立带项目经验者优先\r\n\r\n# 薪资范围 \r\n20K~45K * 15\r\n\r\n---\r\n\r\n\r\n有兴趣的同学欢迎邮件沟通 xiangqiaorui@guandata.com", "title": "[内推.社招.算法工程师 20-45k] 杭州 观远数据", "reply": 0, "click": 619, "user_id": 197612, "user_name": "fangchang"}