{"id": 204195, "create_time": 1436334977, "create_datetime": "2015-07-08 13:56:17+08:00", "content": "朋友没有账号，我代发一条招聘消息。\r\n\r\n============================\r\n\r\n公司是北京朝阳区的一家互联网公司，目前已经上市，算是垂直行业里面的巨头。员工福利待遇都还不错，五险一金齐全，还有额外的商业保险，公司自有食堂，班车，节假日的一些礼物礼金都有，非常适合姑娘来此工作。\r\n\r\n招聘部门助理一人，负责部门的会议安排，团建活动，行政报销，财务审批，oa系统流程等，做过的应该都知道具体有哪些事情。工作不是很累，很多事情公司有统一流程，只要按照规定跟进就好了。很多事情也都是有接头人的，不需要亲历亲为。几乎不用加班。\r\n\r\n要求性别女，1年+工作经验（hr，行政，部门助理，秘书或者类似经历都可以），脾气比较好，与人和善，沟通能力肯定要好，而且最好有策划活动的能力（节假日或者团建活动等）。其他的没啥具体要求。\r\n\r\n团队是公司核心的研发团队，90%以上都是研发测试产品人员，所以人都比较简单，易于沟通，而且团队氛围融洽，工作非常好开展，所以不懂担心。\r\n\r\n简历请投递 1063957721@qq.com", "title": "北京中型互联网公司招行政/部门助理一人", "reply": 0, "click": 1266, "user_id": 4810, "user_name": "flied"}