{"id": 205116, "create_time": 1436679640, "create_datetime": "2015-07-12 13:40:40+08:00", "content": "并不确定。\r\n因为我不知道能否招到一位称心如意的视频制作者，就像上一条微博说的一样，宁缺毋滥。\r\n我希望呈献给大家的，是精美的视频。是不差于国内任何手机评测画面效果水平的精美。\r\n\r\n继续做视频，画面和文字保持之前的水平，其实远远不够。\r\n1，也是之前视频暂停的首要原因。我自学时间加起来不到一个小时的iMovie和FCP操作，实在不够看了。羞于提起，但不得不面对。我之前的视频画面太粗了，虽然自诩认真整洁，但是画面的档次效果与同类视频有着越来越明显的差距。观看者花了时间，理应看到更好的画面。一辆车只有发动机是不够的，外形内饰人机工学一样重要。所以，我需要一个牛逼的你。\r\n2，黔驴技穷，江郎才尽。几年间对手机的认知和感悟，十几个视频已经消耗大半。无论是评测还是辣评，我一直希望每句台词都是有意义的，尽量不去浪费观看者的时间；我一直希望每个视频都是欢乐的，因为大家忙碌一天晚上坐在家里已经很疲惫了，要的是一份欢乐而不是上课。所以，我需要一个更好的我。\r\n\r\n一年多的时间，看了很多，读了很多，经历了很多，也成长了很多。\r\n我感觉我这艘出海后急需返航大修瓦特了的小船已经进化的差不多，动力更足，外形更霸，吨位更大，是时候再次出航了。这次我一个人开不动了，需要一个技术型的你。\r\n我来解决2，你来解决1。\r\n\r\n一年多的时间，我的优酷频道里变化很小，而现实世界里，我经历很多。\r\n公司运行的更加有序，人员更加齐备，之前合伙人小八遇到了一些身体状况，如今也接近痊愈（不是你想的那样，讨厌）。我也有了更充足的时间来写稿，润色，录音。\r\n万分荣幸的是，终于迎娶女王，组建了自己的小家庭。她也偶尔间提起，你还是做几个视频吧，别人等着看呢。每当这个时候，我总是语焉不详。因为那个时候我知道我还没有准备好，而现在，我准备好了。\r\n\r\n我在这里等你。招聘要求参见[http://weibo.com/2244925365/CqGMczJY4](http://weibo.com/2244925365/CqGMczJY4) 有意向的可以回复此微博~ 只需要一个人，咱俩足够。\r\n\r\n如何联系到我是你的第一个小课题。私信淘宝小店客服胖十帮我看，他已经承诺会把下一个小伙伴扼杀在摇篮中，到7dic.com的旺旺也找不到我，九姑娘已经保证坚决不传递非购物信息。\r\n\r\n希望我能找到你。\r\n\r\n淘宝店:[http://7dic.com](http://7dic.com)\r\n\r\n优酷频道:[http://i.youku.com/u/UNTI0MDg2Mzk2](http://i.youku.com/u/UNTI0MDg2Mzk2)\r\n微博:[http://weibo.com/7moblie7](http://weibo.com/7moblie7)", "title": "[深圳] 老七又要做视频了么？ 诚聘一位称心如意的视频制作者", "reply": 17, "click": 2445, "user_id": 41874, "user_name": "kawaiiushio"}